theta_obs_over_theta_c,time_s,frequency_hz,reference,candidate,relative
0.0,1000.0,10000000000.0,4.488285876446736e-26,4.5649700767678566e-26,0.017085409092040704
0.0,1333.521432163324,10000000000.0,5.027821858121781e-26,5.0257996591522375e-26,-0.00040220179366079467
0.0,1778.2794100389228,10000000000.0,5.724257599946407e-26,5.705801134312316e-26,-0.0032242549032497347
0.0,2371.373705661655,10000000000.0,6.512094714128859e-26,6.77152503952027e-26,0.0398382297524853
0.0,3162.2776601683795,10000000000.0,7.394670249754504e-26,7.186355089552085e-26,-0.028170987098354416
0.0,4216.965034285822,10000000000.0,8.286195231014679e-26,8.496632243490579e-26,0.025396096351706587
0.0,5623.413251903491,10000000000.0,9.110481719990866e-26,9.113195186022268e-26,0.00029784001711430363
0.0,7498.942093324558,10000000000.0,9.896961694291477e-26,9.922900293013224e-26,0.0026208648192209694
0.0,10000.0,10000000000.0,1.0516952347344376e-25,1.0611074417520586e-25,0.008949557539830177
0.0,13335.21432163324,10000000000.0,1.1219823446582988e-25,1.1315065690014842e-25,0.00848874707211733
0.0,17782.794100389227,10000000000.0,1.2682278135883117e-25,1.272843304178096e-25,0.0036393229515485626
0.0,23713.737056616552,10000000000.0,1.4777247517965148e-25,1.4733279785787022e-25,-0.002975366835039739
0.0,31622.776601683792,10000000000.0,1.7144743341827357e-25,1.7225391088855279e-25,0.004703934344188587
0.0,42169.65034285822,10000000000.0,1.9233342076950816e-25,1.9296650043434758e-25,0.0032915738840733066
0.0,56234.13251903491,10000000000.0,2.055014354868943e-25,2.0638915143083198e-25,0.0043197554403180405
0.0,74989.42093324558,10000000000.0,2.1047724365132986e-25,2.1144170566445484e-25,0.004582262654116986
0.0,100000.0,10000000000.0,2.0543762353366639e-25,2.0622018697436925e-25,0.003809250843356926
0.0,133352.1432163324,10000000000.0,1.8852973135946092e-25,1.8574423680351046e-25,-0.01477482907265959
0.0,177827.94100389228,10000000000.0,2.0255170234371356e-25,1.9645818597140238e-25,-0.030083757884053597
0.0,237137.37056616554,10000000000.0,2.2227886520279556e-25,2.168983771030599e-25,-0.02420602649211301
0.0,316227.7660168379,10000000000.0,2.076126967055303e-25,2.03948051770971e-25,-0.017651352700057132
0.0,421696.5034285822,10000000000.0,1.7728953160435002e-25,1.74885962609898e-25,-0.013557309180645682
0.0,562341.3251903491,10000000000.0,1.525993658740438e-25,1.5091555442978287e-25,-0.01103419686324747
0.0,749894.2093324559,10000000000.0,1.3136647219362524e-25,1.303734441394785e-25,-0.007559219925485139
0.0,1000000.0,10000000000.0,1.393998009575278e-25,1.3875056490569165e-25,-0.004657367136657209
0.0,1000.0,100000000000000.0,7.072348523066559e-25,7.13744337900527e-25,0.009204135758638321
0.0,1333.521432163324,100000000000000.0,7.583129866060201e-25,7.491097930260364e-25,-0.012136405076186851
0.0,1778.2794100389228,100000000000000.0,8.222226888033736e-25,8.1978947949286125e-25,-0.0029593069415946305
0.0,2371.373705661655,100000000000000.0,8.857958193105952e-25,9.20345333530365e-25,0.0390039255848591
0.0,3162.2776601683795,100000000000000.0,9.442671196322563e-25,9.121862374147353e-25,-0.033974371817600546
0.0,4216.965034285822,100000000000000.0,9.834932031804257e-25,1.0093658455994998e-24,0.02630688482178334
0.0,5623.413251903491,100000000000000.0,9.954049948705137e-25,9.922753745720398e-25,-0.003144067303862519
0.0,7498.942093324558,100000000000000.0,9.869018327581779e-25,9.901873159609896e-25,0.003329088156244886
0.0,10000.0,100000000000000.0,9.471636032838664e-25,9.556349763102946e-25,0.008943938509733185
0.0,13335.21432163324,100000000000000.0,8.859176607791334e-25,8.904935834229918e-25,0.005165178262541925
0.0,17782.794100389227,100000000000000.0,8.267714285355198e-25,8.278807229520439e-25,0.001341718373709444
0.0,23713.737056616552,100000000000000.0,7.553028445766939e-25,7.53984771108679e-25,-0.0017450926836554137
0.0,31622.776601683792,100000000000000.0,6.660134530593095e-25,6.6870456230865385e-25,0.004040622958864981
0.0,42169.65034285822,100000000000000.0,5.5470341532639885e-25,5.559742906170272e-25,0.002291089716619954
0.0,56234.13251903491,100000000000000.0,4.279966888654385e-25,4.285393594287687e-25,0.0012679316860342293
0.0,74989.42093324558,100000000000000.0,3.08992364327992e-25,3.0917019383631004e-25,0.0005755142484014097
0.0,100000.0,100000000000000.0,2.080647614521889e-25,2.085135746257035e-25,0.0021570840270217495
0.0,133352.1432163324,100000000000000.0,1.2540523019174303e-25,1.2554147244017925e-25,0.0010864159989811828
0.0,177827.94100389228,100000000000000.0,7.362172499758898e-26,7.370368645317384e-26,0.001113278119842409
0.0,237137.37056616554,100000000000000.0,4.334841100564811e-26,4.339828811717232e-26,0.001150609915498535
0.0,316227.7660168379,100000000000000.0,2.447231503685451e-26,2.449185708743449e-26,0.000798537063230409
0.0,421696.5034285822,100000000000000.0,1.4475693446550748e-26,1.448858142722186e-26,0.0008903187069206897
0.0,562341.3251903491,100000000000000.0,8.84937915443118e-27,8.85915404331259e-27,0.001104584707110945
0.0,749894.2093324559,100000000000000.0,4.791633854590432e-27,4.796749284755306e-27,0.0010675753448845526
0.0,1000000.0,100000000000000.0,3.1272541211277694e-27,3.1311131003895268e-27,0.001233983268480232
0.0,1000.0,1e+17,5.489639914559039e-25,5.03785682112202e-25,-0.0822974002791782
0.0,1333.521432163324,1e+17,4.517619854296e-25,4.158381641567457e-25,-0.07951935406582034
0.0,1778.2794100389228,1e+17,3.6083577901868346e-25,3.727165541325226e-25,0.03292571248380538
0.0,2371.373705661655,1e+17,2.790755147433349e-25,2.8302447244397917e-25,0.014150140345619677
0.0,3162.2776601683795,1e+17,2.118996943524546e-25,2.0302435349216325e-25,-0.04188463266742104
0.0,4216.965034285822,1e+17,1.5732449876317874e-25,1.6096080128953784e-25,0.023113390189997363
0.0,5623.413251903491,1e+17,1.1398648599523628e-25,1.147004894198742e-25,0.0062639304861784595
0.0,7498.942093324558,1e+17,8.135629763186265e-26,7.994940099470468e-26,-0.017293026822879476
0.0,10000.0,1e+17,5.690451908457453e-26,5.717730663794128e-26,0.004793776623633672
0.0,13335.21432163324,1e+17,3.8890934053431146e-26,3.934912669827312e-26,0.011781476994419116
0.0,17782.794100389227,1e+17,2.607153080535372e-26,2.630756172051252e-26,0.009053205081088977
0.0,23713.737056616552,1e+17,1.6991009930594957e-26,1.6977351834900777e-26,-0.000803842487878681
0.0,31622.776601683792,1e+17,1.0670781880398437e-26,1.066159127073376e-26,-0.0008612873702872337
0.0,42169.65034285822,1e+17,6.476568171553919e-27,6.489041963031023e-27,0.0019259878297723798
0.0,56234.13251903491,1e+17,3.7572036298892396e-27,3.752996722154321e-27,-0.0011196911717671343
0.0,74989.42093324558,1e+17,2.0921949861287e-27,2.0862297316336838e-27,-0.0028511943363624948
0.0,100000.0,1e+17,1.1443007108461881e-27,1.1461765081246758e-27,0.0016392520433730073
0.0,133352.1432163324,1e+17,6.1347895040336185e-28,6.138657686701662e-28,0.0006305322563229243
0.0,177827.94100389228,1e+17,3.3283702881932035e-28,3.3309756689437346e-28,0.0007827797164796646
0.0,237137.37056616554,1e+17,1.8493696501765504e-28,1.8510574311348618e-28,0.0009126249898987471
0.0,316227.7660168379,1e+17,1.0002784992069251e-28,1.0008628164416753e-28,0.0005841545481719557
0.0,421696.5034285822,1e+17,5.643741287188873e-29,5.647440679960114e-29,0.000655485888348295
0.0,562341.3251903491,1e+17,3.359623786380077e-29,3.3628072540116145e-29,0.0009475667020941714
0.0,749894.2093324559,1e+17,1.7649806739810023e-29,1.766583865952243e-29,0.0009083340089071079
0.0,1000000.0,1e+17,1.1290153116924106e-29,1.1302585079659866e-29,0.0011011332270707275
0.5,1000.0,10000000000.0,3.9689748143219805e-26,4.756704013887946e-26,0.19847170526843794
0.5,1333.521432163324,10000000000.0,4.450346464636544e-26,4.9723876477624707e-26,0.11730349249753558
0.5,1778.2794100389228,10000000000.0,5.075215699637535e-26,5.414856150751671e-26,0.06692138250171165
0.5,2371.373705661655,10000000000.0,5.778389603393242e-26,6.030719497031524e-26,0.043667857475395255
0.5,3162.2776601683795,10000000000.0,6.552823735924233e-26,6.605007267120696e-26,0.007963518217402932
0.5,4216.965034285822,10000000000.0,7.340168191553471e-26,7.055071602071934e-26,-0.03884060719611371
0.5,5623.413251903491,10000000000.0,8.064712802882897e-26,7.66706898998271e-26,-0.04930663033134175
0.5,7498.942093324558,10000000000.0,8.761732015511745e-26,8.147558575142269e-26,-0.0700972637923809
0.5,10000.0,10000000000.0,9.330697709077165e-26,8.604313755618117e-26,-0.07784883575773771
0.5,13335.21432163324,10000000000.0,1.0004416176510568e-25,9.502195317165132e-26,-0.05019991676521851
0.5,17782.794100389227,10000000000.0,1.1381207695804245e-25,1.1129098624061942e-25,-0.022151346191076504
0.5,23713.737056616552,10000000000.0,1.3271410990451522e-25,1.3027754673951933e-25,-0.01835948842778612
0.5,31622.776601683792,10000000000.0,1.5329573136358186e-25,1.4914103065412357e-25,-0.027102520549670772
0.5,42169.65034285822,10000000000.0,1.7262921895461925e-25,1.6959299772965945e-25,-0.01758810729345861
0.5,56234.13251903491,10000000000.0,1.868732843427598e-25,1.8564062791166911e-25,-0.006596215373567027
0.5,74989.42093324558,10000000000.0,1.933200314088308e-25,1.924564492136908e-25,-0.00446711180857251
0.5,100000.0,10000000000.0,1.9279694780947108e-25,1.9314168248099443e-25,0.0017880712088038653
0.5,133352.1432163324,10000000000.0,1.8886434824612212e-25,1.9167497017159704e-25,0.01488169658051186
0.5,177827.94100389228,10000000000.0,1.94740325381715e-25,1.9933080165405595e-25,0.02357229435322683
0.5,237137.37056616554,10000000000.0,2.0863052891030663e-25,2.142116973271495e-25,0.02675144642538041
0.5,316227.7660168379,10000000000.0,2.0303134110858692e-25,2.0711068213861927e-25,0.02009217398534835
0.5,421696.5034285822,10000000000.0,1.7769439615614364e-25,1.8022348692614268e-25,0.014232811077377283
0.5,562341.3251903491,10000000000.0,1.524566188943641e-25,1.5377787943513925e-25,0.008666468864107602
0.5,749894.2093324559,10000000000.0,1.3145011291827462e-25,1.3137052697866223e-25,-0.0006054459585125294
0.5,1000000.0,10000000000.0,1.3716732931502891e-25,1.3667766499979601e-25,-0.003569831953994629
0.5,1000.0,100000000000000.0,6.097520459333017e-25,7.256662494927731e-25,0.1901005569928842
0.5,1333.521432163324,100000000000000.0,6.535880083821959e-25,7.178411325822824e-25,0.09830829723931145
0.5,1778.2794100389228,100000000000000.0,7.099021455825265e-25,7.42996471690023e-25,0.046618151971269395
0.5,2371.373705661655,100000000000000.0,7.6608537750133125e-25,7.855605196348031e-25,0.025421634070333043
0.5,3162.2776601683795,100000000000000.0,8.165110550187658e-25,8.0507404327373925e-25,-0.01400717317264455
0.5,4216.965034285822,100000000000000.0,8.514407731005638e-25,7.953119364547702e-25,-0.06592218556952312
0.5,5623.413251903491,100000000000000.0,8.629616899353187e-25,8.016902029935255e-25,-0.07100139862105082
0.5,7498.942093324558,100000000000000.0,8.578811431515733e-25,7.794740760702085e-25,-0.09139618897942325
0.5,10000.0,100000000000000.0,8.269670189335359e-25,7.520123266300287e-25,-0.09063806728371027
0.5,13335.21432163324,100000000000000.0,7.781632790242151e-25,7.322531607016602e-25,-0.05899805292807492
0.5,17782.794100389227,100000000000000.0,7.3039542323486645e-25,7.147907042880162e-25,-0.021364754556837395
0.5,23713.737056616552,100000000000000.0,6.675097005492639e-25,6.641578728020965e-25,-0.005021391815593579
0.5,31622.776601683792,100000000000000.0,5.885296064808001e-25,5.8553278131630595e-25,-0.005092055066548196
0.5,42169.65034285822,100000000000000.0,4.991962007888268e-25,4.9988279242678635e-25,0.0013753943577186067
0.5,56234.13251903491,100000000000000.0,3.980871630669312e-25,3.9930095529845352e-25,0.0030490614722942233
0.5,74989.42093324558,100000000000000.0,2.977042805546961e-25,2.9852650364122965e-25,0.0027618786165974907
0.5,100000.0,100000000000000.0,2.084654754210357e-25,2.081544144498392e-25,-0.0014921462202229785
0.5,133352.1432163324,100000000000000.0,1.331564467762993e-25,1.3330696070855158e-25,0.0011303540751965713
0.5,177827.94100389228,100000000000000.0,7.984705569470052e-26,7.963486263158938e-26,-0.0026574938958610073
0.5,237137.37056616554,100000000000000.0,4.700495245017146e-26,4.6929742211457527e-26,-0.0016000492457397542
0.5,316227.7660168379,100000000000000.0,2.630047108050668e-26,2.6276004433825116e-26,-0.000930274085459315
0.5,421696.5034285822,100000000000000.0,1.538497896954895e-26,1.5336864589245358e-26,-0.0031273608107508233
0.5,562341.3251903491,100000000000000.0,9.213462152024354e-27,9.190161477894694e-27,-0.0025289813693477603
0.5,749894.2093324559,100000000000000.0,5.034756188629617e-27,5.015578246486913e-27,-0.00380911039664944
0.5,1000000.0,100000000000000.0,3.187812416270092e-27,3.1758892304432662e-27,-0.0037402407262020487
0.5,1000.0,1e+17,4.506011720277833e-25,5.093205247129648e-25,0.13031335986307857
0.5,1333.521432163324,1e+17,3.7110495033942613e-25,3.5623185809686737e-25,-0.04007785999339353
0.5,1778.2794100389228,1e+17,2.969794062780708e-25,2.645678556486246e-25,-0.10913736758938186
0.5,2371.373705661655,1e+17,2.304252542157127e-25,2.0495023411848865e-25,-0.1105565454790628
0.5,3162.2776601683795,1e+17,1.7545894816967615e-25,1.541907439355413e-25,-0.12121470267545209
0.5,4216.965034285822,1e+17,1.3100895819071146e-25,1.112463781004277e-25,-0.15084907446951146
0.5,5623.413251903491,1e+17,9.562564539807411e-26,8.277251674288637e-26,-0.13441089575586374
0.5,7498.942093324558,1e+17,6.888388470691795e-26,6.181418660211861e-26,-0.1026321052431779
0.5,10000.0,1e+17,4.87464317490876e-26,4.4990291034844073e-26,-0.07705468030106288
0.5,13335.21432163324,1e+17,3.3731566359967597e-26,3.299733719101692e-26,-0.021766826986785115
0.5,17782.794100389227,1e+17,2.3005212861444803e-26,2.3602897093970704e-26,0.025980382625695242
0.5,23713.737056616552,1e+17,1.5285640962043335e-26,1.5733794559659291e-26,0.029318600294799158
0.5,31622.776601683792,1e+17,9.871302983024332e-27,1.0088958265865727e-26,0.022049296148208164
0.5,42169.65034285822,1e+17,6.213644212222972e-27,6.312170818613867e-27,0.01585649307005399
0.5,56234.13251903491,1e+17,3.760155645926244e-27,3.774859950211762e-27,0.003910557346594956
0.5,74989.42093324558,1e+17,2.1902333450695493e-27,2.196993821984452e-27,0.0030866468772019484
0.5,100000.0,1e+17,1.2428795494957922e-27,1.2417524502936054e-27,-0.0009068450781446469
0.5,133352.1432163324,1e+17,6.779824504988176e-28,6.7949886984297906e-28,0.0022366645966216403
0.5,177827.94100389228,1e+17,3.6782272410756656e-28,3.6716369386174543e-28,-0.0017917061742721563
0.5,237137.37056616554,1e+17,2.026935082056553e-28,2.0252461973186883e-28,-0.0008332209318471229
0.5,316227.7660168379,1e+17,1.0788070633478609e-28,1.0785610202450996e-28,-0.0002280696068096555
0.5,421696.5034285822,1e+17,6.034184339463109e-29,6.020195111495605e-29,-0.0023183295670989867
0.5,562341.3251903491,1e+17,3.4966385839027704e-29,3.490511527090134e-29,-0.0017522705494480428
0.5,749894.2093324559,1e+17,1.857439817273489e-29,1.8519926178151927e-29,-0.002932638467012083
0.5,1000000.0,1e+17,1.1493815724475742e-29,1.146087491421588e-29,-0.0028659594906952357
1.0,1000.0,10000000000.0,2.3828771757499574e-26,3.18218833917047e-26,0.33543951469884203
1.0,1333.521432163324,10000000000.0,2.744025036872677e-26,3.175490831668014e-26,0.15723828645786408
1.0,1778.2794100389228,10000000000.0,3.214646664683798e-26,3.1084385575457437e-26,-0.033038812104875914
1.0,2371.373705661655,10000000000.0,3.72638471474597e-26,3.6838497601709654e-26,-0.011414536563196576
1.0,3162.2776601683795,10000000000.0,4.360305095751829e-26,4.3041928312689855e-26,-0.0128688849175973
1.0,4216.965034285822,10000000000.0,4.9814819384865087e-26,4.950021873085258e-26,-0.0063154028840679555
1.0,5623.413251903491,10000000000.0,5.59395234428156e-26,5.428772363160939e-26,-0.029528313963825048
1.0,7498.942093324558,10000000000.0,6.186411714675187e-26,6.419758432425747e-26,0.037719235077261715
1.0,10000.0,10000000000.0,6.634080581274542e-26,7.129450449630204e-26,0.07467046296572
1.0,13335.21432163324,10000000000.0,7.110917048858748e-26,7.424784191102817e-26,0.0441387714253314
1.0,17782.794100389227,10000000000.0,8.071974246188866e-26,8.166469514366233e-26,0.01170658692599047
1.0,23713.737056616552,10000000000.0,9.45725610291768e-26,9.349601322727054e-26,-0.011383299661031132
1.0,31622.776601683792,10000000000.0,1.109767887310822e-25,1.1105350595401973e-25,0.0006912907087572862
1.0,42169.65034285822,10000000000.0,1.2746320391414777e-25,1.2640652385800543e-25,-0.008290079204772427
1.0,56234.13251903491,10000000000.0,1.401163822683071e-25,1.370253236835646e-25,-0.02206065082970443
1.0,74989.42093324558,10000000000.0,1.5105508735732347e-25,1.4646754412941395e-25,-0.030370001488646325
1.0,100000.0,10000000000.0,1.6244292030609337e-25,1.5985180091535556e-25,-0.01595095302310079
1.0,133352.1432163324,10000000000.0,1.7029743326216774e-25,1.671612289590493e-25,-0.018416039766673054
1.0,177827.94100389228,10000000000.0,1.7646068965074708e-25,1.7339268270471777e-25,-0.01738634792883076
1.0,237137.37056616554,10000000000.0,1.8061940848505718e-25,1.764499175524353e-25,-0.02308440143611057
1.0,316227.7660168379,10000000000.0,1.8326310787650855e-25,1.7888047807990877e-25,-0.02391441380309345
1.0,421696.5034285822,10000000000.0,1.7489556016949063e-25,1.7169897770532804e-25,-0.018277093261056976
1.0,562341.3251903491,10000000000.0,1.5340119884979962e-25,1.513492330414675e-25,-0.01337646526701064
1.0,749894.2093324559,10000000000.0,1.3131357301213209e-25,1.3027576910270536e-25,-0.007903249341413066
1.0,1000000.0,10000000000.0,1.3119907780006483e-25,1.3027530213877641e-25,-0.007041022519199136
1.0,1000.0,100000000000000.0,3.36219078299495e-25,4.647498217890067e-25,0.3822827191710396
1.0,1333.521432163324,100000000000000.0,3.712572201964962e-25,4.306986894925052e-25,0.1601085879610591
1.0,1778.2794100389228,100000000000000.0,4.178587929245805e-25,3.9388125106033006e-25,-0.05738192487570348
1.0,2371.373705661655,100000000000000.0,4.6196455926498675e-25,4.489237656085576e-25,-0.028228991585800167
1.0,3162.2776601683795,100000000000000.0,5.111296107751099e-25,5.01503321064771e-25,-0.018833363411955184
1.0,4216.965034285822,100000000000000.0,5.446244821619882e-25,5.39301362799384e-25,-0.009773925956235274
1.0,5623.413251903491,100000000000000.0,5.634080003138764e-25,5.4461814333731e-25,-0.03335035527734509
1.0,7498.942093324558,100000000000000.0,5.684034507679154e-25,6.044342721935617e-25,0.06338951914695201
1.0,10000.0,100000000000000.0,5.514263749309034e-25,6.073725450215967e-25,0.10145718927155722
1.0,13335.21432163324,100000000000000.0,5.213417725665538e-25,5.420160997758706e-25,0.039655995926697996
1.0,17782.794100389227,100000000000000.0,4.93760463525181e-25,4.94294350071584e-25,0.0010812662937640383
1.0,23713.737056616552,100000000000000.0,4.606679231180131e-25,4.455580536919277e-25,-0.03279991652949221
1.0,31622.776601683792,100000000000000.0,4.205610135272916e-25,4.0564087381338854e-25,-0.0354767542258998
1.0,42169.65034285822,100000000000000.0,3.736078746110823e-25,3.613885823818533e-25,-0.03270619561204113
1.0,56234.13251903491,100000000000000.0,3.160271364875475e-25,3.0795347994390667e-25,-0.02554735214632109
1.0,74989.42093324558,100000000000000.0,2.5567571025035696e-25,2.5053882773555014e-25,-0.02009139823949957
1.0,100000.0,100000000000000.0,1.968243055103727e-25,1.966975306323585e-25,-0.0006441017418323813
1.0,133352.1432163324,100000000000000.0,1.3998323112375034e-25,1.3978192392188886e-25,-0.0014380808347217444
1.0,177827.94100389228,100000000000000.0,9.24788740160642e-26,9.260488523141243e-26,0.0013625946108117848
1.0,237137.37056616554,100000000000000.0,5.649917639031725e-26,5.628118234090502e-26,-0.0038583580034201592
1.0,316227.7660168379,100000000000000.0,3.20325506961152e-26,3.1967049587557834e-26,-0.002044829622803279
1.0,421696.5034285822,100000000000000.0,1.8169527738883257e-26,1.8099102822532927e-26,-0.003875990469450641
1.0,562341.3251903491,100000000000000.0,1.0446504174765424e-26,1.041088206586446e-26,-0.0034099549768058512
1.0,749894.2093324559,100000000000000.0,5.768195467400026e-27,5.7584173562636645e-27,-0.0016951768003744538
1.0,1000000.0,100000000000000.0,3.4147812593093745e-27,3.400290286877484e-27,-0.004243601956167908
1.0,1000.0,1e+17,2.1744256865288007e-25,3.303610876482661e-25,0.5193027275889404
1.0,1333.521432163324,1e+17,1.8481208463871084e-25,2.163387214167566e-25,0.17058752862226068
1.0,1778.2794100389228,1e+17,1.531617999572534e-25,1.2786605136177528e-25,-0.16515703395061965
1.0,2371.373705661655,1e+17,1.21531400254875e-25,8.740997351182286e-26,-0.28076222829238273
1.0,3162.2776601683795,1e+17,9.65135854906457e-26,7.842661722033526e-26,-0.1874033399377072
1.0,4216.965034285822,1e+17,7.455950693253099e-26,8.129129348858418e-26,0.09028743393038785
1.0,5623.413251903491,1e+17,5.629142210249157e-26,6.747427420848608e-26,0.19865996786568196
1.0,7498.942093324558,1e+17,4.223378710263634e-26,4.8578101302032605e-26,0.15021892741890142
1.0,10000.0,1e+17,3.110585475744047e-26,3.2679604520663557e-26,0.05059336178012108
1.0,13335.21432163324,1e+17,2.251205651562418e-26,2.183577896600551e-26,-0.030040682829190146
1.0,17782.794100389227,1e+17,1.612503312845944e-26,1.511151352224859e-26,-0.06285379993558382
1.0,23713.737056616552,1e+17,1.1329369318784807e-26,1.0279483718842699e-26,-0.0926693772972279
1.0,31622.776601683792,1e+17,7.801996696381366e-27,7.278819803393741e-27,-0.06705679499073336
1.0,42169.65034285822,1e+17,5.286050187107117e-27,5.123466396809058e-27,-0.030757140878951095
1.0,56234.13251903491,1e+17,3.475989679717283e-27,3.45551815795928e-27,-0.005889408095040238
1.0,74989.42093324558,1e+17,2.2142228600963365e-27,2.2139768848724585e-27,-0.00011108873831577881
1.0,100000.0,1e+17,1.3662913680732779e-27,1.3671487083197303e-27,0.0006274944470017196
1.0,133352.1432163324,1e+17,8.017262990206818e-28,8.031948569084333e-28,0.0018317446858675535
1.0,177827.94100389228,1e+17,4.535156762396862e-28,4.5495733264956105e-28,0.0031788458159336397
1.0,237137.37056616554,1e+17,2.5093306787974257e-28,2.5018320179087596e-28,-0.0029883111668087547
1.0,316227.7660168379,1e+17,1.3347101709288682e-28,1.3332211220004475e-28,-0.0011156346605079026
1.0,421696.5034285822,1e+17,7.208081374297857e-29,7.186416256853134e-29,-0.0030056704856267213
1.0,562341.3251903491,1e+17,3.983869041014987e-29,3.9737323648227845e-29,-0.0025444300723349578
1.0,749894.2093324559,1e+17,2.133175692691916e-29,2.1312559644645008e-29,-0.0008999391067467943
1.0,1000000.0,1e+17,1.2315027671525946e-29,1.2274500089084915e-29,-0.003290904699689512
1.5,1000.0,10000000000.0,5.9733229218287944e-27,3.0741071447832564e-27,-0.48536063008592767
1.5,1333.521432163324,10000000000.0,9.256728646091567e-27,6.213334110437974e-27,-0.3287764665045674
1.5,1778.2794100389228,10000000000.0,1.2830425422732196e-26,9.499596885546932e-27,-0.2596039045816748
1.5,2371.373705661655,10000000000.0,1.7448511806218438e-26,1.662650311236361e-26,-0.04711053314941582
1.5,3162.2776601683795,10000000000.0,2.156679635483299e-26,2.511359073011558e-26,0.1644562463950643
1.5,4216.965034285822,10000000000.0,2.5577606120151772e-26,2.9471564282435244e-26,0.1522409151189308
1.5,5623.413251903491,10000000000.0,2.915873486702651e-26,3.21954275714524e-26,0.10414349999319983
1.5,7498.942093324558,10000000000.0,3.2554573915571566e-26,3.1818360847367116e-26,-0.022614735186329726
1.5,10000.0,10000000000.0,3.538156813601044e-26,3.346054667768962e-26,-0.05429441258612999
1.5,13335.21432163324,10000000000.0,3.906114617937488e-26,3.6339253379029724e-26,-0.06968287074439139
1.5,17782.794100389227,10000000000.0,4.6008475896981535e-26,4.643764868226707e-26,0.009328124370963753
1.5,23713.737056616552,10000000000.0,5.564499337810334e-26,5.665608469205243e-26,0.018170391486594273
1.5,31622.776601683792,10000000000.0,6.641676856269167e-26,6.529905315056889e-26,-0.016828813510668672
1.5,42169.65034285822,10000000000.0,7.761155574068586e-26,7.862736147076498e-26,0.013088330988662467
1.5,56234.13251903491,10000000000.0,8.813958871992468e-26,8.876498651445826e-26,0.007095537925878581
1.5,74989.42093324558,10000000000.0,1.019763083573126e-25,1.0308724235069626e-25,0.010894040108718972
1.5,100000.0,10000000000.0,1.1872970973079552e-25,1.1558613706878398e-25,-0.02647671479311442
1.5,133352.1432163324,10000000000.0,1.3297101933406038e-25,1.2761135109066465e-25,-0.04030704036291355
1.5,177827.94100389228,10000000000.0,1.4313948604399893e-25,1.3882692768945817e-25,-0.030128362716177026
1.5,237137.37056616554,10000000000.0,1.5097570119739666e-25,1.4761913202361932e-25,-0.022232512564314688
1.5,316227.7660168379,10000000000.0,1.5382140640496105e-25,1.497169232137052e-25,-0.026683432996641
1.5,421696.5034285822,10000000000.0,1.577284682666473e-25,1.5284947367916498e-25,-0.030932872430068592
1.5,562341.3251903491,10000000000.0,1.5044071361449515e-25,1.4681471167550772e-25,-0.02410253083669278
1.5,749894.2093324559,10000000000.0,1.304621438835452e-25,1.2793786219970228e-25,-0.01934876745622227
1.5,1000000.0,10000000000.0,1.24209146597476e-25,1.2212143024657712e-25,-0.016808072578298305
1.5,1000.0,100000000000000.0,7.301775511184019e-26,3.6787287383983557e-26,-0.4961870941165334
1.5,1333.521432163324,100000000000000.0,1.0934905852803377e-25,7.418633250455729e-26,-0.3215640490810612
1.5,1778.2794100389228,100000000000000.0,1.4513055637343264e-25,1.1153515583353167e-25,-0.2314839919269468
1.5,2371.373705661655,100000000000000.0,1.8715317859604567e-25,1.8641775747878179e-25,-0.003929514437215231
1.5,3162.2776601683795,100000000000000.0,2.1835404902461077e-25,2.632916751321881e-25,0.2058016616056082
1.5,4216.965034285822,100000000000000.0,2.418473783798304e-25,2.8546668894792044e-25,0.18035883150895393
1.5,5623.413251903491,100000000000000.0,2.5747252650666375e-25,2.849349016552752e-25,0.10666138061880037
1.5,7498.942093324558,100000000000000.0,2.6672276329641244e-25,2.5248712832378307e-25,-0.053372403602496954
1.5,10000.0,100000000000000.0,2.6751612071239446e-25,2.501091767908614e-25,-0.06506876623053004
1.5,13335.21432163324,100000000000000.0,2.6495248973762925e-25,2.490455116766004e-25,-0.060037095997025114
1.5,17782.794100389227,100000000000000.0,2.6396925444660737e-25,2.6867487728470245e-25,0.01782640500296173
1.5,23713.737056616552,100000000000000.0,2.591093682052635e-25,2.680390340769286e-25,0.03446292171339449
1.5,31622.776601683792,100000000000000.0,2.4872475735677565e-25,2.5394990255823367e-25,0.021007740672807085
1.5,42169.65034285822,100000000000000.0,2.339380506537989e-25,2.3991870420318844e-25,0.025565116630984708
1.5,56234.13251903491,100000000000000.0,2.1223674222236867e-25,2.107616096606684e-25,-0.006950410877277435
1.5,74989.42093324558,100000000000000.0,1.870072949821994e-25,1.8441410162028542e-25,-0.013866803229044211
1.5,100000.0,100000000000000.0,1.585949734661965e-25,1.5279860895318301e-25,-0.0365482233536798
1.5,133352.1432163324,100000000000000.0,1.2661689679579379e-25,1.2306497188635646e-25,-0.028052534845849464
1.5,177827.94100389228,100000000000000.0,9.445458079593048e-26,9.368514012957125e-26,-0.008146144526559373
1.5,237137.37056616554,100000000000000.0,6.484066431130904e-26,6.458410539278473e-26,-0.003956759562063317
1.5,316227.7660168379,100000000000000.0,3.9870515137926143e-26,3.9705812412777795e-26,-0.004130940485182699
1.5,421696.5034285822,100000000000000.0,2.287710920752515e-26,2.2835251131786392e-26,-0.001829692526230109
1.5,562341.3251903491,100000000000000.0,1.2816966605894455e-26,1.2739227457229413e-26,-0.006065331295260656
1.5,749894.2093324559,100000000000000.0,6.980153380042517e-27,6.950761813678601e-27,-0.004210733599056993
1.5,1000000.0,100000000000000.0,3.928809857216684e-27,3.905924187854584e-27,-0.005825089580261178
1.5,1000.0,1e+17,3.9817927505021973e-26,2.5127449022651864e-26,-0.36894131369638195
1.5,1333.521432163324,1e+17,4.1017228032716436e-26,4.0490094763273255e-26,-0.012851508859221927
1.5,1778.2794100389228,1e+17,3.933849308060157e-26,4.8774659953823296e-26,0.2398710813321634
1.5,2371.373705661655,1e+17,3.561647008475319e-26,4.8670561029164165e-26,0.3665183807757302
1.5,3162.2776601683795,1e+17,3.1818114493136643e-26,3.857534030498609e-26,0.21237040344760283
1.5,4216.965034285822,1e+17,2.7321800421343224e-26,2.80112535080774e-26,0.02523454077336673
1.5,5623.413251903491,1e+17,2.274442922861728e-26,2.172092704362278e-26,-0.04500012617185045
1.5,7498.942093324558,1e+17,1.8645817370162143e-26,1.694933833678479e-26,-0.09098442828750075
1.5,10000.0,1e+17,1.490768126318376e-26,1.339944758188479e-26,-0.10117158092343492
1.5,13335.21432163324,1e+17,1.168136979808741e-26,1.1672616819090653e-26,-0.0007493110095863065
1.5,17782.794100389227,1e+17,9.057034463828422e-27,9.721177746203641e-27,0.07332900024038169
1.5,23713.737056616552,1e+17,6.872282628582121e-27,7.340138645615965e-27,0.06807869267308808
1.5,31622.776601683792,1e+17,5.114555806953928e-27,5.3027490875407436e-27,0.03679562560074956
1.5,42169.65034285822,1e+17,3.756666942767919e-27,3.7463868689260765e-27,-0.0027364879555353827
1.5,56234.13251903491,1e+17,2.686471263912897e-27,2.5754081728096263e-27,-0.041341626316711455
1.5,74989.42093324558,1e+17,1.877823058057945e-27,1.7984560272758115e-27,-0.042265446918207106
1.5,100000.0,1e+17,1.27356553347631e-27,1.238062439935981e-27,-0.02787692710513312
1.5,133352.1432163324,1e+17,8.275340677743597e-28,8.143649963964107e-28,-0.015913630496647735
1.5,177827.94100389228,1e+17,5.139750117386034e-28,5.1224180479586056e-28,-0.003372161881722513
1.5,237137.37056616554,1e+17,3.0451811279967146e-28,3.0368657204764996e-28,-0.0027306774771999054
1.5,316227.7660168379,1e+17,1.7038695764964557e-28,1.699310130099319e-28,-0.0026759362688498767
1.5,421696.5034285822,1e+17,9.21644797391122e-29,9.208937152807043e-29,-0.0008149366356147159
1.5,562341.3251903491,1e+17,4.935516403178754e-29,4.911182134550791e-29,-0.004930440229575672
1.5,749894.2093324559,1e+17,2.586654904536843e-29,2.5785316400583476e-29,-0.003140451578696357
1.5,1000000.0,1e+17,1.4201376069038283e-29,1.413537178655405e-29,-0.004647738512335908
2.0,1000.0,10000000000.0,6.352796065234933e-28,1.6611620444466732e-28,-0.738514816564438
2.0,1333.521432163324,10000000000.0,1.2182354256883548e-27,3.903835394077279e-28,-0.6795500022607333
2.0,1778.2794100389228,10000000000.0,2.0641214995981865e-27,9.903778659408812e-28,-0.5201940069256226
2.0,2371.373705661655,10000000000.0,3.24967283988562e-27,2.1300241047174352e-27,-0.34454198632733546
2.0,3162.2776601683795,10000000000.0,4.9400488050196784e-27,3.9935698601694775e-27,-0.19159303525270144
2.0,4216.965034285822,10000000000.0,7.002901664007284e-27,6.857830332069737e-27,-0.02071588876981778
2.0,5623.413251903491,10000000000.0,9.230973601456342e-27,1.0291882528320015e-26,0.1149292558583741
2.0,7498.942093324558,10000000000.0,1.1780966377599373e-26,1.3319155524358724e-26,0.130565617238676
2.0,10000.0,10000000000.0,1.429175799825638e-26,1.535636424283504e-26,0.07449092299971394
2.0,13335.21432163324,10000000000.0,1.7123398532228215e-26,1.6977318570940766e-26,-0.00853101450699223
2.0,17782.794100389227,10000000000.0,2.1310015982726828e-26,2.056098225656366e-26,-0.035149374208368056
2.0,23713.737056616552,10000000000.0,2.65864717994914e-26,2.7219447756841766e-26,0.023808196970403372
2.0,31622.776601683792,10000000000.0,3.2757731642940796e-26,3.33204060753488e-26,0.017176843578217138
2.0,42169.65034285822,10000000000.0,3.988994575506491e-26,3.881354137914434e-26,-0.026984352962773905
2.0,56234.13251903491,10000000000.0,4.763044750175302e-26,4.8836818068986784e-26,0.02532771851848259
2.0,74989.42093324558,10000000000.0,5.826200324194752e-26,5.851322505019221e-26,0.004311932207367253
2.0,100000.0,10000000000.0,7.336609517688607e-26,7.423771057142082e-26,0.011880356892830068
2.0,133352.1432163324,10000000000.0,8.96578413209106e-26,9.193714160293668e-26,0.02542220790112304
2.0,177827.94100389228,10000000000.0,1.0354147852051244e-25,1.0372490242758265e-25,0.001771501717872992
2.0,237137.37056616554,10000000000.0,1.14645787097152e-25,1.1494638793228458e-25,0.0026219963484384046
2.0,316227.7660168379,10000000000.0,1.232131040102471e-25,1.2459074076108396e-25,0.011180927239056393
2.0,421696.5034285822,10000000000.0,1.3021330473738016e-25,1.312295386208855e-25,0.007804378251169641
2.0,562341.3251903491,10000000000.0,1.3495232894820041e-25,1.3580874417311734e-25,0.006346057393686433
2.0,749894.2093324559,10000000000.0,1.2691201755775137e-25,1.2729475874908434e-25,0.003015799438842004
2.0,1000000.0,10000000000.0,1.1721577537588355e-25,1.1773519343378952e-25,0.004431298229613745
2.0,1000.0,100000000000000.0,5.623549622606831e-27,1.266410068588413e-27,-0.7748023661963597
2.0,1333.521432163324,100000000000000.0,1.0581974443604034e-26,3.0407737611959576e-27,-0.7126458982299031
2.0,1778.2794100389228,100000000000000.0,1.7454693967478172e-26,7.905871183312741e-27,-0.5470633172920092
2.0,2371.373705661655,100000000000000.0,2.6678567575396987e-26,1.695842698760788e-26,-0.36434267170899515
2.0,3162.2776601683795,100000000000000.0,3.9262375733319245e-26,3.1432304289561615e-26,-0.19942938493945472
2.0,4216.965034285822,100000000000000.0,5.389512152539981e-26,5.274703286324893e-26,-0.021302274299721424
2.0,5623.413251903491,100000000000000.0,6.810680970788384e-26,7.73596630098146e-26,0.13585797575333602
2.0,7498.942093324558,100000000000000.0,8.177353387755839e-26,9.389907807809952e-26,0.1482820128416733
2.0,10000.0,100000000000000.0,9.290690009576221e-26,9.831102539607972e-26,0.058167103786126884
2.0,13335.21432163324,100000000000000.0,1.0172153597295479e-25,1.0153905112156596e-25,-0.0017939647651146196
2.0,17782.794100389227,100000000000000.0,1.0995190638692943e-25,1.0190068117322539e-25,-0.0732249715195582
2.0,23713.737056616552,100000000000000.0,1.161846877090523e-25,1.1706719618321368e-25,0.007595738229906335
2.0,31622.776601683792,100000000000000.0,1.198850652248507e-25,1.2216495899288944e-25,0.019017329337583933
2.0,42169.65034285822,100000000000000.0,1.2120673856396713e-25,1.1895159305541636e-25,-0.018605776669426866
2.0,56234.13251903491,100000000000000.0,1.1926449057486802e-25,1.231372874017327e-25,0.032472337811509266
2.0,74989.42093324558,100000000000000.0,1.142099210578644e-25,1.164066608643462e-25,0.019234229269529113
2.0,100000.0,100000000000000.0,1.0604096927056243e-25,1.079201125107941e-25,0.01772091723753544
2.0,133352.1432163324,100000000000000.0,9.415081896870278e-26,9.29411064234013e-26,-0.012848667261233349
2.0,177827.94100389228,100000000000000.0,7.908964921217985e-26,7.60452385388491e-26,-0.038493161920130414
2.0,237137.37056616554,100000000000000.0,6.182559582442847e-26,6.03705707613674e-26,-0.023534347605691175
2.0,316227.7660168379,100000000000000.0,4.384529296898909e-26,4.342881671140658e-26,-0.00949876781247827
2.0,421696.5034285822,100000000000000.0,2.774534704348939e-26,2.758163150479943e-26,-0.005900648437856759
2.0,562341.3251903491,100000000000000.0,1.6063817299979978e-26,1.6007131993438718e-26,-0.0035287569251257755
2.0,749894.2093324559,100000000000000.0,8.800535966336933e-27,8.719088149787778e-27,-0.009254870028450712
2.0,1000000.0,100000000000000.0,4.781145276418624e-27,4.765235066816929e-27,-0.003327698424092418
2.0,1000.0,1e+17,7.989036259201373e-28,2.0356218661117802e-28,-0.7451980689451431
2.0,1333.521432163324,1e+17,1.4049091252614373e-27,4.449078902509924e-28,-0.683319097120819
2.0,1778.2794100389228,1e+17,2.197425751618624e-27,9.874826475943003e-28,-0.5506184239140183
2.0,2371.373705661655,1e+17,3.0894665609778722e-27,1.974824697316028e-27,-0.3607878064584197
2.0,3162.2776601683795,1e+17,3.9569007946913954e-27,3.5033769373870045e-27,-0.11461592818117694
2.0,4216.965034285822,1e+17,4.6199860751380475e-27,5.058502373113256e-27,0.09491723369796201
2.0,5623.413251903491,1e+17,4.965713145884712e-27,5.759941077056285e-27,0.1599423703783176
2.0,7498.942093324558,1e+17,5.011296159897932e-27,5.631993056648868e-27,0.12385955188958109
2.0,10000.0,1e+17,4.772902347529794e-27,4.989776471274875e-27,0.04543862579910596
2.0,13335.21432163324,1e+17,4.332665303482947e-27,4.036751386472142e-27,-0.06829835592722222
2.0,17782.794100389227,1e+17,3.7970387901923235e-27,3.597295417198217e-27,-0.052605038829215856
2.0,23713.737056616552,1e+17,3.2212815332857905e-27,3.251397820099921e-27,0.009349163214371847
2.0,31622.776601683792,1e+17,2.656108472819645e-27,2.6649573712200675e-27,0.0033315274925607152
2.0,42169.65034285822,1e+17,2.1400160308162474e-27,2.1663944787661045e-27,0.012326285210020549
2.0,56234.13251903491,1e+17,1.681332983081828e-27,1.7486564469065324e-27,0.04004171957734548
2.0,74989.42093324558,1e+17,1.2879720454251215e-27,1.3247540687680885e-27,0.028558091360458393
2.0,100000.0,1e+17,9.608312939977663e-28,9.512081309475615e-28,-0.010015455481435565
2.0,133352.1432163324,1e+17,6.9205321322196655e-28,6.662041386565257e-28,-0.03735128176790947
2.0,177827.94100389228,1e+17,4.786378497677619e-28,4.591843245772793e-28,-0.04064351617809081
2.0,237137.37056616554,1e+17,3.1521731681294144e-28,3.0958560271079443e-28,-0.017866131718547118
2.0,316227.7660168379,1e+17,1.9534916485035787e-28,1.9399463809055956e-28,-0.006933875355115582
2.0,421696.5034285822,1e+17,1.1370866244037934e-28,1.1328776975896263e-28,-0.003701500592687035
2.0,562341.3251903491,1e+17,6.249563964179448e-29,6.23733269855502e-29,-0.0019571390411448064
2.0,749894.2093324559,1e+17,3.2842623873574506e-29,3.2579873303739705e-29,-0.008000291658980752
2.0,1000000.0,1e+17,1.7279482830661616e-29,1.7244972813143652e-29,-0.001997167268034672
