theta_obs_over_theta_c,time_s,frequency_hz,uniform,adaptive,relative
0.0,1000.0,10000000000.0,4.5649700767678566e-26,4.5649700767678566e-26,0.0
0.0,1333.521432163324,10000000000.0,5.0257996591522375e-26,5.0257996591522375e-26,0.0
0.0,1778.2794100389228,10000000000.0,5.705801134312316e-26,5.705801134312316e-26,0.0
0.0,2371.373705661655,10000000000.0,6.77152503952027e-26,6.77152503952027e-26,0.0
0.0,3162.2776601683795,10000000000.0,7.186355089552085e-26,7.186355089552085e-26,0.0
0.0,4216.965034285822,10000000000.0,8.496632243490579e-26,8.496632243490579e-26,0.0
0.0,5623.413251903491,10000000000.0,9.113195186022268e-26,9.113195186022268e-26,0.0
0.0,7498.942093324558,10000000000.0,9.922900293013224e-26,9.922900293013224e-26,0.0
0.0,10000.0,10000000000.0,1.0611074417520586e-25,1.0611074417520586e-25,0.0
0.0,13335.21432163324,10000000000.0,1.1315065690014842e-25,1.1315065690014842e-25,0.0
0.0,17782.794100389227,10000000000.0,1.272843304178096e-25,1.272843304178096e-25,0.0
0.0,23713.737056616552,10000000000.0,1.4733279785787022e-25,1.4733279785787022e-25,0.0
0.0,31622.776601683792,10000000000.0,1.7225391088855279e-25,1.7225391088855279e-25,0.0
0.0,42169.65034285822,10000000000.0,1.9296650043434758e-25,1.9296650043434758e-25,0.0
0.0,56234.13251903491,10000000000.0,2.0638915143083198e-25,2.0638915143083198e-25,0.0
0.0,74989.42093324558,10000000000.0,2.1144170566445484e-25,2.1144170566445484e-25,0.0
0.0,100000.0,10000000000.0,2.0622018697436925e-25,2.0622018697436925e-25,0.0
0.0,133352.1432163324,10000000000.0,1.8574423680351046e-25,1.8574423680351046e-25,0.0
0.0,177827.94100389228,10000000000.0,1.9645818597140238e-25,1.9645818597140238e-25,0.0
0.0,237137.37056616554,10000000000.0,2.168983771030599e-25,2.168983771030599e-25,0.0
0.0,316227.7660168379,10000000000.0,2.03948051770971e-25,2.03948051770971e-25,0.0
0.0,421696.5034285822,10000000000.0,1.74885962609898e-25,1.74885962609898e-25,0.0
0.0,562341.3251903491,10000000000.0,1.5091555442978287e-25,1.5091555442978287e-25,0.0
0.0,749894.2093324559,10000000000.0,1.303734441394785e-25,1.303734441394785e-25,0.0
0.0,1000000.0,10000000000.0,1.3875056490569165e-25,1.3875056490569165e-25,0.0
0.0,1000.0,100000000000000.0,7.13744337900527e-25,7.13744337900527e-25,0.0
0.0,1333.521432163324,100000000000000.0,7.491097930260364e-25,7.491097930260364e-25,0.0
0.0,1778.2794100389228,100000000000000.0,8.1978947949286125e-25,8.1978947949286125e-25,0.0
0.0,2371.373705661655,100000000000000.0,9.20345333530365e-25,9.20345333530365e-25,0.0
0.0,3162.2776601683795,100000000000000.0,9.121862374147353e-25,9.121862374147353e-25,0.0
0.0,4216.965034285822,100000000000000.0,1.0093658455994998e-24,1.0093658455994998e-24,0.0
0.0,5623.413251903491,100000000000000.0,9.922753745720398e-25,9.922753745720398e-25,0.0
0.0,7498.942093324558,100000000000000.0,9.901873159609896e-25,9.901873159609896e-25,0.0
0.0,10000.0,100000000000000.0,9.556349763102946e-25,9.556349763102946e-25,0.0
0.0,13335.21432163324,100000000000000.0,8.904935834229918e-25,8.904935834229918e-25,0.0
0.0,17782.794100389227,100000000000000.0,8.278807229520439e-25,8.278807229520439e-25,0.0
0.0,23713.737056616552,100000000000000.0,7.53984771108679e-25,7.53984771108679e-25,0.0
0.0,31622.776601683792,100000000000000.0,6.6870456230865385e-25,6.6870456230865385e-25,0.0
0.0,42169.65034285822,100000000000000.0,5.559742906170272e-25,5.559742906170272e-25,0.0
0.0,56234.13251903491,100000000000000.0,4.285393594287687e-25,4.285393594287687e-25,0.0
0.0,74989.42093324558,100000000000000.0,3.0917019383631004e-25,3.0917019383631004e-25,0.0
0.0,100000.0,100000000000000.0,2.085135746257035e-25,2.085135746257035e-25,0.0
0.0,133352.1432163324,100000000000000.0,1.2554147244017925e-25,1.2554147244017925e-25,0.0
0.0,177827.94100389228,100000000000000.0,7.370368645317384e-26,7.370368645317384e-26,0.0
0.0,237137.37056616554,100000000000000.0,4.339828811717232e-26,4.339828811717232e-26,0.0
0.0,316227.7660168379,100000000000000.0,2.449185708743449e-26,2.449185708743449e-26,0.0
0.0,421696.5034285822,100000000000000.0,1.448858142722186e-26,1.448858142722186e-26,0.0
0.0,562341.3251903491,100000000000000.0,8.85915404331259e-27,8.85915404331259e-27,0.0
0.0,749894.2093324559,100000000000000.0,4.796749284755306e-27,4.796749284755306e-27,0.0
0.0,1000000.0,100000000000000.0,3.1311131003895268e-27,3.1311131003895268e-27,0.0
0.0,1000.0,1e+17,5.03785682112202e-25,5.03785682112202e-25,0.0
0.0,1333.521432163324,1e+17,4.158381641567457e-25,4.158381641567457e-25,0.0
0.0,1778.2794100389228,1e+17,3.727165541325226e-25,3.727165541325226e-25,0.0
0.0,2371.373705661655,1e+17,2.8302447244397917e-25,2.8302447244397917e-25,0.0
0.0,3162.2776601683795,1e+17,2.0302435349216325e-25,2.0302435349216325e-25,0.0
0.0,4216.965034285822,1e+17,1.6096080128953784e-25,1.6096080128953784e-25,0.0
0.0,5623.413251903491,1e+17,1.147004894198742e-25,1.147004894198742e-25,0.0
0.0,7498.942093324558,1e+17,7.994940099470468e-26,7.994940099470468e-26,0.0
0.0,10000.0,1e+17,5.717730663794128e-26,5.717730663794128e-26,0.0
0.0,13335.21432163324,1e+17,3.934912669827312e-26,3.934912669827312e-26,0.0
0.0,17782.794100389227,1e+17,2.630756172051252e-26,2.630756172051252e-26,0.0
0.0,23713.737056616552,1e+17,1.6977351834900777e-26,1.6977351834900777e-26,0.0
0.0,31622.776601683792,1e+17,1.066159127073376e-26,1.066159127073376e-26,0.0
0.0,42169.65034285822,1e+17,6.489041963031023e-27,6.489041963031023e-27,0.0
0.0,56234.13251903491,1e+17,3.752996722154321e-27,3.752996722154321e-27,0.0
0.0,74989.42093324558,1e+17,2.0862297316336838e-27,2.0862297316336838e-27,0.0
0.0,100000.0,1e+17,1.1461765081246758e-27,1.1461765081246758e-27,0.0
0.0,133352.1432163324,1e+17,6.138657686701662e-28,6.138657686701662e-28,0.0
0.0,177827.94100389228,1e+17,3.3309756689437346e-28,3.3309756689437346e-28,0.0
0.0,237137.37056616554,1e+17,1.8510574311348618e-28,1.8510574311348618e-28,0.0
0.0,316227.7660168379,1e+17,1.0008628164416753e-28,1.0008628164416753e-28,0.0
0.0,421696.5034285822,1e+17,5.647440679960114e-29,5.647440679960114e-29,0.0
0.0,562341.3251903491,1e+17,3.3628072540116145e-29,3.3628072540116145e-29,0.0
0.0,749894.2093324559,1e+17,1.766583865952243e-29,1.766583865952243e-29,0.0
0.0,1000000.0,1e+17,1.1302585079659866e-29,1.1302585079659866e-29,0.0
0.5,1000.0,10000000000.0,3.8451151179489034e-26,4.756704013887946e-26,0.23707714020934456
0.5,1333.521432163324,10000000000.0,4.478036803046601e-26,4.9723876477624707e-26,0.11039454708803231
0.5,1778.2794100389228,10000000000.0,5.190229803797678e-26,5.414856150751671e-26,0.04327869004752616
0.5,2371.373705661655,10000000000.0,5.709389524684192e-26,6.030719497031524e-26,0.05628096856206466
0.5,3162.2776601683795,10000000000.0,6.620162528382432e-26,6.605007267120696e-26,-0.0022892581861490013
0.5,4216.965034285822,10000000000.0,7.344469979965785e-26,7.055071602071934e-26,-0.03940357557227003
0.5,5623.413251903491,10000000000.0,8.135654848365492e-26,7.66706898998271e-26,-0.057596575459063826
0.5,7498.942093324558,10000000000.0,8.825054226110097e-26,8.147558575142269e-26,-0.076769573716994
0.5,10000.0,10000000000.0,9.383246001661484e-26,8.604313755618117e-26,-0.0830130901295183
0.5,13335.21432163324,10000000000.0,1.0021556194503344e-25,9.502195317165132e-26,-0.05182437410499907
0.5,17782.794100389227,10000000000.0,1.1407050288145827e-25,1.1129098624061942e-25,-0.024366655451035557
0.5,23713.737056616552,10000000000.0,1.3348464803660718e-25,1.3027754673951933e-25,-0.024025993582485472
0.5,31622.776601683792,10000000000.0,1.536968629071552e-25,1.4914103065412357e-25,-0.029641673661119028
0.5,42169.65034285822,10000000000.0,1.7320749176430776e-25,1.6959299772965945e-25,-0.020868000557197286
0.5,56234.13251903491,10000000000.0,1.8780518424338833e-25,1.8564062791166911e-25,-0.011525540897284414
0.5,74989.42093324558,10000000000.0,1.9410333809874866e-25,1.924564492136908e-25,-0.00848459846795635
0.5,100000.0,10000000000.0,1.923642761496416e-25,1.9314168248099443e-25,0.0040413238201675306
0.5,133352.1432163324,10000000000.0,1.8647516420122798e-25,1.9167497017159704e-25,0.027884710506316468
0.5,177827.94100389228,10000000000.0,1.90297426530788e-25,1.9933080165405595e-25,0.04746977028513033
0.5,237137.37056616554,10000000000.0,2.034147887407633e-25,2.142116973271495e-25,0.053078287243637945
0.5,316227.7660168379,10000000000.0,1.992315684902285e-25,2.0711068213861927e-25,0.03954751602920403
0.5,421696.5034285822,10000000000.0,1.7520504950231708e-25,1.8022348692614268e-25,0.028643223686080077
0.5,562341.3251903491,10000000000.0,1.5073592788833918e-25,1.5377787943513925e-25,0.020180666874943354
0.5,749894.2093324559,10000000000.0,1.3039235347439035e-25,1.3137052697866223e-25,0.007501770450550227
0.5,1000000.0,10000000000.0,1.3650291018274273e-25,1.3667766499979601e-25,0.0012802277755055158
0.5,1000.0,100000000000000.0,5.893070812251246e-25,7.256662494927731e-25,0.2313889865096619
0.5,1333.521432163324,100000000000000.0,6.601657121123366e-25,7.178411325822824e-25,0.08736506518249998
0.5,1778.2794100389228,100000000000000.0,7.271657730351063e-25,7.42996471690023e-25,0.0217704122525475
0.5,2371.373705661655,100000000000000.0,7.554556852313881e-25,7.855605196348031e-25,0.039849901181423064
0.5,3162.2776601683795,100000000000000.0,8.252841510239443e-25,8.0507404327373925e-25,-0.024488665782724683
0.5,4216.965034285822,100000000000000.0,8.51842039186863e-25,7.953119364547702e-25,-0.06636218938672522
0.5,5623.413251903491,100000000000000.0,8.706660017152972e-25,8.016902029935255e-25,-0.07922188139410824
0.5,7498.942093324558,100000000000000.0,8.638924445476747e-25,7.794740760702085e-25,-0.0977186095448106
0.5,10000.0,100000000000000.0,8.306265525867424e-25,7.520123266300287e-25,-0.09464448940609083
0.5,13335.21432163324,100000000000000.0,7.785919447157144e-25,7.322531607016602e-25,-0.05951613592788163
0.5,17782.794100389227,100000000000000.0,7.320593367597813e-25,7.147907042880162e-25,-0.023589115806102567
0.5,23713.737056616552,100000000000000.0,6.70372069934704e-25,6.641578728020965e-25,-0.009269773326345154
0.5,31622.776601683792,100000000000000.0,5.89211830686045e-25,5.8553278131630595e-25,-0.006244018158045761
0.5,42169.65034285822,100000000000000.0,4.998785907720008e-25,4.9988279242678635e-25,8.405350545359624e-06
0.5,56234.13251903491,100000000000000.0,3.9906623167126154e-25,3.9930095529845352e-25,0.0005881821325972592
0.5,74989.42093324558,100000000000000.0,2.9829348496040682e-25,2.9852650364122965e-25,0.0007811725450650453
0.5,100000.0,100000000000000.0,2.088012474818304e-25,2.081544144498392e-25,-0.003097840840474264
0.5,133352.1432163324,100000000000000.0,1.3328767141207728e-25,1.3330696070855158e-25,0.00014471928476167406
0.5,177827.94100389228,100000000000000.0,7.993766909411647e-26,7.963486263158938e-26,-0.0037880321750509705
0.5,237137.37056616554,100000000000000.0,4.704623859997792e-26,4.6929742211457527e-26,-0.0024762104684060704
0.5,316227.7660168379,100000000000000.0,2.633011798634559e-26,2.6276004433825116e-26,-0.002055195975518953
0.5,421696.5034285822,100000000000000.0,1.540041276270922e-26,1.5336864589245358e-26,-0.004126394171573011
0.5,562341.3251903491,100000000000000.0,9.22396568212968e-27,9.190161477894694e-27,-0.0036648232875018394
0.5,749894.2093324559,100000000000000.0,5.040576379260711e-27,5.015578246486913e-27,-0.004959379819469034
0.5,1000000.0,100000000000000.0,3.19177029608072e-27,3.1758892304432662e-27,-0.004975629247804814
0.5,1000.0,1e+17,4.39687772004687e-25,5.093205247129648e-25,0.15836863597729423
0.5,1333.521432163324,1e+17,3.8555676697599366e-25,3.5623185809686737e-25,-0.07605860249614593
0.5,1778.2794100389228,1e+17,3.02127110458661e-25,2.645678556486246e-25,-0.12431606932928818
0.5,2371.373705661655,1e+17,2.274717029011499e-25,2.0495023411848865e-25,-0.09900778204684291
0.5,3162.2776601683795,1e+17,1.7828070427303415e-25,1.541907439355413e-25,-0.13512376695909534
0.5,4216.965034285822,1e+17,1.313368391877175e-25,1.112463781004277e-25,-0.15296897056106895
0.5,5623.413251903491,1e+17,9.64804440393094e-26,8.277251674288637e-26,-0.14207985289576353
0.5,7498.942093324558,1e+17,6.915532684235047e-26,6.181418660211861e-26,-0.10615437126003391
0.5,10000.0,1e+17,4.895475589566036e-26,4.4990291034844073e-26,-0.08098222099740304
0.5,13335.21432163324,1e+17,3.3766301224117217e-26,3.299733719101692e-26,-0.022773120099724542
0.5,17782.794100389227,1e+17,2.302216394245788e-26,2.3602897093970704e-26,0.02522495943319325
0.5,23713.737056616552,1e+17,1.531645015187143e-26,1.5733794559659291e-26,0.02724811582642528
0.5,31622.776601683792,1e+17,9.870272406885997e-27,1.0088958265865727e-26,0.02215601048935234
0.5,42169.65034285822,1e+17,6.217573753895168e-27,6.312170818613867e-27,0.015214466038209196
0.5,56234.13251903491,1e+17,3.765835027236317e-27,3.774859950211762e-27,0.0023965263773300105
0.5,74989.42093324558,1e+17,2.1922324378907137e-27,2.196993821984452e-27,0.0021719339662356063
0.5,100000.0,1e+17,1.244071585757454e-27,1.2417524502936054e-27,-0.001864149531585535
0.5,133352.1432163324,1e+17,6.7820025415361455e-28,6.7949886984297906e-28,0.001914796819097564
0.5,177827.94100389228,1e+17,3.680837648046169e-28,3.6716369386174543e-28,-0.002499623810791718
0.5,237137.37056616554,1e+17,2.028101549195464e-28,2.0252461973186883e-28,-0.0014078939380073319
0.5,316227.7660168379,1e+17,1.0797969997742848e-28,1.0785610202450996e-28,-0.0011446406402718656
0.5,421696.5034285822,1e+17,6.039019424657352e-29,6.020195111495605e-29,-0.003117114193222581
0.5,562341.3251903491,1e+17,3.5000887836025923e-29,3.490511527090134e-29,-0.0027362895928030317
0.5,749894.2093324559,1e+17,1.8593027430685863e-29,1.8519926178151927e-29,-0.003931648721890779
0.5,1000000.0,1e+17,1.1506529701951638e-29,1.146087491421588e-29,-0.00396772866523043
1.0,1000.0,10000000000.0,2.910949140993987e-26,3.18218833917047e-26,0.09317895471161153
1.0,1333.521432163324,10000000000.0,3.1063662934306927e-26,3.175490831668014e-26,0.022252539368427193
1.0,1778.2794100389228,10000000000.0,3.282267266587956e-26,3.1084385575457437e-26,-0.05295994960913519
1.0,2371.373705661655,10000000000.0,3.8947066653480563e-26,3.6838497601709654e-26,-0.05413935458942898
1.0,3162.2776601683795,10000000000.0,4.4059463591590467e-26,4.3041928312689855e-26,-0.023094590717959274
1.0,4216.965034285822,10000000000.0,5.028884923374123e-26,4.950021873085258e-26,-0.015682015295739093
1.0,5623.413251903491,10000000000.0,5.456549856443792e-26,5.428772363160939e-26,-0.005090669748036736
1.0,7498.942093324558,10000000000.0,6.111448884434509e-26,6.419758432425747e-26,0.05044786495334752
1.0,10000.0,10000000000.0,6.754853035364168e-26,7.129450449630204e-26,0.05545604209371824
1.0,13335.21432163324,10000000000.0,7.122977157722445e-26,7.424784191102817e-26,0.04237091130541737
1.0,17782.794100389227,10000000000.0,8.122452005713165e-26,8.166469514366233e-26,0.005419238996070108
1.0,23713.737056616552,10000000000.0,9.462897118604196e-26,9.349601322727054e-26,-0.011972633164784363
1.0,31622.776601683792,10000000000.0,1.118132951763285e-25,1.1105350595401973e-25,-0.0067951599236083515
1.0,42169.65034285822,10000000000.0,1.2809868454538074e-25,1.2640652385800543e-25,-0.013209820954686258
1.0,56234.13251903491,10000000000.0,1.4077078539633233e-25,1.370253236835646e-25,-0.026606811223100046
1.0,74989.42093324558,10000000000.0,1.5109221960004261e-25,1.4646754412941395e-25,-0.030608296594428763
1.0,100000.0,10000000000.0,1.6151790607112896e-25,1.5985180091535556e-25,-0.010315296899897186
1.0,133352.1432163324,10000000000.0,1.6825837053601566e-25,1.671612289590493e-25,-0.006520576500718689
1.0,177827.94100389228,10000000000.0,1.7356063754989964e-25,1.7339268270471777e-25,-0.0009677012458172429
1.0,237137.37056616554,10000000000.0,1.7726683291753268e-25,1.764499175524353e-25,-0.004608393751116546
1.0,316227.7660168379,10000000000.0,1.7940384462849486e-25,1.7888047807990877e-25,-0.0029172538061815745
1.0,421696.5034285822,10000000000.0,1.7201390139555507e-25,1.7169897770532804e-25,-0.0018308037180253534
1.0,562341.3251903491,10000000000.0,1.515426449246075e-25,1.513492330414675e-25,-0.0012762868381782644
1.0,749894.2093324559,10000000000.0,1.3012176203717454e-25,1.3027576910270536e-25,0.0011835611747004204
1.0,1000000.0,10000000000.0,1.3049374128695622e-25,1.3027530213877641e-25,-0.0016739434859137647
1.0,1000.0,100000000000000.0,4.215150271515256e-25,4.647498217890067e-25,0.10256999597297645
1.0,1333.521432163324,100000000000000.0,4.243549577767328e-25,4.306986894925052e-25,0.014949116534441531
1.0,1778.2794100389228,100000000000000.0,4.249571469406285e-25,3.9388125106033006e-25,-0.07312712847406266
1.0,2371.373705661655,100000000000000.0,4.826128073452699e-25,4.489237656085576e-25,-0.06980552779365135
1.0,3162.2776601683795,100000000000000.0,5.14727408293889e-25,5.01503321064771e-25,-0.02569143786795891
1.0,4216.965034285822,100000000000000.0,5.456463717703772e-25,5.39301362799384e-25,-0.01162842694327193
1.0,5623.413251903491,100000000000000.0,5.420007764533871e-25,5.4461814333731e-25,0.004829083273735879
1.0,7498.942093324558,100000000000000.0,5.60479391931914e-25,6.044342721935617e-25,0.07842372243186291
1.0,10000.0,100000000000000.0,5.672117807982262e-25,6.073725450215967e-25,0.07080382598339718
1.0,13335.21432163324,100000000000000.0,5.189213313217433e-25,5.420160997758706e-25,0.04450533647422539
1.0,17782.794100389227,100000000000000.0,4.955453077097816e-25,4.94294350071584e-25,-0.0025244061819069685
1.0,23713.737056616552,100000000000000.0,4.614923983154182e-25,4.455580536919277e-25,-0.034527859357284085
1.0,31622.776601683792,100000000000000.0,4.231214029398492e-25,4.0564087381338854e-25,-0.0413132708603392
1.0,42169.65034285822,100000000000000.0,3.750996992749625e-25,3.613885823818533e-25,-0.03655326015886351
1.0,56234.13251903491,100000000000000.0,3.1687569196902884e-25,3.0795347994390667e-25,-0.02815682064370595
1.0,74989.42093324558,100000000000000.0,2.562882525075679e-25,2.5053882773555014e-25,-0.02243343077868143
1.0,100000.0,100000000000000.0,1.9719723332257467e-25,1.966975306323585e-25,-0.002534024853172001
1.0,133352.1432163324,100000000000000.0,1.4024995787314543e-25,1.3978192392188886e-25,-0.0033371414747939143
1.0,177827.94100389228,100000000000000.0,9.257031735966799e-26,9.260488523141243e-26,0.00037342285011443543
1.0,237137.37056616554,100000000000000.0,5.656322871547265e-26,5.628118234090502e-26,-0.004986390999466961
1.0,316227.7660168379,100000000000000.0,3.2064000004085474e-26,3.1967049587557834e-26,-0.0030236532096833413
1.0,421696.5034285822,100000000000000.0,1.8190785266692674e-26,1.8099102822532927e-26,-0.005040048728826352
1.0,562341.3251903491,100000000000000.0,1.045868015899679e-26,1.041088206586446e-26,-0.00457018403906484
1.0,749894.2093324559,100000000000000.0,5.7745724116375196e-27,5.7584173562636645e-27,-0.0027976193252504666
1.0,1000000.0,100000000000000.0,3.419038694270463e-27,3.400290286877484e-27,-0.005483531796348751
1.0,1000.0,1e+17,2.971339012432475e-25,3.303610876482661e-25,0.11182563236975529
1.0,1333.521432163324,1e+17,2.290927333481239e-25,2.163387214167566e-25,-0.055671830987265025
1.0,1778.2794100389228,1e+17,1.5961888387633314e-25,1.2786605136177528e-25,-0.19892904738739303
1.0,2371.373705661655,1e+17,1.1176101102874938e-25,8.740997351182286e-26,-0.21788490720312526
1.0,3162.2776601683795,1e+17,8.018848223652686e-26,7.842661722033526e-26,-0.021971547123123436
1.0,4216.965034285822,1e+17,7.05221464868727e-26,8.129129348858418e-26,0.15270588798252338
1.0,5623.413251903491,1e+17,5.894174712971491e-26,6.747427420848608e-26,0.14476203190912162
1.0,7498.942093324558,1e+17,4.401352426671081e-26,4.8578101302032605e-26,0.10370851031291228
1.0,10000.0,1e+17,3.106907719039194e-26,3.2679604520663557e-26,0.051836986351486036
1.0,13335.21432163324,1e+17,2.2251141508603524e-26,2.183577896600551e-26,-0.018667021754250834
1.0,17782.794100389227,1e+17,1.6244691727987078e-26,1.511151352224859e-26,-0.06975683039809233
1.0,23713.737056616552,1e+17,1.131354034685076e-26,1.0279483718842699e-26,-0.09139991517296353
1.0,31622.776601683792,1e+17,7.846935711834005e-27,7.278819803393741e-27,-0.0723997149082648
1.0,42169.65034285822,1e+17,5.311092243020191e-27,5.123466396809058e-27,-0.03532716767585986
1.0,56234.13251903491,1e+17,3.4810855154975705e-27,3.45551815795928e-27,-0.007344650806326514
1.0,74989.42093324558,1e+17,2.2176227041022448e-27,2.2139768848724585e-27,-0.0016440214212463111
1.0,100000.0,1e+17,1.3680056083983192e-27,1.3671487083197303e-27,-0.0006263863783366741
1.0,133352.1432163324,1e+17,8.0296706000193855e-28,8.031948569084333e-28,0.00028369396185956575
1.0,177827.94100389228,1e+17,4.537428678765897e-28,4.5495733264956105e-28,0.002676548457179795
1.0,237137.37056616554,1e+17,2.5113568031783722e-28,2.5018320179087596e-28,-0.0037926849970335574
1.0,316227.7660168379,1e+17,1.3357282578831966e-28,1.3332211220004475e-28,-0.0018769804920667488
1.0,421696.5034285822,1e+17,7.215251868223548e-29,7.186416256853134e-29,-0.003996480219548237
1.0,562341.3251903491,1e+17,3.98774633674221e-29,3.9737323648227845e-29,-0.003514258615274546
1.0,749894.2093324559,1e+17,2.1352215265769527e-29,2.1312559644645008e-29,-0.0018572134380873129
1.0,1000000.0,1e+17,1.2328540918448429e-29,1.2274500089084915e-29,-0.00438339214031791
1.5,1000.0,10000000000.0,3.154733442772745e-27,3.0741071447832564e-27,-0.02555724578702434
1.5,1333.521432163324,10000000000.0,6.578966732262055e-27,6.213334110437974e-27,-0.05557599494022136
1.5,1778.2794100389228,10000000000.0,1.0134529789022401e-26,9.499596885546932e-27,-0.06265045509691236
1.5,2371.373705661655,10000000000.0,1.722733888699163e-26,1.662650311236361e-26,-0.034876876723062056
1.5,3162.2776601683795,10000000000.0,2.5615601036889874e-26,2.511359073011558e-26,-0.01959783438426188
1.5,4216.965034285822,10000000000.0,3.0073443245341637e-26,2.9471564282435244e-26,-0.020013636549570113
1.5,5623.413251903491,10000000000.0,3.200456199901858e-26,3.21954275714524e-26,0.0059636989389098005
1.5,7498.942093324558,10000000000.0,3.267283365532467e-26,3.1818360847367116e-26,-0.026152393666605045
1.5,10000.0,10000000000.0,3.32567565185675e-26,3.346054667768962e-26,0.006127782154833561
1.5,13335.21432163324,10000000000.0,3.713392027298063e-26,3.6339253379029724e-26,-0.021400026932494876
1.5,17782.794100389227,10000000000.0,4.7835430134437764e-26,4.643764868226707e-26,-0.02922063098925498
1.5,23713.737056616552,10000000000.0,5.758604991728914e-26,5.665608469205243e-26,-0.01614914074801832
1.5,31622.776601683792,10000000000.0,6.431621275872658e-26,6.529905315056889e-26,0.0152813785153878
1.5,42169.65034285822,10000000000.0,7.906573323518806e-26,7.862736147076498e-26,-0.005544396371043536
1.5,56234.13251903491,10000000000.0,8.787906625398724e-26,8.876498651445826e-26,0.010081129650496568
1.5,74989.42093324558,10000000000.0,1.0269008351061886e-25,1.0308724235069626e-25,0.0038675481263614753
1.5,100000.0,10000000000.0,1.1772159086717171e-25,1.1558613706878398e-25,-0.01813986527583733
1.5,133352.1432163324,10000000000.0,1.3090273952304836e-25,1.2761135109066465e-25,-0.02514377043884697
1.5,177827.94100389228,10000000000.0,1.4119650247879059e-25,1.3882692768945817e-25,-0.01678210683503545
1.5,237137.37056616554,10000000000.0,1.488598088710241e-25,1.4761913202361932e-25,-0.00833453204605239
1.5,316227.7660168379,10000000000.0,1.5141547708053995e-25,1.497169232137052e-25,-0.011217835188217062
1.5,421696.5034285822,10000000000.0,1.5474331255422836e-25,1.5284947367916498e-25,-0.012238583004352432
1.5,562341.3251903491,10000000000.0,1.483094903207287e-25,1.4681471167550772e-25,-0.010078779463056797
1.5,749894.2093324559,10000000000.0,1.2916542563426143e-25,1.2793786219970228e-25,-0.00950380822523711
1.5,1000000.0,10000000000.0,1.2338718369579879e-25,1.2212143024657712e-25,-0.010258386740897518
1.5,1000.0,100000000000000.0,3.7246129275857084e-26,3.6787287383983557e-26,-0.012319183249222876
1.5,1333.521432163324,100000000000000.0,7.756410819282981e-26,7.418633250455729e-26,-0.04354817926707977
1.5,1778.2794100389228,100000000000000.0,1.173055257183104e-25,1.1153515583353167e-25,-0.04919094688374093
1.5,2371.373705661655,100000000000000.0,1.9075867380297301e-25,1.8641775747878179e-25,-0.022756062608585648
1.5,3162.2776601683795,100000000000000.0,2.6674431949062903e-25,2.632916751321881e-25,-0.012943647178819129
1.5,4216.965034285822,100000000000000.0,2.9038192059985457e-25,2.8546668894792044e-25,-0.016926782637777582
1.5,5623.413251903491,100000000000000.0,2.7960032332717336e-25,2.849349016552752e-25,0.019079299568118158
1.5,7498.942093324558,100000000000000.0,2.606976077342496e-25,2.5248712832378307e-25,-0.03149426449220105
1.5,10000.0,100000000000000.0,2.4415975135210376e-25,2.501091767908614e-25,0.024366937653773846
1.5,13335.21432163324,100000000000000.0,2.524765304438114e-25,2.490455116766004e-25,-0.013589456260270416
1.5,17782.794100389227,100000000000000.0,2.744334949392008e-25,2.6867487728470245e-25,-0.020983654549070807
1.5,23713.737056616552,100000000000000.0,2.6469538951431903e-25,2.680390340769286e-25,0.012632046854857304
1.5,31622.776601683792,100000000000000.0,2.419213402681518e-25,2.5394990255823367e-25,0.04972096416442251
1.5,42169.65034285822,100000000000000.0,2.364662965718325e-25,2.3991870420318844e-25,0.014599998737271136
1.5,56234.13251903491,100000000000000.0,2.1114389684746704e-25,2.107616096606684e-25,-0.001810552862320347
1.5,74989.42093324558,100000000000000.0,1.8907662700319154e-25,1.8441410162028542e-25,-0.024659448694456687
1.5,100000.0,100000000000000.0,1.5888591290991918e-25,1.5279860895318301e-25,-0.038312420813463643
1.5,133352.1432163324,100000000000000.0,1.2656567189404482e-25,1.2306497188635646e-25,-0.027659158722113775
1.5,177827.94100389228,100000000000000.0,9.464225912132025e-26,9.368514012957125e-26,-0.010113019285835967
1.5,237137.37056616554,100000000000000.0,6.496113922084058e-26,6.458410539278473e-26,-0.0058039903945357185
1.5,316227.7660168379,100000000000000.0,3.99282168333896e-26,3.9705812412777795e-26,-0.005570106512390538
1.5,421696.5034285822,100000000000000.0,2.2906657950165482e-26,2.2835251131786392e-26,-0.0031172953529248204
1.5,562341.3251903491,100000000000000.0,1.2833792841880155e-26,1.2739227457229413e-26,-0.0073684674371671255
1.5,749894.2093324559,100000000000000.0,6.990536918442637e-27,6.950761813678601e-27,-0.0056898497537577475
1.5,1000000.0,100000000000000.0,3.933625607222102e-27,3.905924187854584e-27,-0.007042210452529618
1.5,1000.0,1e+17,2.4846667599143856e-26,2.5127449022651864e-26,0.011300566661007094
1.5,1333.521432163324,1e+17,4.0366182991372645e-26,4.0490094763273255e-26,0.0030696925673425746
1.5,1778.2794100389228,1e+17,4.870860487937784e-26,4.8774659953823296e-26,0.0013561274154543224
1.5,2371.373705661655,1e+17,4.7549529990455987e-26,4.8670561029164165e-26,0.023576069814637224
1.5,3162.2776601683795,1e+17,3.868497324278512e-26,3.857534030498609e-26,-0.002833992855855949
1.5,4216.965034285822,1e+17,2.966681089208722e-26,2.80112535080774e-26,-0.05580503378107937
1.5,5623.413251903491,1e+17,2.1164695512957898e-26,2.172092704362278e-26,0.026281102429483783
1.5,7498.942093324558,1e+17,1.6124644991957762e-26,1.694933833678479e-26,0.05114489932884392
1.5,10000.0,1e+17,1.409370987267903e-26,1.339944758188479e-26,-0.04926043583031914
1.5,13335.21432163324,1e+17,1.2107914789824001e-26,1.1672616819090653e-26,-0.03595152247843614
1.5,17782.794100389227,1e+17,9.443666084569382e-27,9.721177746203641e-27,0.02938600953793813
1.5,23713.737056616552,1e+17,6.863137981296613e-27,7.340138645615965e-27,0.06950183219676953
1.5,31622.776601683792,1e+17,5.029501940334007e-27,5.3027490875407436e-27,0.05432886803670067
1.5,42169.65034285822,1e+17,3.776102787576643e-27,3.7463868689260765e-27,-0.007869467628988214
1.5,56234.13251903491,1e+17,2.6974005757260367e-27,2.5754081728096263e-27,-0.04522591268579923
1.5,74989.42093324558,1e+17,1.8985444233413985e-27,1.7984560272758115e-27,-0.05271849045777588
1.5,100000.0,1e+17,1.2802346479862404e-27,1.238062439935981e-27,-0.032940998836888724
1.5,133352.1432163324,1e+17,8.251851033052818e-28,8.143649963964107e-28,-0.013112339117043126
1.5,177827.94100389228,1e+17,5.149146505312589e-28,5.1224180479586056e-28,-0.0051908519841893375
1.5,237137.37056616554,1e+17,3.049662152563393e-28,3.0368657204764996e-28,-0.004196016295161531
1.5,316227.7660168379,1e+17,1.7058721163555503e-28,1.699310130099319e-28,-0.0038467046816208494
1.5,421696.5034285822,1e+17,9.226030302073814e-29,9.208937152807043e-29,-0.001852708988277385
1.5,562341.3251903491,1e+17,4.941382615157507e-29,4.911182134550791e-29,-0.006111747047086946
1.5,749894.2093324559,1e+17,2.5900331491175325e-29,2.5785316400583476e-29,-0.004440680252723261
1.5,1000000.0,1e+17,1.421713557011931e-29,1.413537178655405e-29,-0.005751072933221968
2.0,1000.0,10000000000.0,2.357130797950418e-28,1.6611620444466732e-28,-0.2952609817448002
2.0,1333.521432163324,10000000000.0,4.675068324720369e-28,3.903835394077279e-28,-0.16496719985139907
2.0,1778.2794100389228,10000000000.0,1.1556037328449776e-27,9.903778659408812e-28,-0.14297796226161996
2.0,2371.373705661655,10000000000.0,2.360356198028346e-27,2.1300241047174352e-27,-0.09758361619458622
2.0,3162.2776601683795,10000000000.0,4.347687277374464e-27,3.9935698601694775e-27,-0.08144960633388398
2.0,4216.965034285822,10000000000.0,7.053540409923983e-27,6.857830332069737e-27,-0.02774636090251803
2.0,5623.413251903491,10000000000.0,1.0330644094263801e-26,1.0291882528320015e-26,-0.003752095763836172
2.0,7498.942093324558,10000000000.0,1.3413542867099135e-26,1.3319155524358724e-26,-0.0070367198044243295
2.0,10000.0,10000000000.0,1.5814456791775033e-26,1.535636424283504e-26,-0.02896669515567818
2.0,13335.21432163324,10000000000.0,1.7129718703804789e-26,1.6977318570940766e-26,-0.008896826357701504
2.0,17782.794100389227,10000000000.0,2.0949506764199282e-26,2.056098225656366e-26,-0.018545759191790356
2.0,23713.737056616552,10000000000.0,2.732830271658288e-26,2.7219447756841766e-26,-0.003983231628763351
2.0,31622.776601683792,10000000000.0,3.3468269238970814e-26,3.33204060753488e-26,-0.004418010461378796
2.0,42169.65034285822,10000000000.0,3.941229682218013e-26,3.881354137914434e-26,-0.015192097170516283
2.0,56234.13251903491,10000000000.0,4.830948682083692e-26,4.8836818068986784e-26,0.01091568722527625
2.0,74989.42093324558,10000000000.0,5.891512023113291e-26,5.851322505019221e-26,-0.00682159655049519
2.0,100000.0,10000000000.0,7.236683875968904e-26,7.423771057142082e-26,0.02585261210517209
2.0,133352.1432163324,10000000000.0,8.904076215225007e-26,9.193714160293668e-26,0.03252869113737056
2.0,177827.94100389228,10000000000.0,1.0179128671520667e-25,1.0372490242758265e-25,0.01899588633539806
2.0,237137.37056616554,10000000000.0,1.1295938574624779e-25,1.1494638793228458e-25,0.017590412455857463
2.0,316227.7660168379,10000000000.0,1.2148087441426674e-25,1.2459074076108396e-25,0.025599637488713967
2.0,421696.5034285822,10000000000.0,1.281931003896557e-25,1.312295386208855e-25,0.02368644039343959
2.0,562341.3251903491,10000000000.0,1.3277177623524594e-25,1.3580874417311734e-25,0.02287359575946679
2.0,749894.2093324559,10000000000.0,1.2522769032292798e-25,1.2729475874908434e-25,0.01650648048227943
2.0,1000000.0,10000000000.0,1.1621124235852167e-25,1.1773519343378952e-25,0.013113628632988261
2.0,1000.0,100000000000000.0,1.7959590345373573e-27,1.266410068588413e-27,-0.2948558156201805
2.0,1333.521432163324,100000000000000.0,3.608240246152933e-27,3.0407737611959576e-27,-0.15726959577095834
2.0,1778.2794100389228,100000000000000.0,9.293421070363234e-27,7.905871183312741e-27,-0.14930453237241081
2.0,2371.373705661655,100000000000000.0,1.8828784356413142e-26,1.695842698760788e-26,-0.09933500397056771
2.0,3162.2776601683795,100000000000000.0,3.4283512658871344e-26,3.1432304289561615e-26,-0.08316558450937894
2.0,4216.965034285822,100000000000000.0,5.403899947648085e-26,5.274703286324893e-26,-0.023908040965751387
2.0,5623.413251903491,100000000000000.0,7.725762307110544e-26,7.73596630098146e-26,0.0013207750206765123
2.0,7498.942093324558,100000000000000.0,9.369307464077397e-26,9.389907807809952e-26,0.002198705060276751
2.0,10000.0,100000000000000.0,1.0039829769642807e-25,9.831102539607972e-26,-0.020789917242019174
2.0,13335.21432163324,100000000000000.0,9.983836694109288e-26,1.0153905112156596e-25,0.017034374986086398
2.0,17782.794100389227,100000000000000.0,1.03995603436625e-25,1.0190068117322539e-25,-0.02014433489658307
2.0,23713.737056616552,100000000000000.0,1.1565267933510993e-25,1.1706719618321368e-25,0.012230731326207334
2.0,31622.776601683792,100000000000000.0,1.2213280733201777e-25,1.2216495899288944e-25,0.00026325163217011394
2.0,42169.65034285822,100000000000000.0,1.2064336393730677e-25,1.1895159305541636e-25,-0.014022908734288575
2.0,56234.13251903491,100000000000000.0,1.1973822056378487e-25,1.231372874017327e-25,0.028387484146193298
2.0,74989.42093324558,100000000000000.0,1.1438974951119559e-25,1.164066608643462e-25,0.017631923854796172
2.0,100000.0,100000000000000.0,1.0591992481478215e-25,1.079201125107941e-25,0.018883960685485812
2.0,133352.1432163324,100000000000000.0,9.410915240045775e-26,9.29411064234013e-26,-0.012411608725218626
2.0,177827.94100389228,100000000000000.0,7.916721636352847e-26,7.60452385388491e-26,-0.03943523554426287
2.0,237137.37056616554,100000000000000.0,6.20330950224689e-26,6.03705707613674e-26,-0.02680060152567454
2.0,316227.7660168379,100000000000000.0,4.4022182716600204e-26,4.342881671140658e-26,-0.013478795656578724
2.0,421696.5034285822,100000000000000.0,2.7822927164244877e-26,2.758163150479943e-26,-0.008672547572763478
2.0,562341.3251903491,100000000000000.0,1.6083658058895313e-26,1.6007131993438718e-26,-0.004758001269137391
2.0,749894.2093324559,100000000000000.0,8.80633169567521e-27,8.719088149787778e-27,-0.009906911175089794
2.0,1000000.0,100000000000000.0,4.785652144355877e-27,4.765235066816929e-27,-0.004266310405161455
2.0,1000.0,1e+17,2.0057139763730176e-28,2.0356218661117802e-28,0.014911343337620675
2.0,1333.521432163324,1e+17,4.292772252578863e-28,4.449078902509924e-28,0.036411586903349225
2.0,1778.2794100389228,1e+17,1.0145184075274764e-27,9.874826475943003e-28,-0.026648860910336802
2.0,2371.373705661655,1e+17,1.937468817773791e-27,1.974824697316028e-27,0.01928076426291092
2.0,3162.2776601683795,1e+17,3.490963081281729e-27,3.5033769373870045e-27,0.0035559975331271865
2.0,4216.965034285822,1e+17,4.969854397199506e-27,5.058502373113256e-27,0.017837137434791428
2.0,5623.413251903491,1e+17,5.842155870884246e-27,5.759941077056285e-27,-0.014072680641353252
2.0,7498.942093324558,1e+17,5.5740613766538706e-27,5.631993056648868e-27,0.010393082544378762
2.0,10000.0,1e+17,4.884953234954027e-27,4.989776471274875e-27,0.021458390956701656
2.0,13335.21432163324,1e+17,4.071090215970722e-27,4.036751386472142e-27,-0.008434799446072172
2.0,17782.794100389227,1e+17,3.558625105795048e-27,3.597295417198217e-27,0.010866643788972619
2.0,23713.737056616552,1e+17,3.235879916455481e-27,3.251397820099921e-27,0.0047955746335106575
2.0,31622.776601683792,1e+17,2.7183625482549354e-27,2.6649573712200675e-27,-0.019646083289792116
2.0,42169.65034285822,1e+17,2.1398778221482844e-27,2.1663944787661045e-27,0.012391668507129694
2.0,56234.13251903491,1e+17,1.6735327805250667e-27,1.7486564469065324e-27,0.044889270921777635
2.0,74989.42093324558,1e+17,1.2896461409590216e-27,1.3247540687680885e-27,0.027222915413804616
2.0,100000.0,1e+17,9.637740372642733e-28,9.512081309475615e-28,-0.013038228703878385
2.0,133352.1432163324,1e+17,6.910773434095013e-28,6.662041386565257e-28,-0.03599192621517733
2.0,177827.94100389228,1e+17,4.759200365605441e-28,4.591843245772793e-28,-0.03516496616577258
2.0,237137.37056616554,1e+17,3.159637642538651e-28,3.0958560271079443e-28,-0.020186370288796995
2.0,316227.7660168379,1e+17,1.9608766965851328e-28,1.9399463809055956e-28,-0.010673958090270275
2.0,421696.5034285822,1e+17,1.1402448436222972e-28,1.1328776975896263e-28,-0.006461021134081313
2.0,562341.3251903491,1e+17,6.256570738760654e-29,6.23733269855502e-29,-0.003074853783151532
2.0,749894.2093324559,1e+17,3.2851786372402845e-29,3.2579873303739705e-29,-0.008276964472518356
2.0,1000000.0,1e+17,1.7293863844136754e-29,1.7244972813143652e-29,-0.002827073893592491
