kind,radius_cm,gamma_e,dN_dgamma_e,electron_number,electron_energy_erg,chi,chi_radius_cm,chi_dvolume_weight,max_tau_syn_chi,max_seed_syn_chi
shell_budget,1.00053962e+14,,,4.10896019e+41,1.69428321e+41,,,,,
shell_budget,1.00180439e+14,,,4.04605955e+41,1.57205088e+41,,,,,
shell_budget,1.00603356e+14,,,4.02416326e+41,1.47705788e+41,,,,,
shell_budget,1.02017518e+14,,,4.12262557e+41,1.43464811e+41,,,,,
shell_budget,1.06746229e+14,,,4.65050305e+41,1.54572186e+41,,,,,
shell_budget,1.22558212e+14,,,7.03747442e+41,2.24741427e+41,,,,,
shell_budget,1.75430706e+14,,,2.12273837e+42,6.21191459e+41,,,,,
shell_budget,3.52226745e+14,,,1.76773980e+43,4.29365682e+42,,,,,
shell_budget,9.43380978e+14,,,3.43480685e+44,6.57483791e+43,,,,,
shell_budget,2.91810796e+15,,,1.02307967e+46,1.47033540e+45,,,,,
shell_budget,9.31281018e+15,,,3.34408361e+47,3.23893104e+46,,,,,
shell_budget,2.33055541e+16,,,5.23149105e+48,3.39557111e+47,,,,,
shell_budget,3.95078425e+16,,,2.52868362e+49,1.34636827e+48,,,,,
shell_budget,5.78771975e+16,,,7.88958514e+49,3.59706098e+48,,,,,
shell_budget,8.08047822e+16,,,2.14769196e+50,7.49823626e+48,,,,,
shell_budget,1.10699988e+17,,,5.48766923e+50,1.39284482e+49,,,,,
shell_budget,1.50403749e+17,,,1.36386765e+51,2.56652652e+49,,,,,
shell_budget,2.03594108e+17,,,3.40077523e+51,4.35949447e+49,,,,,
shell_budget,2.75252870e+17,,,8.39926078e+51,7.14854155e+49,,,,,
electron_spectrum,1.00053962e+14,3.18603621e+00,0.00000000e+00,,,,,,,
electron_spectrum,1.00180439e+14,3.18603621e+00,2.88806213e+16,,,,,,,
electron_spectrum,1.00603356e+14,3.18603621e+00,4.79177026e+20,,,,,,,
electron_spectrum,1.02017518e+14,3.18603621e+00,7.21079936e+24,,,,,,,
electron_spectrum,1.06746229e+14,3.18603621e+00,8.98615167e+28,,,,,,,
electron_spectrum,1.22558212e+14,3.18603621e+00,6.37825147e+32,,,,,,,
electron_spectrum,1.75430706e+14,3.18603621e+00,1.31389460e+36,,,,,,,
electron_spectrum,3.52226745e+14,3.18603621e+00,5.29486673e+38,,,,,,,
electron_spectrum,9.43380978e+14,3.18603621e+00,6.27084055e+40,,,,,,,
electron_spectrum,2.91810796e+15,3.18603621e+00,4.23154272e+42,,,,,,,
electron_spectrum,9.31281018e+15,3.18603621e+00,2.27493847e+44,,,,,,,
electron_spectrum,2.33055541e+16,3.18603621e+00,2.62025756e+45,,,,,,,
electron_spectrum,3.95078425e+16,3.18603621e+00,6.18137291e+45,,,,,,,
electron_spectrum,5.78771975e+16,3.18603621e+00,1.12342340e+46,,,,,,,
electron_spectrum,8.08047822e+16,3.18603621e+00,1.99648609e+46,,,,,,,
electron_spectrum,1.10699988e+17,3.18603621e+00,3.79638575e+46,,,,,,,
electron_spectrum,1.50403749e+17,3.18603621e+00,8.01644664e+46,,,,,,,
electron_spectrum,2.03594108e+17,3.18603621e+00,2.08463449e+47,,,,,,,
electron_spectrum,2.75252870e+17,3.18603621e+00,6.54523870e+47,,,,,,,
electron_spectrum,1.00053962e+14,1.40474573e+01,0.00000000e+00,,,,,,,
electron_spectrum,1.00180439e+14,1.40474573e+01,1.88666801e+18,,,,,,,
electron_spectrum,1.00603356e+14,1.40474573e+01,1.42179015e+22,,,,,,,
electron_spectrum,1.02017518e+14,1.40474573e+01,9.37772263e+25,,,,,,,
electron_spectrum,1.06746229e+14,1.40474573e+01,4.91912504e+29,,,,,,,
electron_spectrum,1.22558212e+14,1.40474573e+01,1.45054494e+33,,,,,,,
electron_spectrum,1.75430706e+14,1.40474573e+01,1.32589550e+36,,,,,,,
electron_spectrum,3.52226745e+14,1.40474573e+01,2.91001950e+38,,,,,,,
electron_spectrum,9.43380978e+14,1.40474573e+01,2.46066567e+40,,,,,,,
electron_spectrum,2.91810796e+15,1.40474573e+01,1.44407428e+42,,,,,,,
electron_spectrum,9.31281018e+15,1.40474573e+01,7.52969648e+43,,,,,,,
electron_spectrum,2.33055541e+16,1.40474573e+01,1.01659018e+45,,,,,,,
electron_spectrum,3.95078425e+16,1.40474573e+01,2.62036358e+45,,,,,,,
electron_spectrum,5.78771975e+16,1.40474573e+01,5.12297878e+45,,,,,,,
electron_spectrum,8.08047822e+16,1.40474573e+01,1.00750476e+46,,,,,,,
electron_spectrum,1.10699988e+17,1.40474573e+01,2.18389647e+46,,,,,,,
electron_spectrum,1.50403749e+17,1.40474573e+01,5.21069877e+46,,,,,,,
electron_spectrum,2.03594108e+17,1.40474573e+01,1.58150149e+47,,,,,,,
electron_spectrum,2.75252870e+17,1.40474573e+01,5.46705143e+47,,,,,,,
electron_spectrum,1.00053962e+14,5.71661842e+01,0.00000000e+00,,,,,,,
electron_spectrum,1.00180439e+14,5.71661842e+01,5.20389887e+20,,,,,,,
electron_spectrum,1.00603356e+14,5.71661842e+01,1.17829656e+24,,,,,,,
electron_spectrum,1.02017518e+14,5.71661842e+01,2.36076353e+27,,,,,,,
electron_spectrum,1.06746229e+14,5.71661842e+01,3.89562745e+30,,,,,,,
electron_spectrum,1.22558212e+14,5.71661842e+01,3.96327139e+33,,,,,,,
electron_spectrum,1.75430706e+14,5.71661842e+01,1.56898568e+36,,,,,,,
electron_spectrum,3.52226745e+14,5.71661842e+01,2.08786620e+38,,,,,,,
electron_spectrum,9.43380978e+14,5.71661842e+01,1.41128186e+40,,,,,,,
electron_spectrum,2.91810796e+15,5.71661842e+01,7.64339827e+41,,,,,,,
electron_spectrum,9.31281018e+15,5.71661842e+01,3.92168454e+43,,,,,,,
electron_spectrum,2.33055541e+16,5.71661842e+01,5.84428949e+44,,,,,,,
electron_spectrum,3.95078425e+16,5.71661842e+01,1.63917744e+45,,,,,,,
electron_spectrum,5.78771975e+16,5.71661842e+01,3.42095879e+45,,,,,,,
electron_spectrum,8.08047822e+16,5.71661842e+01,7.39517275e+45,,,,,,,
electron_spectrum,1.10699988e+17,5.71661842e+01,1.78225947e+46,,,,,,,
electron_spectrum,1.50403749e+17,5.71661842e+01,4.59750549e+46,,,,,,,
electron_spectrum,2.03594108e+17,5.71661842e+01,1.56917787e+47,,,,,,,
electron_spectrum,2.75252870e+17,5.71661842e+01,5.71617845e+47,,,,,,,
electron_spectrum,1.00053962e+14,2.31605322e+02,0.00000000e+00,,,,,,,
electron_spectrum,1.00180439e+14,2.31605322e+02,1.42461959e+23,,,,,,,
electron_spectrum,1.00603356e+14,2.31605322e+02,9.69328790e+25,,,,,,,
electron_spectrum,1.02017518e+14,2.31605322e+02,5.90160702e+28,,,,,,,
electron_spectrum,1.06746229e+14,2.31605322e+02,3.06673772e+31,,,,,,,
electron_spectrum,1.22558212e+14,2.31605322e+02,1.08900402e+34,,,,,,,
electron_spectrum,1.75430706e+14,2.31605322e+02,1.89669253e+36,,,,,,,
electron_spectrum,3.52226745e+14,2.31605322e+02,1.54347877e+38,,,,,,,
electron_spectrum,9.43380978e+14,2.31605322e+02,8.35343769e+39,,,,,,,
electron_spectrum,2.91810796e+15,2.31605322e+02,4.17593385e+41,,,,,,,
electron_spectrum,9.31281018e+15,2.31605322e+02,2.10809991e+43,,,,,,,
electron_spectrum,2.33055541e+16,2.31605322e+02,3.48523867e+44,,,,,,,
electron_spectrum,3.95078425e+16,2.31605322e+02,1.09984558e+45,,,,,,,
electron_spectrum,5.78771975e+16,2.31605322e+02,2.49450588e+45,,,,,,,
electron_spectrum,8.08047822e+16,2.31605322e+02,6.04705932e+45,,,,,,,
electron_spectrum,1.10699988e+17,2.31605322e+02,1.61473027e+46,,,,,,,
electron_spectrum,1.50403749e+17,2.31605322e+02,4.40464192e+46,,,,,,,
electron_spectrum,2.03594108e+17,2.31605322e+02,1.68066741e+47,,,,,,,
electron_spectrum,2.75252870e+17,2.31605322e+02,6.28158579e+47,,,,,,,
electron_spectrum,1.00053962e+14,9.38081798e+02,0.00000000e+00,,,,,,,
electron_spectrum,1.00180439e+14,9.38081798e+02,3.89829042e+25,,,,,,,
electron_spectrum,1.00603356e+14,9.38081798e+02,7.97005950e+27,,,,,,,
electron_spectrum,1.02017518e+14,9.38081798e+02,1.47443874e+30,,,,,,,
electron_spectrum,1.06746229e+14,9.38081798e+02,2.41238911e+32,,,,,,,
electron_spectrum,1.22558212e+14,9.38081798e+02,2.98934007e+34,,,,,,,
electron_spectrum,1.75430706e+14,9.38081798e+02,2.28976144e+36,,,,,,,
electron_spectrum,3.52226745e+14,9.38081798e+02,1.13894156e+38,,,,,,,
electron_spectrum,9.43380978e+14,9.38081798e+02,4.93969485e+39,,,,,,,
electron_spectrum,2.91810796e+15,9.38081798e+02,2.28085340e+41,,,,,,,
electron_spectrum,9.31281018e+15,9.38081798e+02,1.13110330e+43,,,,,,,
electron_spectrum,2.33055541e+16,9.38081798e+02,2.07527986e+44,,,,,,,
electron_spectrum,3.95078425e+16,9.38081798e+02,7.59225404e+44,,,,,,,
electron_spectrum,5.78771975e+16,9.38081798e+02,1.89101933e+45,,,,,,,
electron_spectrum,8.08047822e+16,9.38081798e+02,5.22563159e+45,,,,,,,
electron_spectrum,1.10699988e+17,9.38081798e+02,1.52865218e+46,,,,,,,
electron_spectrum,1.50403749e+17,9.38081798e+02,4.32270234e+46,,,,,,,
electron_spectrum,2.03594108e+17,9.38081798e+02,1.85226041e+47,,,,,,,
electron_spectrum,2.75252870e+17,9.38081798e+02,6.95760536e+47,,,,,,,
electron_spectrum,1.00053962e+14,3.79949384e+03,0.00000000e+00,,,,,,,
electron_spectrum,1.00180439e+14,3.79949384e+03,1.06672196e+28,,,,,,,
electron_spectrum,1.00603356e+14,3.79949384e+03,6.55141141e+29,,,,,,,
electron_spectrum,1.02017518e+14,3.79949384e+03,3.68140544e+31,,,,,,,
electron_spectrum,1.06746229e+14,3.79949384e+03,1.89517187e+33,,,,,,,
electron_spectrum,1.22558212e+14,3.79949384e+03,8.18388527e+34,,,,,,,
electron_spectrum,1.75430706e+14,3.79949384e+03,2.75126416e+36,,,,,,,
electron_spectrum,3.52226745e+14,3.79949384e+03,8.35981193e+37,,,,,,,
electron_spectrum,9.43380978e+14,3.79949384e+03,2.90927428e+39,,,,,,,
electron_spectrum,2.91810796e+15,3.79949384e+03,1.23929095e+41,,,,,,,
electron_spectrum,9.31281018e+15,3.79949384e+03,5.98587787e+42,,,,,,,
electron_spectrum,2.33055541e+16,3.79949384e+03,1.20260342e+44,,,,,,,
electron_spectrum,3.95078425e+16,3.79949384e+03,5.25814492e+44,,,,,,,
electron_spectrum,5.78771975e+16,3.79949384e+03,1.45507273e+45,,,,,,,
electron_spectrum,8.08047822e+16,3.79949384e+03,4.65941400e+45,,,,,,,
electron_spectrum,1.10699988e+17,3.79949384e+03,1.47287643e+46,,,,,,,
electron_spectrum,1.50403749e+17,3.79949384e+03,4.23258580e+46,,,,,,,
electron_spectrum,2.03594108e+17,3.79949384e+03,2.24560528e+47,,,,,,,
electron_spectrum,2.75252870e+17,3.79949384e+03,8.26170388e+47,,,,,,,
electron_spectrum,1.00053962e+14,1.53889981e+04,0.00000000e+00,,,,,,,
electron_spectrum,1.00180439e+14,1.53889981e+04,2.91931574e+30,,,,,,,
electron_spectrum,1.00603356e+14,1.53889981e+04,5.38112924e+31,,,,,,,
electron_spectrum,1.02017518e+14,1.53889981e+04,9.17414326e+32,,,,,,,
electron_spectrum,1.06746229e+14,1.53889981e+04,1.48274641e+34,,,,,,,
electron_spectrum,1.22558212e+14,1.53889981e+04,2.22300717e+35,,,,,,,
electron_spectrum,1.75430706e+14,1.53889981e+04,3.26821525e+36,,,,,,,
electron_spectrum,3.52226745e+14,1.53889981e+04,6.07339685e+37,,,,,,,
electron_spectrum,9.43380978e+14,1.53889981e+04,1.69766535e+39,,,,,,,
electron_spectrum,2.91810796e+15,1.53889981e+04,6.60720705e+40,,,,,,,
electron_spectrum,9.31281018e+15,1.53889981e+04,2.99288338e+42,,,,,,,
electron_spectrum,2.33055541e+16,1.53889981e+04,6.16068274e+43,,,,,,,
electron_spectrum,3.95078425e+16,1.53889981e+04,3.23338358e+44,,,,,,,
electron_spectrum,5.78771975e+16,1.53889981e+04,1.01252155e+45,,,,,,,
electron_spectrum,8.08047822e+16,1.53889981e+04,3.99590381e+45,,,,,,,
electron_spectrum,1.10699988e+17,1.53889981e+04,1.35976096e+46,,,,,,,
electron_spectrum,1.50403749e+17,1.53889981e+04,3.95835004e+46,,,,,,,
electron_spectrum,2.03594108e+17,1.53889981e+04,7.49039559e+46,,,,,,,
electron_spectrum,2.75252870e+17,1.53889981e+04,1.14531456e+47,,,,,,,
electron_spectrum,1.00053962e+14,6.23296832e+04,0.00000000e+00,,,,,,,
electron_spectrum,1.00180439e+14,6.23296832e+04,7.99256626e+32,,,,,,,
electron_spectrum,1.00603356e+14,6.23296832e+04,4.41048107e+33,,,,,,,
electron_spectrum,1.02017518e+14,6.23296832e+04,2.27337304e+34,,,,,,,
electron_spectrum,1.06746229e+14,6.23296832e+04,1.14569596e+35,,,,,,,
electron_spectrum,1.22558212e+14,6.23296832e+04,5.89949737e+35,,,,,,,
electron_spectrum,1.75430706e+14,6.23296832e+04,3.77089063e+36,,,,,,,
electron_spectrum,3.52226745e+14,6.23296832e+04,4.31153957e+37,,,,,,,
electron_spectrum,9.43380978e+14,6.23296832e+04,9.62341003e+38,,,,,,,
electron_spectrum,2.91810796e+15,6.23296832e+04,3.26637994e+40,,,,,,,
electron_spectrum,9.31281018e+15,6.23296832e+04,1.20750203e+42,,,,,,,
electron_spectrum,2.33055541e+16,6.23296832e+04,2.12571525e+43,,,,,,,
electron_spectrum,3.95078425e+16,6.23296832e+04,1.27531483e+44,,,,,,,
electron_spectrum,5.78771975e+16,6.23296832e+04,4.65889052e+44,,,,,,,
electron_spectrum,8.08047822e+16,6.23296832e+04,9.92572783e+44,,,,,,,
electron_spectrum,1.10699988e+17,6.23296832e+04,1.59339923e+45,,,,,,,
electron_spectrum,1.50403749e+17,6.23296832e+04,2.22340281e+45,,,,,,,
electron_spectrum,2.03594108e+17,6.23296832e+04,2.93823899e+45,,,,,,,
electron_spectrum,2.75252870e+17,6.23296832e+04,3.80325423e+45,,,,,,,
electron_spectrum,1.00053962e+14,2.52452393e+05,9.92730840e+35,,,,,,,
electron_spectrum,1.00180439e+14,2.52452393e+05,9.95721503e+35,,,,,,,
electron_spectrum,1.00603356e+14,2.52452393e+05,1.00571168e+36,,,,,,,
electron_spectrum,1.02017518e+14,2.52452393e+05,1.03951770e+36,,,,,,,
electron_spectrum,1.06746229e+14,2.52452393e+05,1.15864580e+36,,,,,,,
electron_spectrum,1.22558212e+14,2.52452393e+05,1.63298663e+36,,,,,,,
electron_spectrum,1.75430706e+14,2.52452393e+05,4.21702668e+36,,,,,,,
electron_spectrum,3.52226745e+14,2.52452393e+05,2.93890122e+37,,,,,,,
electron_spectrum,9.43380978e+14,2.52452393e+05,4.92358380e+38,,,,,,,
electron_spectrum,2.91810796e+15,2.52452393e+05,1.23398755e+40,,,,,,,
electron_spectrum,9.31281018e+15,2.52452393e+05,2.82789688e+41,,,,,,,
electron_spectrum,2.33055541e+16,2.52452393e+05,2.57105954e+42,,,,,,,
electron_spectrum,3.95078425e+16,2.52452393e+05,7.71299546e+42,,,,,,,
electron_spectrum,5.78771975e+16,2.52452393e+05,1.35506217e+43,,,,,,,
electron_spectrum,8.08047822e+16,2.52452393e+05,2.07629904e+43,,,,,,,
electron_spectrum,1.10699988e+17,2.52452393e+05,3.07526917e+43,,,,,,,
electron_spectrum,1.50403749e+17,2.52452393e+05,4.48720693e+43,,,,,,,
electron_spectrum,2.03594108e+17,2.52452393e+05,6.48267738e+43,,,,,,,
electron_spectrum,2.75252870e+17,2.52452393e+05,9.22485428e+43,,,,,,,
electron_spectrum,1.00053962e+14,1.02250176e+06,3.54153301e+34,,,,,,,
electron_spectrum,1.00180439e+14,1.02250176e+06,3.10675954e+34,,,,,,,
electron_spectrum,1.00603356e+14,1.02250176e+06,2.75350925e+34,,,,,,,
electron_spectrum,1.02017518e+14,1.02250176e+06,2.53777218e+34,,,,,,,
electron_spectrum,1.06746229e+14,1.02250176e+06,2.68469319e+34,,,,,,,
electron_spectrum,1.22558212e+14,1.02250176e+06,4.16865972e+34,,,,,,,
electron_spectrum,1.75430706e+14,1.02250176e+06,1.29547016e+35,,,,,,,
electron_spectrum,3.52226745e+14,1.02250176e+06,9.63232237e+35,,,,,,,
electron_spectrum,9.43380978e+14,1.02250176e+06,1.44318360e+37,,,,,,,
electron_spectrum,2.91810796e+15,1.02250176e+06,2.63086681e+38,,,,,,,
electron_spectrum,9.31281018e+15,1.02250176e+06,3.75107834e+39,,,,,,,
electron_spectrum,2.33055541e+16,1.02250176e+06,2.67406096e+40,,,,,,,
electron_spectrum,3.95078425e+16,1.02250176e+06,8.25630436e+40,,,,,,,
electron_spectrum,5.78771975e+16,1.02250176e+06,1.62261213e+41,,,,,,,
electron_spectrum,8.08047822e+16,1.02250176e+06,2.76025066e+41,,,,,,,
electron_spectrum,1.10699988e+17,1.02250176e+06,4.44582175e+41,,,,,,,
electron_spectrum,1.50403749e+17,1.02250176e+06,6.95882471e+41,,,,,,,
electron_spectrum,2.03594108e+17,1.02250176e+06,1.06754381e+42,,,,,,,
electron_spectrum,2.75252870e+17,1.02250176e+06,1.60639911e+42,,,,,,,
electron_spectrum,1.00053962e+14,4.14141390e+06,1.41577484e+33,,,,,,,
electron_spectrum,1.00180439e+14,4.14141390e+06,1.24209805e+33,,,,,,,
electron_spectrum,1.00603356e+14,4.14141390e+06,1.10046885e+33,,,,,,,
electron_spectrum,1.02017518e+14,4.14141390e+06,1.01300985e+33,,,,,,,
electron_spectrum,1.06746229e+14,4.14141390e+06,1.06701963e+33,,,,,,,
electron_spectrum,1.22558212e+14,4.14141390e+06,1.62992150e+33,,,,,,,
electron_spectrum,1.75430706e+14,4.14141390e+06,4.78896780e+33,,,,,,,
electron_spectrum,3.52226745e+14,4.14141390e+06,2.98829147e+34,,,,,,,
electron_spectrum,9.43380978e+14,4.14141390e+06,3.20049829e+35,,,,,,,
electron_spectrum,2.91810796e+15,4.14141390e+06,3.83318209e+36,,,,,,,
electron_spectrum,9.31281018e+15,4.14141390e+06,4.18432666e+37,,,,,,,
electron_spectrum,2.33055541e+16,4.14141390e+06,2.77562868e+38,,,,,,,
electron_spectrum,3.95078425e+16,4.14141390e+06,8.63861576e+38,,,,,,,
electron_spectrum,5.78771975e+16,4.14141390e+06,1.73672561e+39,,,,,,,
electron_spectrum,8.08047822e+16,4.14141390e+06,3.00679615e+39,,,,,,,
electron_spectrum,1.10699988e+17,4.14141390e+06,4.92854377e+39,,,,,,,
electron_spectrum,1.50403749e+17,4.14141390e+06,7.87522146e+39,,,,,,,
electron_spectrum,2.03594108e+17,4.14141390e+06,1.23891091e+40,,,,,,,
electron_spectrum,2.75252870e+17,4.14141390e+06,1.92282120e+40,,,,,,,
electron_spectrum,1.00053962e+14,1.67738675e+07,5.67256751e+31,,,,,,,
electron_spectrum,1.00180439e+14,1.67738675e+07,4.97224205e+31,,,,,,,
electron_spectrum,1.00603356e+14,1.67738675e+07,4.39022370e+31,,,,,,,
electron_spectrum,1.02017518e+14,1.67738675e+07,3.98849711e+31,,,,,,,
electron_spectrum,1.06746229e+14,1.67738675e+07,4.01434517e+31,,,,,,,
electron_spectrum,1.22558212e+14,1.67738675e+07,5.41475421e+31,,,,,,,
electron_spectrum,1.75430706e+14,1.67738675e+07,1.25088566e+32,,,,,,,
electron_spectrum,3.52226745e+14,1.67738675e+07,5.49715678e+32,,,,,,,
electron_spectrum,9.43380978e+14,1.67738675e+07,4.07818479e+33,,,,,,,
electron_spectrum,2.91810796e+15,1.67738675e+07,3.91281648e+34,,,,,,,
electron_spectrum,9.31281018e+15,1.67738675e+07,3.97911359e+35,,,,,,,
electron_spectrum,2.33055541e+16,1.67738675e+07,2.62466483e+36,,,,,,,
electron_spectrum,3.95078425e+16,1.67738675e+07,8.29635830e+36,,,,,,,
electron_spectrum,5.78771975e+16,1.67738675e+07,1.69501608e+37,,,,,,,
electron_spectrum,8.08047822e+16,1.67738675e+07,2.96927778e+37,,,,,,,
electron_spectrum,1.10699988e+17,1.67738675e+07,4.91566822e+37,,,,,,,
electron_spectrum,1.50403749e+17,1.67738675e+07,7.92893377e+37,,,,,,,
electron_spectrum,2.03594108e+17,1.67738675e+07,1.25961409e+38,,,,,,,
electron_spectrum,2.75252870e+17,1.67738675e+07,1.97657416e+38,,,,,,,
electron_spectrum,1.00053962e+14,6.79387858e+07,1.58027758e+30,,,,,,,
electron_spectrum,1.00180439e+14,6.79387858e+07,1.29931493e+30,,,,,,,
electron_spectrum,1.00603356e+14,6.79387858e+07,1.04865136e+30,,,,,,,
electron_spectrum,1.02017518e+14,6.79387858e+07,8.24026032e+29,,,,,,,
electron_spectrum,1.06746229e+14,6.79387858e+07,6.52844578e+29,,,,,,,
electron_spectrum,1.22558212e+14,6.79387858e+07,6.59340684e+29,,,,,,,
electron_spectrum,1.75430706e+14,6.79387858e+07,1.17236952e+30,,,,,,,
electron_spectrum,3.52226745e+14,6.79387858e+07,4.05429510e+30,,,,,,,
electron_spectrum,9.43380978e+14,6.79387858e+07,2.59910808e+31,,,,,,,
electron_spectrum,2.91810796e+15,6.79387858e+07,2.36961258e+32,,,,,,,
electron_spectrum,9.31281018e+15,6.79387858e+07,2.40197573e+33,,,,,,,
electron_spectrum,2.33055541e+16,6.79387858e+07,1.70845830e+34,,,,,,,
electron_spectrum,3.95078425e+16,6.79387858e+07,6.15207711e+34,,,,,,,
electron_spectrum,5.78771975e+16,6.79387858e+07,1.38776655e+35,,,,,,,
electron_spectrum,8.08047822e+16,6.79387858e+07,2.57855811e+35,,,,,,,
electron_spectrum,1.10699988e+17,6.79387858e+07,4.43804876e+35,,,,,,,
electron_spectrum,1.50403749e+17,6.79387858e+07,7.35787300e+35,,,,,,,
electron_spectrum,2.03594108e+17,6.79387858e+07,1.19278926e+36,,,,,,,
electron_spectrum,2.75252870e+17,6.79387858e+07,1.90089584e+36,,,,,,,
electron_spectrum,1.00053962e+14,2.75170804e+08,1.50351839e+27,,,,,,,
electron_spectrum,1.00180439e+14,2.75170804e+08,5.06553986e+26,,,,,,,
electron_spectrum,1.00603356e+14,2.75170804e+08,1.27983995e+26,,,,,,,
electron_spectrum,1.02017518e+14,2.75170804e+08,4.23579190e+25,,,,,,,
electron_spectrum,1.06746229e+14,2.75170804e+08,6.46496191e+25,,,,,,,
electron_spectrum,1.22558212e+14,2.75170804e+08,1.30210561e+26,,,,,,,
electron_spectrum,1.75430706e+14,2.75170804e+08,2.59555390e+26,,,,,,,
electron_spectrum,3.52226745e+14,2.75170804e+08,8.57114717e+26,,,,,,,
electron_spectrum,9.43380978e+14,2.75170804e+08,5.34528319e+27,,,,,,,
electron_spectrum,2.91810796e+15,2.75170804e+08,4.83597594e+28,,,,,,,
electron_spectrum,9.31281018e+15,2.75170804e+08,5.10539460e+29,,,,,,,
electron_spectrum,2.33055541e+16,2.75170804e+08,5.30074065e+30,,,,,,,
electron_spectrum,3.95078425e+16,2.75170804e+08,4.18292440e+31,,,,,,,
electron_spectrum,5.78771975e+16,2.75170804e+08,2.04737129e+32,,,,,,,
electron_spectrum,8.08047822e+16,2.75170804e+08,6.75868864e+32,,,,,,,
electron_spectrum,1.10699988e+17,2.75170804e+08,1.82360973e+33,,,,,,,
electron_spectrum,1.50403749e+17,2.75170804e+08,4.16806933e+33,,,,,,,
electron_spectrum,2.03594108e+17,2.75170804e+08,8.12743813e+33,,,,,,,
electron_spectrum,2.75252870e+17,2.75170804e+08,1.45539566e+34,,,,,,,
electron_spectrum,1.00053962e+14,1.11451759e+09,2.70031064e+19,,,,,,,
electron_spectrum,1.00180439e+14,1.11451759e+09,1.35376566e+17,,,,,,,
electron_spectrum,1.00603356e+14,1.11451759e+09,7.51167380e+16,,,,,,,
electron_spectrum,1.02017518e+14,1.11451759e+09,2.98502300e+17,,,,,,,
electron_spectrum,1.06746229e+14,1.11451759e+09,4.78589504e+17,,,,,,,
electron_spectrum,1.22558212e+14,1.11451759e+09,6.02321895e+17,,,,,,,
electron_spectrum,1.75430706e+14,1.11451759e+09,1.02912904e+18,,,,,,,
electron_spectrum,3.52226745e+14,1.11451759e+09,3.31244954e+18,,,,,,,
electron_spectrum,9.43380978e+14,1.11451759e+09,2.05711811e+19,,,,,,,
electron_spectrum,2.91810796e+15,1.11451759e+09,1.86964967e+20,,,,,,,
electron_spectrum,9.31281018e+15,1.11451759e+09,2.32762355e+21,,,,,,,
electron_spectrum,2.33055541e+16,1.11451759e+09,9.88753869e+22,,,,,,,
electron_spectrum,3.95078425e+16,1.11451759e+09,1.19073545e+25,,,,,,,
electron_spectrum,5.78771975e+16,1.11451759e+09,6.82094754e+26,,,,,,,
electron_spectrum,8.08047822e+16,1.11451759e+09,1.20706618e+28,,,,,,,
electron_spectrum,1.10699988e+17,1.11451759e+09,1.10944316e+29,,,,,,,
electron_spectrum,1.50403749e+17,1.11451759e+09,6.86523943e+29,,,,,,,
electron_spectrum,2.03594108e+17,1.11451759e+09,3.25681852e+30,,,,,,,
electron_spectrum,2.75252870e+17,1.11451759e+09,1.25142720e+31,,,,,,,
electron_spectrum,1.00053962e+14,4.51410335e+09,1.73583880e+02,,,,,,,
electron_spectrum,1.00180439e+14,4.51410335e+09,1.15862914e+02,,,,,,,
electron_spectrum,1.00603356e+14,4.51410335e+09,4.34640396e+01,,,,,,,
electron_spectrum,1.02017518e+14,4.51410335e+09,6.61913157e+00,,,,,,,
electron_spectrum,1.06746229e+14,4.51410335e+09,3.41998435e-01,,,,,,,
electron_spectrum,1.22558212e+14,4.51410335e+09,1.13252634e-02,,,,,,,
electron_spectrum,1.75430706e+14,4.51410335e+09,1.02572041e-02,,,,,,,
electron_spectrum,3.52226745e+14,4.51410335e+09,3.29873109e-02,,,,,,,
electron_spectrum,9.43380978e+14,4.51410335e+09,2.05371547e-01,,,,,,,
electron_spectrum,2.91810796e+15,4.51410335e+09,1.89607673e+00,,,,,,,
electron_spectrum,9.31281018e+15,4.51410335e+09,3.71319279e+01,,,,,,,
electron_spectrum,2.33055541e+16,4.51410335e+09,7.69156165e+04,,,,,,,
electron_spectrum,3.95078425e+16,4.51410335e+09,1.95573544e+10,,,,,,,
electron_spectrum,5.78771975e+16,4.51410335e+09,1.38145091e+15,,,,,,,
electron_spectrum,8.08047822e+16,4.51410335e+09,3.66259160e+18,,,,,,,
electron_spectrum,1.10699988e+17,4.51410335e+09,1.41726235e+21,,,,,,,
electron_spectrum,1.50403749e+17,4.51410335e+09,1.57191857e+23,,,,,,,
electron_spectrum,2.03594108e+17,4.51410335e+09,7.05692242e+24,,,,,,,
electron_spectrum,2.75252870e+17,4.51410335e+09,1.58617473e+26,,,,,,,
chi_volume_weight,,,,,,1.08134337e+00,1.00053951e+14,1.13932292e-01,3.74645097e-05,9.57560945e-03
chi_volume_weight,,,,,,1.08134337e+00,1.00180428e+14,1.13932292e-01,6.25757498e-06,1.59793175e-03
chi_volume_weight,,,,,,1.08134337e+00,1.00603345e+14,1.13932292e-01,6.37863981e-06,1.60532188e-03
chi_volume_weight,,,,,,1.08134337e+00,1.02017507e+14,1.13932292e-01,7.11246114e-06,1.63924024e-03
chi_volume_weight,,,,,,1.08134337e+00,1.06746217e+14,1.13932292e-01,1.31867000e-05,1.78383612e-03
chi_volume_weight,,,,,,1.08134337e+00,1.22558198e+14,1.13932292e-01,3.49926060e-04,2.39871612e-03
chi_volume_weight,,,,,,1.08134337e+00,1.75430686e+14,1.13932292e-01,4.14957715e-02,5.37822063e-03
chi_volume_weight,,,,,,1.08134337e+00,3.52226706e+14,1.13932292e-01,1.06949713e+00,1.51251222e-02
chi_volume_weight,,,,,,1.08134337e+00,9.43380873e+14,1.13932292e-01,7.38373381e+00,1.61297809e-02
chi_volume_weight,,,,,,1.08134337e+00,2.91810763e+15,1.13932292e-01,1.52454306e+01,2.98138076e-02
chi_volume_weight,,,,,,1.08134337e+00,9.31280905e+15,1.13932292e-01,1.10266586e+01,1.32246828e-01
chi_volume_weight,,,,,,1.08134337e+00,2.33055478e+16,1.13932292e-01,3.67724215e+00,6.30293167e-01
chi_volume_weight,,,,,,1.08134337e+00,3.95078095e+16,1.13932292e-01,4.71674523e-01,1.32521890e+00
chi_volume_weight,,,,,,1.08134337e+00,5.78770629e+16,1.13932292e-01,1.08816395e-01,1.04607910e+00
chi_volume_weight,,,,,,1.08134337e+00,8.08042923e+16,1.13932292e-01,1.71864370e-02,4.60207131e-01
chi_volume_weight,,,,,,1.08134337e+00,1.10698288e+17,1.13932292e-01,1.75508562e-03,5.08806417e-02
chi_volume_weight,,,,,,1.08134337e+00,1.50397980e+17,1.13932292e-01,7.25556964e-05,2.05537940e-03
chi_volume_weight,,,,,,1.08134337e+00,2.03574813e+17,1.13932292e-01,2.54543923e-06,6.06910052e-05
chi_volume_weight,,,,,,1.08134337e+00,2.75189424e+17,1.13932292e-01,9.70781823e-08,1.69784631e-06
chi_volume_weight,,,,,,1.28387583e+00,1.00053925e+14,1.13932292e-01,0.00000000e+00,0.00000000e+00
chi_volume_weight,,,,,,1.28387583e+00,1.00180402e+14,1.13932292e-01,6.25750584e-06,1.59792542e-03
chi_volume_weight,,,,,,1.28387583e+00,1.00603319e+14,1.13932292e-01,6.37862489e-06,1.60531861e-03
chi_volume_weight,,,,,,1.28387583e+00,1.02017481e+14,1.13932292e-01,7.11242331e-06,1.63923691e-03
chi_volume_weight,,,,,,1.28387583e+00,1.06746190e+14,1.13932292e-01,1.31907391e-05,1.78383414e-03
chi_volume_weight,,,,,,1.28387583e+00,1.22558167e+14,1.13932292e-01,3.82498821e-04,2.39890056e-03
chi_volume_weight,,,,,,1.28387583e+00,1.75430641e+14,1.13932292e-01,4.44258635e-02,5.37963830e-03
chi_volume_weight,,,,,,1.28387583e+00,3.52226615e+14,1.13932292e-01,1.13961747e+00,1.48022737e-02
chi_volume_weight,,,,,,1.28387583e+00,9.43380628e+14,1.13932292e-01,8.18770312e+00,1.48015452e-02
chi_volume_weight,,,,,,1.28387583e+00,2.91810687e+15,1.13932292e-01,1.88907422e+01,2.46946011e-02
chi_volume_weight,,,,,,1.28387583e+00,9.31280640e+15,1.13932292e-01,1.53318995e+01,9.75561099e-02
chi_volume_weight,,,,,,1.28387583e+00,2.33055333e+16,1.13932292e-01,5.08390040e+00,4.83119876e-01
chi_volume_weight,,,,,,1.28387583e+00,3.95077321e+16,1.13932292e-01,8.35891680e-01,1.24164608e+00
chi_volume_weight,,,,,,1.28387583e+00,5.78767470e+16,1.13932292e-01,5.77449673e-01,1.17832982e+00
chi_volume_weight,,,,,,1.28387583e+00,8.08031433e+16,1.13932292e-01,1.10909314e-01,9.06770716e-01
chi_volume_weight,,,,,,1.28387583e+00,1.10694302e+17,1.13932292e-01,4.52776164e-02,3.49892329e-01
chi_volume_weight,,,,,,1.28387583e+00,1.50384452e+17,1.13932292e-01,1.16966860e-02,7.33135628e-02
chi_volume_weight,,,,,,1.28387583e+00,2.03529578e+17,1.13932292e-01,2.50504813e-03,1.31753815e-02
chi_volume_weight,,,,,,1.28387583e+00,2.75040784e+17,1.13932292e-01,5.13519303e-04,2.39901550e-03
chi_volume_weight,,,,,,1.56358516e+00,1.00053892e+14,1.13932292e-01,0.00000000e+00,0.00000000e+00
chi_volume_weight,,,,,,1.56358516e+00,1.00180369e+14,1.13932292e-01,6.25730670e-06,1.59791166e-03
chi_volume_weight,,,,,,1.56358516e+00,1.00603286e+14,1.13932292e-01,6.37860552e-06,1.60531436e-03
chi_volume_weight,,,,,,1.56358516e+00,1.02017447e+14,1.13932292e-01,7.11237658e-06,1.63923236e-03
chi_volume_weight,,,,,,1.56358516e+00,1.06746154e+14,1.13932292e-01,1.31802351e-05,1.78382774e-03
chi_volume_weight,,,,,,1.56358516e+00,1.22558126e+14,1.13932292e-01,3.71519140e-04,2.39882446e-03
chi_volume_weight,,,,,,1.56358516e+00,1.75430582e+14,1.13932292e-01,5.42793471e-02,5.38402912e-03
chi_volume_weight,,,,,,1.56358516e+00,3.52226498e+14,1.13932292e-01,1.37703493e+00,1.38114056e-02
chi_volume_weight,,,,,,1.56358516e+00,9.43380316e+14,1.13932292e-01,1.09543953e+01,1.17048309e-02
chi_volume_weight,,,,,,1.56358516e+00,2.91810590e+15,1.13932292e-01,3.25215148e+01,1.72072860e-02
chi_volume_weight,,,,,,1.56358516e+00,9.31280303e+15,1.13932292e-01,3.53621947e+01,5.63171828e-02
chi_volume_weight,,,,,,1.56358516e+00,2.33055147e+16,1.13932292e-01,1.46293956e+01,1.93795844e-01
chi_volume_weight,,,,,,1.56358516e+00,3.95076334e+16,1.13932292e-01,7.28467192e+00,3.59197224e-01
chi_volume_weight,,,,,,1.56358516e+00,5.78763446e+16,1.13932292e-01,1.93629834e+02,2.00212739e-01
chi_volume_weight,,,,,,1.56358516e+00,8.08016793e+16,1.13932292e-01,1.25444059e+02,2.45813033e-01
chi_volume_weight,,,,,,1.56358516e+00,1.10689223e+17,1.13932292e-01,2.23324352e+02,4.74298176e-01
chi_volume_weight,,,,,,1.56358516e+00,1.50367221e+17,1.13932292e-01,2.86274484e+02,6.18004339e-01
chi_volume_weight,,,,,,1.56358516e+00,2.03471981e+17,1.13932292e-01,3.09161990e+02,6.78584269e-01
chi_volume_weight,,,,,,1.56358516e+00,2.74851711e+17,1.13932292e-01,3.13661129e+02,7.00175294e-01
chi_volume_weight,,,,,,1.97063302e+00,1.00053847e+14,1.13932292e-01,0.00000000e+00,0.00000000e+00
chi_volume_weight,,,,,,1.97063302e+00,1.00180324e+14,1.13932292e-01,6.25703513e-06,1.59789001e-03
chi_volume_weight,,,,,,1.97063302e+00,1.00603241e+14,1.13932292e-01,6.37857962e-06,1.60530868e-03
chi_volume_weight,,,,,,1.97063302e+00,1.02017402e+14,1.13932292e-01,7.11231944e-06,1.63922627e-03
chi_volume_weight,,,,,,1.97063302e+00,1.06746107e+14,1.13932292e-01,1.31730453e-05,1.78381923e-03
chi_volume_weight,,,,,,1.97063302e+00,1.22558072e+14,1.13932292e-01,3.62191189e-04,2.39874288e-03
chi_volume_weight,,,,,,1.97063302e+00,1.75430505e+14,1.13932292e-01,5.05479068e-02,5.38250368e-03
chi_volume_weight,,,,,,1.97063302e+00,3.52226342e+14,1.13932292e-01,2.06989361e+00,1.14937773e-02
chi_volume_weight,,,,,,1.97063302e+00,9.43379897e+14,1.13932292e-01,1.95337200e+01,7.67539223e-03
chi_volume_weight,,,,,,1.97063302e+00,2.91810460e+15,1.13932292e-01,8.30200800e+01,2.14968674e-02
chi_volume_weight,,,,,,1.97063302e+00,9.31279852e+15,1.13932292e-01,1.47443764e+02,7.20679133e-02
chi_volume_weight,,,,,,1.97063302e+00,2.33054898e+16,1.13932292e-01,1.41208283e+02,1.49415712e-01
chi_volume_weight,,,,,,1.97063302e+00,3.95075013e+16,1.13932292e-01,8.94629483e+02,3.13916483e-01
chi_volume_weight,,,,,,1.97063302e+00,5.78758058e+16,1.13932292e-01,6.63391720e+01,1.13499583e-01
chi_volume_weight,,,,,,1.97063302e+00,8.07997192e+16,1.13932292e-01,1.42326344e+01,1.10966364e-01
chi_volume_weight,,,,,,1.97063302e+00,1.10682423e+17,1.13932292e-01,5.82308547e+00,1.25577045e-01
chi_volume_weight,,,,,,1.97063302e+00,1.50344156e+17,1.13932292e-01,1.18260575e+00,8.97021425e-02
chi_volume_weight,,,,,,1.97063302e+00,2.03394925e+17,1.13932292e-01,1.91121963e-01,2.20019450e-02
chi_volume_weight,,,,,,1.97063302e+00,2.74599061e+17,1.13932292e-01,3.35085694e-02,4.00317556e-03
chi_volume_weight,,,,,,2.60774956e+00,1.00053784e+14,1.13932292e-01,0.00000000e+00,0.00000000e+00
chi_volume_weight,,,,,,2.60774956e+00,1.00180260e+14,1.13932292e-01,6.25665073e-06,1.59785512e-03
chi_volume_weight,,,,,,2.60774956e+00,1.00603177e+14,1.13932292e-01,6.37854432e-06,1.60530092e-03
chi_volume_weight,,,,,,2.60774956e+00,1.02017337e+14,1.13932292e-01,7.11224592e-06,1.63921797e-03
chi_volume_weight,,,,,,2.60774956e+00,1.06746039e+14,1.13932292e-01,1.31680162e-05,1.78380766e-03
chi_volume_weight,,,,,,2.60774956e+00,1.22557994e+14,1.13932292e-01,3.55092504e-04,2.39865111e-03
chi_volume_weight,,,,,,2.60774956e+00,1.75430393e+14,1.13932292e-01,4.60874000e-02,5.37938055e-03
chi_volume_weight,,,,,,2.60774956e+00,3.52226117e+14,1.13932292e-01,3.01800804e+00,9.35096811e-03
chi_volume_weight,,,,,,2.60774956e+00,9.43379296e+14,1.13932292e-01,5.07588083e+01,7.10117726e-03
chi_volume_weight,,,,,,2.60774956e+00,2.91810274e+15,1.13932292e-01,3.33280433e+02,3.89838629e-02
chi_volume_weight,,,,,,2.60774956e+00,9.31279203e+15,1.13932292e-01,1.18161134e+03,1.50330777e-01
chi_volume_weight,,,,,,2.60774956e+00,2.33054541e+16,1.13932292e-01,4.64428218e+03,4.48764587e-01
chi_volume_weight,,,,,,2.60774956e+00,3.95073116e+16,1.13932292e-01,1.95826062e+02,1.50608270e-01
chi_volume_weight,,,,,,2.60774956e+00,5.78750316e+16,1.13932292e-01,1.87089522e+02,1.31251333e-01
chi_volume_weight,,,,,,2.60774956e+00,8.07969033e+16,1.13932292e-01,2.51705439e+02,1.60061197e-01
chi_volume_weight,,,,,,2.60774956e+00,1.10672655e+17,1.13932292e-01,2.17216894e+02,1.77239183e-01
chi_volume_weight,,,,,,2.60774956e+00,1.50311031e+17,1.13932292e-01,3.61958644e+02,2.81589214e-01
chi_volume_weight,,,,,,2.60774956e+00,2.03284327e+17,1.13932292e-01,4.81903445e+02,3.53917836e-01
chi_volume_weight,,,,,,2.60774956e+00,2.74236964e+17,1.13932292e-01,5.35773714e+02,3.84844554e-01
chi_volume_weight,,,,,,3.71943572e+00,1.00053682e+14,1.13932292e-01,0.00000000e+00,0.00000000e+00
chi_volume_weight,,,,,,3.71943572e+00,1.00180158e+14,1.13932292e-01,6.25614047e-06,1.59780333e-03
chi_volume_weight,,,,,,3.71943572e+00,1.00603075e+14,1.13932292e-01,6.37849993e-06,1.60529117e-03
chi_volume_weight,,,,,,3.71943572e+00,1.02017233e+14,1.13932292e-01,7.11215737e-06,1.63920751e-03
chi_volume_weight,,,,,,3.71943572e+00,1.06745930e+14,1.13932292e-01,1.31643660e-05,1.78379315e-03
chi_volume_weight,,,,,,3.71943572e+00,1.22557869e+14,1.13932292e-01,3.50776931e-04,2.39854972e-03
chi_volume_weight,,,,,,3.71943572e+00,1.75430214e+14,1.13932292e-01,4.26614179e-02,5.37530444e-03
chi_volume_weight,,,,,,3.71943572e+00,3.52225759e+14,1.13932292e-01,2.10169309e+00,1.15044935e-02
chi_volume_weight,,,,,,3.71943572e+00,9.43378335e+14,1.13932292e-01,2.62709271e+01,6.48319185e-03
chi_volume_weight,,,,,,3.71943572e+00,2.91809976e+15,1.13932292e-01,2.89902352e+02,3.84854361e-02
chi_volume_weight,,,,,,3.71943572e+00,9.31278166e+15,1.13932292e-01,2.48037154e+03,2.39149485e-01
chi_volume_weight,,,,,,3.71943572e+00,2.33053969e+16,1.13932292e-01,1.36256142e+03,2.40573395e-01
chi_volume_weight,,,,,,3.71943572e+00,3.95070082e+16,1.13932292e-01,2.72050487e+03,3.40634492e-01
chi_volume_weight,,,,,,3.71943572e+00,5.78737937e+16,1.13932292e-01,2.07760591e+03,3.51225431e-01
chi_volume_weight,,,,,,3.71943572e+00,8.07924006e+16,1.13932292e-01,1.42860064e+03,2.98153550e-01
chi_volume_weight,,,,,,3.71943572e+00,1.10657038e+17,1.13932292e-01,1.09670770e+03,2.63134431e-01
chi_volume_weight,,,,,,3.71943572e+00,1.50258090e+17,1.13932292e-01,9.15355399e+02,2.50960530e-01
chi_volume_weight,,,,,,3.71943572e+00,2.03107702e+17,1.13932292e-01,9.42704895e+02,2.82879889e-01
chi_volume_weight,,,,,,3.71943572e+00,2.73659797e+17,1.13932292e-01,1.07210535e+03,3.22704708e-01
