gamma0,normalized_radius_step,gamma
1.00000000e+03,0.00000000e+00,1.00000000e+03
1.00000000e+03,5.02512563e-03,9.99296977e+02
1.00000000e+03,1.00502513e-02,9.98594942e+02
1.00000000e+03,1.50753769e-02,9.97893892e+02
1.00000000e+03,2.01005025e-02,9.97193826e+02
1.00000000e+03,2.51256281e-02,9.96494742e+02
1.00000000e+03,3.01507538e-02,9.95796637e+02
1.00000000e+03,3.51758794e-02,9.95099510e+02
1.00000000e+03,4.02010050e-02,9.94403358e+02
1.00000000e+03,4.52261307e-02,9.93708179e+02
1.00000000e+03,5.02512563e-02,9.93013972e+02
1.00000000e+03,5.52763819e-02,9.92320734e+02
1.00000000e+03,6.03015075e-02,9.91628463e+02
1.00000000e+03,6.53266332e-02,9.90937158e+02
1.00000000e+03,7.03517588e-02,9.90246815e+02
1.00000000e+03,7.53768844e-02,9.89557434e+02
1.00000000e+03,8.04020101e-02,9.88869012e+02
1.00000000e+03,8.54271357e-02,9.88181547e+02
1.00000000e+03,9.04522613e-02,9.87495038e+02
1.00000000e+03,9.54773869e-02,9.86809481e+02
1.00000000e+03,1.00502513e-01,9.86124876e+02
1.00000000e+03,1.05527638e-01,9.85441220e+02
1.00000000e+03,1.10552764e-01,9.84758511e+02
1.00000000e+03,1.15577889e-01,9.84076748e+02
1.00000000e+03,1.20603015e-01,9.83395928e+02
1.00000000e+03,1.25628141e-01,9.82716049e+02
1.00000000e+03,1.30653266e-01,9.82037110e+02
1.00000000e+03,1.35678392e-01,9.81359108e+02
1.00000000e+03,1.40703518e-01,9.80682042e+02
1.00000000e+03,1.45728643e-01,9.80005910e+02
1.00000000e+03,1.50753769e-01,9.79330709e+02
1.00000000e+03,1.55778894e-01,9.78656437e+02
1.00000000e+03,1.60804020e-01,9.77983094e+02
1.00000000e+03,1.65829146e-01,9.77310677e+02
1.00000000e+03,1.70854271e-01,9.76639183e+02
1.00000000e+03,1.75879397e-01,9.75968612e+02
1.00000000e+03,1.80904523e-01,9.75298961e+02
1.00000000e+03,1.85929648e-01,9.74630228e+02
1.00000000e+03,1.90954774e-01,9.73962412e+02
1.00000000e+03,1.95979899e-01,9.73295510e+02
1.00000000e+03,2.01005025e-01,9.72629521e+02
1.00000000e+03,2.06030151e-01,9.71964443e+02
1.00000000e+03,2.11055276e-01,9.71300273e+02
1.00000000e+03,2.16080402e-01,9.70637011e+02
1.00000000e+03,2.21105528e-01,9.69974654e+02
1.00000000e+03,2.26130653e-01,9.69313200e+02
1.00000000e+03,2.31155779e-01,9.68652648e+02
1.00000000e+03,2.36180905e-01,9.67992995e+02
1.00000000e+03,2.41206030e-01,9.67334241e+02
1.00000000e+03,2.46231156e-01,9.66676382e+02
1.00000000e+03,2.51256281e-01,9.66019417e+02
1.00000000e+03,2.56281407e-01,9.65363345e+02
1.00000000e+03,2.61306533e-01,9.64708164e+02
1.00000000e+03,2.66331658e-01,9.64053871e+02
1.00000000e+03,2.71356784e-01,9.63400465e+02
1.00000000e+03,2.76381910e-01,9.62747944e+02
1.00000000e+03,2.81407035e-01,9.62096306e+02
1.00000000e+03,2.86432161e-01,9.61445550e+02
1.00000000e+03,2.91457286e-01,9.60795674e+02
1.00000000e+03,2.96482412e-01,9.60146676e+02
1.00000000e+03,3.01507538e-01,9.59498554e+02
1.00000000e+03,3.06532663e-01,9.58851306e+02
1.00000000e+03,3.11557789e-01,9.58204931e+02
1.00000000e+03,3.16582915e-01,9.57559426e+02
1.00000000e+03,3.21608040e-01,9.56914791e+02
1.00000000e+03,3.26633166e-01,9.56271024e+02
1.00000000e+03,3.31658291e-01,9.55628121e+02
1.00000000e+03,3.36683417e-01,9.54986083e+02
1.00000000e+03,3.41708543e-01,9.54344907e+02
1.00000000e+03,3.46733668e-01,9.53704591e+02
1.00000000e+03,3.51758794e-01,9.53065134e+02
1.00000000e+03,3.56783920e-01,9.52426534e+02
1.00000000e+03,3.61809045e-01,9.51788789e+02
1.00000000e+03,3.66834171e-01,9.51151898e+02
1.00000000e+03,3.71859296e-01,9.50515858e+02
1.00000000e+03,3.76884422e-01,9.49880668e+02
1.00000000e+03,3.81909548e-01,9.49246327e+02
1.00000000e+03,3.86934673e-01,9.48612832e+02
1.00000000e+03,3.91959799e-01,9.47980183e+02
1.00000000e+03,3.96984925e-01,9.47348377e+02
1.00000000e+03,4.02010050e-01,9.46717412e+02
1.00000000e+03,4.07035176e-01,9.46087287e+02
1.00000000e+03,4.12060302e-01,9.45458001e+02
1.00000000e+03,4.17085427e-01,9.44829551e+02
1.00000000e+03,4.22110553e-01,9.44201936e+02
1.00000000e+03,4.27135678e-01,9.43575154e+02
1.00000000e+03,4.32160804e-01,9.42949204e+02
1.00000000e+03,4.37185930e-01,9.42324084e+02
1.00000000e+03,4.42211055e-01,9.41699792e+02
1.00000000e+03,4.47236181e-01,9.41076326e+02
1.00000000e+03,4.52261307e-01,9.40453686e+02
1.00000000e+03,4.57286432e-01,9.39831869e+02
1.00000000e+03,4.62311558e-01,9.39210874e+02
1.00000000e+03,4.67336683e-01,9.38590699e+02
1.00000000e+03,4.72361809e-01,9.37971342e+02
1.00000000e+03,4.77386935e-01,9.37352803e+02
1.00000000e+03,4.82412060e-01,9.36735078e+02
1.00000000e+03,4.87437186e-01,9.36118167e+02
1.00000000e+03,4.92462312e-01,9.35502068e+02
1.00000000e+03,4.97487437e-01,9.34886780e+02
1.00000000e+03,5.02512563e-01,9.34272300e+02
1.00000000e+03,5.07537688e-01,9.33658628e+02
1.00000000e+03,5.12562814e-01,9.33045761e+02
1.00000000e+03,5.17587940e-01,9.32433699e+02
1.00000000e+03,5.22613065e-01,9.31822439e+02
1.00000000e+03,5.27638191e-01,9.31211979e+02
1.00000000e+03,5.32663317e-01,9.30602319e+02
1.00000000e+03,5.37688442e-01,9.29993457e+02
1.00000000e+03,5.42713568e-01,9.29385391e+02
1.00000000e+03,5.47738693e-01,9.28778120e+02
1.00000000e+03,5.52763819e-01,9.28171642e+02
1.00000000e+03,5.57788945e-01,9.27565955e+02
1.00000000e+03,5.62814070e-01,9.26961058e+02
1.00000000e+03,5.67839196e-01,9.26356950e+02
1.00000000e+03,5.72864322e-01,9.25753629e+02
1.00000000e+03,5.77889447e-01,9.25151093e+02
1.00000000e+03,5.82914573e-01,9.24549340e+02
1.00000000e+03,5.87939698e-01,9.23948370e+02
1.00000000e+03,5.92964824e-01,9.23348181e+02
1.00000000e+03,5.97989950e-01,9.22748771e+02
1.00000000e+03,6.03015075e-01,9.22150139e+02
1.00000000e+03,6.08040201e-01,9.21552283e+02
1.00000000e+03,6.13065327e-01,9.20955202e+02
1.00000000e+03,6.18090452e-01,9.20358894e+02
1.00000000e+03,6.23115578e-01,9.19763357e+02
1.00000000e+03,6.28140704e-01,9.19168591e+02
1.00000000e+03,6.33165829e-01,9.18574594e+02
1.00000000e+03,6.38190955e-01,9.17981364e+02
1.00000000e+03,6.43216080e-01,9.17388899e+02
1.00000000e+03,6.48241206e-01,9.16797199e+02
1.00000000e+03,6.53266332e-01,9.16206262e+02
1.00000000e+03,6.58291457e-01,9.15616085e+02
1.00000000e+03,6.63316583e-01,9.15026669e+02
1.00000000e+03,6.68341709e-01,9.14438011e+02
1.00000000e+03,6.73366834e-01,9.13850110e+02
1.00000000e+03,6.78391960e-01,9.13262965e+02
1.00000000e+03,6.83417085e-01,9.12676573e+02
1.00000000e+03,6.88442211e-01,9.12090934e+02
1.00000000e+03,6.93467337e-01,9.11506046e+02
1.00000000e+03,6.98492462e-01,9.10921908e+02
1.00000000e+03,7.03517588e-01,9.10338518e+02
1.00000000e+03,7.08542714e-01,9.09755875e+02
1.00000000e+03,7.13567839e-01,9.09173977e+02
1.00000000e+03,7.18592965e-01,9.08592823e+02
1.00000000e+03,7.23618090e-01,9.08012411e+02
1.00000000e+03,7.28643216e-01,9.07432741e+02
1.00000000e+03,7.33668342e-01,9.06853810e+02
1.00000000e+03,7.38693467e-01,9.06275617e+02
1.00000000e+03,7.43718593e-01,9.05698161e+02
1.00000000e+03,7.48743719e-01,9.05121441e+02
1.00000000e+03,7.53768844e-01,9.04545455e+02
1.00000000e+03,7.58793970e-01,9.03970201e+02
1.00000000e+03,7.63819095e-01,9.03395678e+02
1.00000000e+03,7.68844221e-01,9.02821885e+02
1.00000000e+03,7.73869347e-01,9.02248821e+02
1.00000000e+03,7.78894472e-01,9.01676484e+02
1.00000000e+03,7.83919598e-01,9.01104872e+02
1.00000000e+03,7.88944724e-01,9.00533985e+02
1.00000000e+03,7.93969849e-01,8.99963821e+02
1.00000000e+03,7.98994975e-01,8.99394378e+02
1.00000000e+03,8.04020101e-01,8.98825655e+02
1.00000000e+03,8.09045226e-01,8.98257651e+02
1.00000000e+03,8.14070352e-01,8.97690364e+02
1.00000000e+03,8.19095477e-01,8.97123794e+02
1.00000000e+03,8.24120603e-01,8.96557938e+02
1.00000000e+03,8.29145729e-01,8.95992796e+02
1.00000000e+03,8.34170854e-01,8.95428366e+02
1.00000000e+03,8.39195980e-01,8.94864646e+02
1.00000000e+03,8.44221106e-01,8.94301636e+02
1.00000000e+03,8.49246231e-01,8.93739334e+02
1.00000000e+03,8.54271357e-01,8.93177738e+02
1.00000000e+03,8.59296482e-01,8.92616848e+02
1.00000000e+03,8.64321608e-01,8.92056661e+02
1.00000000e+03,8.69346734e-01,8.91497178e+02
1.00000000e+03,8.74371859e-01,8.90938395e+02
1.00000000e+03,8.79396985e-01,8.90380313e+02
1.00000000e+03,8.84422111e-01,8.89822930e+02
1.00000000e+03,8.89447236e-01,8.89266244e+02
1.00000000e+03,8.94472362e-01,8.88710254e+02
1.00000000e+03,8.99497487e-01,8.88154958e+02
1.00000000e+03,9.04522613e-01,8.87600357e+02
1.00000000e+03,9.09547739e-01,8.87046447e+02
1.00000000e+03,9.14572864e-01,8.86493229e+02
1.00000000e+03,9.19597990e-01,8.85940700e+02
1.00000000e+03,9.24623116e-01,8.85388859e+02
1.00000000e+03,9.29648241e-01,8.84837706e+02
1.00000000e+03,9.34673367e-01,8.84287238e+02
1.00000000e+03,9.39698492e-01,8.83737454e+02
1.00000000e+03,9.44723618e-01,8.83188354e+02
1.00000000e+03,9.49748744e-01,8.82639936e+02
1.00000000e+03,9.54773869e-01,8.82092199e+02
1.00000000e+03,9.59798995e-01,8.81545140e+02
1.00000000e+03,9.64824121e-01,8.80998760e+02
1.00000000e+03,9.69849246e-01,8.80453057e+02
1.00000000e+03,9.74874372e-01,8.79908030e+02
1.00000000e+03,9.79899497e-01,8.79363677e+02
1.00000000e+03,9.84924623e-01,8.78819996e+02
1.00000000e+03,9.89949749e-01,8.78276988e+02
1.00000000e+03,9.94974874e-01,8.77734651e+02
1.00000000e+03,1.00000000e+00,8.77192982e+02
1.00000000e+04,0.00000000e+00,1.00000000e+04
1.00000000e+04,5.02512563e-03,9.93013972e+03
1.00000000e+04,1.00502513e-02,9.86124876e+03
1.00000000e+04,1.50753769e-02,9.79330709e+03
1.00000000e+04,2.01005025e-02,9.72629521e+03
1.00000000e+04,2.51256281e-02,9.66019417e+03
1.00000000e+04,3.01507538e-02,9.59498554e+03
1.00000000e+04,3.51758794e-02,9.53065134e+03
1.00000000e+04,4.02010050e-02,9.46717412e+03
1.00000000e+04,4.52261307e-02,9.40453686e+03
1.00000000e+04,5.02512563e-02,9.34272300e+03
1.00000000e+04,5.52763819e-02,9.28171642e+03
1.00000000e+04,6.03015075e-02,9.22150139e+03
1.00000000e+04,6.53266332e-02,9.16206262e+03
1.00000000e+04,7.03517588e-02,9.10338518e+03
1.00000000e+04,7.53768844e-02,9.04545455e+03
1.00000000e+04,8.04020101e-02,8.98825655e+03
1.00000000e+04,8.54271357e-02,8.93177738e+03
1.00000000e+04,9.04522613e-02,8.87600357e+03
1.00000000e+04,9.54773869e-02,8.82092199e+03
1.00000000e+04,1.00502513e-01,8.76651982e+03
1.00000000e+04,1.05527638e-01,8.71278459e+03
1.00000000e+04,1.10552764e-01,8.65970409e+03
1.00000000e+04,1.15577889e-01,8.60726644e+03
1.00000000e+04,1.20603015e-01,8.55546002e+03
1.00000000e+04,1.25628141e-01,8.50427350e+03
1.00000000e+04,1.30653266e-01,8.45369584e+03
1.00000000e+04,1.35678392e-01,8.40371622e+03
1.00000000e+04,1.40703518e-01,8.35432410e+03
1.00000000e+04,1.45728643e-01,8.30550918e+03
1.00000000e+04,1.50753769e-01,8.25726141e+03
1.00000000e+04,1.55778894e-01,8.20957096e+03
1.00000000e+04,1.60804020e-01,8.16242822e+03
1.00000000e+04,1.65829146e-01,8.11582382e+03
1.00000000e+04,1.70854271e-01,8.06974858e+03
1.00000000e+04,1.75879397e-01,8.02419355e+03
1.00000000e+04,1.80904523e-01,7.97914996e+03
1.00000000e+04,1.85929648e-01,7.93460925e+03
1.00000000e+04,1.90954774e-01,7.89056305e+03
1.00000000e+04,1.95979899e-01,7.84700315e+03
1.00000000e+04,2.01005025e-01,7.80392157e+03
1.00000000e+04,2.06030151e-01,7.76131045e+03
1.00000000e+04,2.11055276e-01,7.71916214e+03
1.00000000e+04,2.16080402e-01,7.67746914e+03
1.00000000e+04,2.21105528e-01,7.63622410e+03
1.00000000e+04,2.26130653e-01,7.59541985e+03
1.00000000e+04,2.31155779e-01,7.55504935e+03
1.00000000e+04,2.36180905e-01,7.51510574e+03
1.00000000e+04,2.41206030e-01,7.47558227e+03
1.00000000e+04,2.46231156e-01,7.43647235e+03
1.00000000e+04,2.51256281e-01,7.39776952e+03
1.00000000e+04,2.56281407e-01,7.35946746e+03
1.00000000e+04,2.61306533e-01,7.32155997e+03
1.00000000e+04,2.66331658e-01,7.28404100e+03
1.00000000e+04,2.71356784e-01,7.24690459e+03
1.00000000e+04,2.76381910e-01,7.21014493e+03
1.00000000e+04,2.81407035e-01,7.17375631e+03
1.00000000e+04,2.86432161e-01,7.13773314e+03
1.00000000e+04,2.91457286e-01,7.10206995e+03
1.00000000e+04,2.96482412e-01,7.06676136e+03
1.00000000e+04,3.01507538e-01,7.03180212e+03
1.00000000e+04,3.06532663e-01,6.99718706e+03
1.00000000e+04,3.11557789e-01,6.96291113e+03
1.00000000e+04,3.16582915e-01,6.92896936e+03
1.00000000e+04,3.21608040e-01,6.89535690e+03
1.00000000e+04,3.26633166e-01,6.86206897e+03
1.00000000e+04,3.31658291e-01,6.82910089e+03
1.00000000e+04,3.36683417e-01,6.79644809e+03
1.00000000e+04,3.41708543e-01,6.76410605e+03
1.00000000e+04,3.46733668e-01,6.73207037e+03
1.00000000e+04,3.51758794e-01,6.70033670e+03
1.00000000e+04,3.56783920e-01,6.66890080e+03
1.00000000e+04,3.61809045e-01,6.63775851e+03
1.00000000e+04,3.66834171e-01,6.60690571e+03
1.00000000e+04,3.71859296e-01,6.57633840e+03
1.00000000e+04,3.76884422e-01,6.54605263e+03
1.00000000e+04,3.81909548e-01,6.51604453e+03
1.00000000e+04,3.86934673e-01,6.48631030e+03
1.00000000e+04,3.91959799e-01,6.45684620e+03
1.00000000e+04,3.96984925e-01,6.42764858e+03
1.00000000e+04,4.02010050e-01,6.39871383e+03
1.00000000e+04,4.07035176e-01,6.37003841e+03
1.00000000e+04,4.12060302e-01,6.34161887e+03
1.00000000e+04,4.17085427e-01,6.31345178e+03
1.00000000e+04,4.22110553e-01,6.28553380e+03
1.00000000e+04,4.27135678e-01,6.25786164e+03
1.00000000e+04,4.32160804e-01,6.23043206e+03
1.00000000e+04,4.37185930e-01,6.20324190e+03
1.00000000e+04,4.42211055e-01,6.17628802e+03
1.00000000e+04,4.47236181e-01,6.14956737e+03
1.00000000e+04,4.52261307e-01,6.12307692e+03
1.00000000e+04,4.57286432e-01,6.09681373e+03
1.00000000e+04,4.62311558e-01,6.07077486e+03
1.00000000e+04,4.67336683e-01,6.04495747e+03
1.00000000e+04,4.72361809e-01,6.01935874e+03
1.00000000e+04,4.77386935e-01,5.99397590e+03
1.00000000e+04,4.82412060e-01,5.96880624e+03
1.00000000e+04,4.87437186e-01,5.94384707e+03
1.00000000e+04,4.92462312e-01,5.91909578e+03
1.00000000e+04,4.97487437e-01,5.89454976e+03
1.00000000e+04,5.02512563e-01,5.87020649e+03
1.00000000e+04,5.07537688e-01,5.84606345e+03
1.00000000e+04,5.12562814e-01,5.82211820e+03
1.00000000e+04,5.17587940e-01,5.79836830e+03
1.00000000e+04,5.22613065e-01,5.77481138e+03
1.00000000e+04,5.27638191e-01,5.75144509e+03
1.00000000e+04,5.32663317e-01,5.72826713e+03
1.00000000e+04,5.37688442e-01,5.70527523e+03
1.00000000e+04,5.42713568e-01,5.68246716e+03
1.00000000e+04,5.47738693e-01,5.65984073e+03
1.00000000e+04,5.52763819e-01,5.63739377e+03
1.00000000e+04,5.57788945e-01,5.61512415e+03
1.00000000e+04,5.62814070e-01,5.59302979e+03
1.00000000e+04,5.67839196e-01,5.57110862e+03
1.00000000e+04,5.72864322e-01,5.54935862e+03
1.00000000e+04,5.77889447e-01,5.52777778e+03
1.00000000e+04,5.82914573e-01,5.50636414e+03
1.00000000e+04,5.87939698e-01,5.48511577e+03
1.00000000e+04,5.92964824e-01,5.46403075e+03
1.00000000e+04,5.97989950e-01,5.44310722e+03
1.00000000e+04,6.03015075e-01,5.42234332e+03
1.00000000e+04,6.08040201e-01,5.40173724e+03
1.00000000e+04,6.13065327e-01,5.38128718e+03
1.00000000e+04,6.18090452e-01,5.36099138e+03
1.00000000e+04,6.23115578e-01,5.34084809e+03
1.00000000e+04,6.28140704e-01,5.32085561e+03
1.00000000e+04,6.33165829e-01,5.30101225e+03
1.00000000e+04,6.38190955e-01,5.28131635e+03
1.00000000e+04,6.43216080e-01,5.26176626e+03
1.00000000e+04,6.48241206e-01,5.24236038e+03
1.00000000e+04,6.53266332e-01,5.22309711e+03
1.00000000e+04,6.58291457e-01,5.20397490e+03
1.00000000e+04,6.63316583e-01,5.18499218e+03
1.00000000e+04,6.68341709e-01,5.16614746e+03
1.00000000e+04,6.73366834e-01,5.14743921e+03
1.00000000e+04,6.78391960e-01,5.12886598e+03
1.00000000e+04,6.83417085e-01,5.11042630e+03
1.00000000e+04,6.88442211e-01,5.09211873e+03
1.00000000e+04,6.93467337e-01,5.07394187e+03
1.00000000e+04,6.98492462e-01,5.05589431e+03
1.00000000e+04,7.03517588e-01,5.03797468e+03
1.00000000e+04,7.08542714e-01,5.02018163e+03
1.00000000e+04,7.13567839e-01,5.00251383e+03
1.00000000e+04,7.18592965e-01,4.98496994e+03
1.00000000e+04,7.23618090e-01,4.96754868e+03
1.00000000e+04,7.28643216e-01,4.95024876e+03
1.00000000e+04,7.33668342e-01,4.93306891e+03
1.00000000e+04,7.38693467e-01,4.91600791e+03
1.00000000e+04,7.43718593e-01,4.89906450e+03
1.00000000e+04,7.48743719e-01,4.88223749e+03
1.00000000e+04,7.53768844e-01,4.86552567e+03
1.00000000e+04,7.58793970e-01,4.84892788e+03
1.00000000e+04,7.63819095e-01,4.83244293e+03
1.00000000e+04,7.68844221e-01,4.81606970e+03
1.00000000e+04,7.73869347e-01,4.79980704e+03
1.00000000e+04,7.78894472e-01,4.78365385e+03
1.00000000e+04,7.83919598e-01,4.76760901e+03
1.00000000e+04,7.88944724e-01,4.75167144e+03
1.00000000e+04,7.93969849e-01,4.73584008e+03
1.00000000e+04,7.98994975e-01,4.72011385e+03
1.00000000e+04,8.04020101e-01,4.70449173e+03
1.00000000e+04,8.09045226e-01,4.68897267e+03
1.00000000e+04,8.14070352e-01,4.67355566e+03
1.00000000e+04,8.19095477e-01,4.65823970e+03
1.00000000e+04,8.24120603e-01,4.64302380e+03
1.00000000e+04,8.29145729e-01,4.62790698e+03
1.00000000e+04,8.34170854e-01,4.61288827e+03
1.00000000e+04,8.39195980e-01,4.59796673e+03
1.00000000e+04,8.44221106e-01,4.58314141e+03
1.00000000e+04,8.49246231e-01,4.56841139e+03
1.00000000e+04,8.54271357e-01,4.55377574e+03
1.00000000e+04,8.59296482e-01,4.53923358e+03
1.00000000e+04,8.64321608e-01,4.52478399e+03
1.00000000e+04,8.69346734e-01,4.51042611e+03
1.00000000e+04,8.74371859e-01,4.49615906e+03
1.00000000e+04,8.79396985e-01,4.48198198e+03
1.00000000e+04,8.84422111e-01,4.46789403e+03
1.00000000e+04,8.89447236e-01,4.45389436e+03
1.00000000e+04,8.94472362e-01,4.43998215e+03
1.00000000e+04,8.99497487e-01,4.42615658e+03
1.00000000e+04,9.04522613e-01,4.41241685e+03
1.00000000e+04,9.09547739e-01,4.39876216e+03
1.00000000e+04,9.14572864e-01,4.38519171e+03
1.00000000e+04,9.19597990e-01,4.37170475e+03
1.00000000e+04,9.24623116e-01,4.35830048e+03
1.00000000e+04,9.29648241e-01,4.34497817e+03
1.00000000e+04,9.34673367e-01,4.33173705e+03
1.00000000e+04,9.39698492e-01,4.31857639e+03
1.00000000e+04,9.44723618e-01,4.30549546e+03
1.00000000e+04,9.49748744e-01,4.29249353e+03
1.00000000e+04,9.54773869e-01,4.27956989e+03
1.00000000e+04,9.59798995e-01,4.26672384e+03
1.00000000e+04,9.64824121e-01,4.25395468e+03
1.00000000e+04,9.69849246e-01,4.24126172e+03
1.00000000e+04,9.74874372e-01,4.22864428e+03
1.00000000e+04,9.79899497e-01,4.21610169e+03
1.00000000e+04,9.84924623e-01,4.20363329e+03
1.00000000e+04,9.89949749e-01,4.19123842e+03
1.00000000e+04,9.94974874e-01,4.17891642e+03
1.00000000e+04,1.00000000e+00,4.16666667e+03
1.00000000e+05,0.00000000e+00,1.00000000e+05
1.00000000e+05,5.02512563e-03,9.34272300e+04
1.00000000e+05,1.00502513e-02,8.76651982e+04
1.00000000e+05,1.50753769e-02,8.25726141e+04
1.00000000e+05,2.01005025e-02,7.80392157e+04
1.00000000e+05,2.51256281e-02,7.39776952e+04
1.00000000e+05,3.01507538e-02,7.03180212e+04
1.00000000e+05,3.51758794e-02,6.70033670e+04
1.00000000e+05,4.02010050e-02,6.39871383e+04
1.00000000e+05,4.52261307e-02,6.12307692e+04
1.00000000e+05,5.02512563e-02,5.87020649e+04
1.00000000e+05,5.52763819e-02,5.63739377e+04
1.00000000e+05,6.03015075e-02,5.42234332e+04
1.00000000e+05,6.53266332e-02,5.22309711e+04
1.00000000e+05,7.03517588e-02,5.03797468e+04
1.00000000e+05,7.53768844e-02,4.86552567e+04
1.00000000e+05,8.04020101e-02,4.70449173e+04
1.00000000e+05,8.54271357e-02,4.55377574e+04
1.00000000e+05,9.04522613e-02,4.41241685e+04
1.00000000e+05,9.54773869e-02,4.27956989e+04
1.00000000e+05,1.00502513e-01,4.15448852e+04
1.00000000e+05,1.05527638e-01,4.03651116e+04
1.00000000e+05,1.10552764e-01,3.92504931e+04
1.00000000e+05,1.15577889e-01,3.81957774e+04
1.00000000e+05,1.20603015e-01,3.71962617e+04
1.00000000e+05,1.25628141e-01,3.62477231e+04
1.00000000e+05,1.30653266e-01,3.53463588e+04
1.00000000e+05,1.35678392e-01,3.44887348e+04
1.00000000e+05,1.40703518e-01,3.36717428e+04
1.00000000e+05,1.45728643e-01,3.28925620e+04
1.00000000e+05,1.50753769e-01,3.21486268e+04
1.00000000e+05,1.55778894e-01,3.14375987e+04
1.00000000e+05,1.60804020e-01,3.07573416e+04
1.00000000e+05,1.65829146e-01,3.01059002e+04
1.00000000e+05,1.70854271e-01,2.94814815e+04
1.00000000e+05,1.75879397e-01,2.88824383e+04
1.00000000e+05,1.80904523e-01,2.83072546e+04
1.00000000e+05,1.85929648e-01,2.77545328e+04
1.00000000e+05,1.90954774e-01,2.72229822e+04
1.00000000e+05,1.95979899e-01,2.67114094e+04
1.00000000e+05,2.01005025e-01,2.62187088e+04
1.00000000e+05,2.06030151e-01,2.57438551e+04
1.00000000e+05,2.11055276e-01,2.52858958e+04
1.00000000e+05,2.16080402e-01,2.48439451e+04
1.00000000e+05,2.21105528e-01,2.44171779e+04
1.00000000e+05,2.26130653e-01,2.40048251e+04
1.00000000e+05,2.31155779e-01,2.36061684e+04
1.00000000e+05,2.36180905e-01,2.32205368e+04
1.00000000e+05,2.41206030e-01,2.28473020e+04
1.00000000e+05,2.46231156e-01,2.24858757e+04
1.00000000e+05,2.51256281e-01,2.21357063e+04
1.00000000e+05,2.56281407e-01,2.17962760e+04
1.00000000e+05,2.61306533e-01,2.14670982e+04
1.00000000e+05,2.66331658e-01,2.11477152e+04
1.00000000e+05,2.71356784e-01,2.08376963e+04
1.00000000e+05,2.76381910e-01,2.05366357e+04
1.00000000e+05,2.81407035e-01,2.02441506e+04
1.00000000e+05,2.86432161e-01,1.99598796e+04
1.00000000e+05,2.91457286e-01,1.96834817e+04
1.00000000e+05,2.96482412e-01,1.94146341e+04
1.00000000e+05,3.01507538e-01,1.91530318e+04
1.00000000e+05,3.06532663e-01,1.88983856e+04
1.00000000e+05,3.11557789e-01,1.86504217e+04
1.00000000e+05,3.16582915e-01,1.84088807e+04
1.00000000e+05,3.21608040e-01,1.81735160e+04
1.00000000e+05,3.26633166e-01,1.79440938e+04
1.00000000e+05,3.31658291e-01,1.77203918e+04
1.00000000e+05,3.36683417e-01,1.75021988e+04
1.00000000e+05,3.41708543e-01,1.72893136e+04
1.00000000e+05,3.46733668e-01,1.70815451e+04
1.00000000e+05,3.51758794e-01,1.68787108e+04
1.00000000e+05,3.56783920e-01,1.66806370e+04
1.00000000e+05,3.61809045e-01,1.64871582e+04
1.00000000e+05,3.66834171e-01,1.62981163e+04
1.00000000e+05,3.71859296e-01,1.61133603e+04
1.00000000e+05,3.76884422e-01,1.59327462e+04
1.00000000e+05,3.81909548e-01,1.57561362e+04
1.00000000e+05,3.86934673e-01,1.55833986e+04
1.00000000e+05,3.91959799e-01,1.54144074e+04
1.00000000e+05,3.96984925e-01,1.52490421e+04
1.00000000e+05,4.02010050e-01,1.50871873e+04
1.00000000e+05,4.07035176e-01,1.49287322e+04
1.00000000e+05,4.12060302e-01,1.47735709e+04
1.00000000e+05,4.17085427e-01,1.46216018e+04
1.00000000e+05,4.22110553e-01,1.44727273e+04
1.00000000e+05,4.27135678e-01,1.43268539e+04
1.00000000e+05,4.32160804e-01,1.41838917e+04
1.00000000e+05,4.37185930e-01,1.40437544e+04
1.00000000e+05,4.42211055e-01,1.39063592e+04
1.00000000e+05,4.47236181e-01,1.37716263e+04
1.00000000e+05,4.52261307e-01,1.36394791e+04
1.00000000e+05,4.57286432e-01,1.35098439e+04
1.00000000e+05,4.62311558e-01,1.33826496e+04
1.00000000e+05,4.67336683e-01,1.32578281e+04
1.00000000e+05,4.72361809e-01,1.31353135e+04
1.00000000e+05,4.77386935e-01,1.30150425e+04
1.00000000e+05,4.82412060e-01,1.28969540e+04
1.00000000e+05,4.87437186e-01,1.27809891e+04
1.00000000e+05,4.92462312e-01,1.26670910e+04
1.00000000e+05,4.97487437e-01,1.25552050e+04
1.00000000e+05,5.02512563e-01,1.24452783e+04
1.00000000e+05,5.07537688e-01,1.23372598e+04
1.00000000e+05,5.12562814e-01,1.22311002e+04
1.00000000e+05,5.17587940e-01,1.21267520e+04
1.00000000e+05,5.22613065e-01,1.20241692e+04
1.00000000e+05,5.27638191e-01,1.19233074e+04
1.00000000e+05,5.32663317e-01,1.18241236e+04
1.00000000e+05,5.37688442e-01,1.17265763e+04
1.00000000e+05,5.42713568e-01,1.16306254e+04
1.00000000e+05,5.47738693e-01,1.15362319e+04
1.00000000e+05,5.52763819e-01,1.14433583e+04
1.00000000e+05,5.57788945e-01,1.13519681e+04
1.00000000e+05,5.62814070e-01,1.12620260e+04
1.00000000e+05,5.67839196e-01,1.11734980e+04
1.00000000e+05,5.72864322e-01,1.10863510e+04
1.00000000e+05,5.77889447e-01,1.10005528e+04
1.00000000e+05,5.82914573e-01,1.09160724e+04
1.00000000e+05,5.87939698e-01,1.08328797e+04
1.00000000e+05,5.92964824e-01,1.07509454e+04
1.00000000e+05,5.97989950e-01,1.06702413e+04
1.00000000e+05,6.03015075e-01,1.05907398e+04
1.00000000e+05,6.08040201e-01,1.05124142e+04
1.00000000e+05,6.13065327e-01,1.04352386e+04
1.00000000e+05,6.18090452e-01,1.03591879e+04
1.00000000e+05,6.23115578e-01,1.02842377e+04
1.00000000e+05,6.28140704e-01,1.02103643e+04
1.00000000e+05,6.33165829e-01,1.01375446e+04
1.00000000e+05,6.38190955e-01,1.00657562e+04
1.00000000e+05,6.43216080e-01,9.99497740e+03
1.00000000e+05,6.48241206e-01,9.92518703e+03
1.00000000e+05,6.53266332e-01,9.85636454e+03
1.00000000e+05,6.58291457e-01,9.78848992e+03
1.00000000e+05,6.63316583e-01,9.72154372e+03
1.00000000e+05,6.68341709e-01,9.65550704e+03
1.00000000e+05,6.73366834e-01,9.59036145e+03
1.00000000e+05,6.78391960e-01,9.52608904e+03
1.00000000e+05,6.83417085e-01,9.46267237e+03
1.00000000e+05,6.88442211e-01,9.40009447e+03
1.00000000e+05,6.93467337e-01,9.33833881e+03
1.00000000e+05,6.98492462e-01,9.27738928e+03
1.00000000e+05,7.03517588e-01,9.21723020e+03
1.00000000e+05,7.08542714e-01,9.15784630e+03
1.00000000e+05,7.13567839e-01,9.09922268e+03
1.00000000e+05,7.18592965e-01,9.04134484e+03
1.00000000e+05,7.23618090e-01,8.98419865e+03
1.00000000e+05,7.28643216e-01,8.92777030e+03
1.00000000e+05,7.33668342e-01,8.87204637e+03
1.00000000e+05,7.38693467e-01,8.81701374e+03
1.00000000e+05,7.43718593e-01,8.76265962e+03
1.00000000e+05,7.48743719e-01,8.70897155e+03
1.00000000e+05,7.53768844e-01,8.65593736e+03
1.00000000e+05,7.58793970e-01,8.60354518e+03
1.00000000e+05,7.63819095e-01,8.55178341e+03
1.00000000e+05,7.68844221e-01,8.50064075e+03
1.00000000e+05,7.73869347e-01,8.45010616e+03
1.00000000e+05,7.78894472e-01,8.40016885e+03
1.00000000e+05,7.83919598e-01,8.35081830e+03
1.00000000e+05,7.88944724e-01,8.30204422e+03
1.00000000e+05,7.93969849e-01,8.25383658e+03
1.00000000e+05,7.98994975e-01,8.20618557e+03
1.00000000e+05,8.04020101e-01,8.15908159e+03
1.00000000e+05,8.09045226e-01,8.11251529e+03
1.00000000e+05,8.14070352e-01,8.06647750e+03
1.00000000e+05,8.19095477e-01,8.02095929e+03
1.00000000e+05,8.24120603e-01,7.97595190e+03
1.00000000e+05,8.29145729e-01,7.93144679e+03
1.00000000e+05,8.34170854e-01,7.88743559e+03
1.00000000e+05,8.39195980e-01,7.84391013e+03
1.00000000e+05,8.44221106e-01,7.80086241e+03
1.00000000e+05,8.49246231e-01,7.75828460e+03
1.00000000e+05,8.54271357e-01,7.71616906e+03
1.00000000e+05,8.59296482e-01,7.67450829e+03
1.00000000e+05,8.64321608e-01,7.63329498e+03
1.00000000e+05,8.69346734e-01,7.59252194e+03
1.00000000e+05,8.74371859e-01,7.55218216e+03
1.00000000e+05,8.79396985e-01,7.51226878e+03
1.00000000e+05,8.84422111e-01,7.47277507e+03
1.00000000e+05,8.89447236e-01,7.43369443e+03
1.00000000e+05,8.94472362e-01,7.39502044e+03
1.00000000e+05,8.99497487e-01,7.35674677e+03
1.00000000e+05,9.04522613e-01,7.31886723e+03
1.00000000e+05,9.09547739e-01,7.28137578e+03
1.00000000e+05,9.14572864e-01,7.24426647e+03
1.00000000e+05,9.19597990e-01,7.20753350e+03
1.00000000e+05,9.24623116e-01,7.17117117e+03
1.00000000e+05,9.29648241e-01,7.13517390e+03
1.00000000e+05,9.34673367e-01,7.09953621e+03
1.00000000e+05,9.39698492e-01,7.06425275e+03
1.00000000e+05,9.44723618e-01,7.02931826e+03
1.00000000e+05,9.49748744e-01,6.99472759e+03
1.00000000e+05,9.54773869e-01,6.96047569e+03
1.00000000e+05,9.59798995e-01,6.92655761e+03
1.00000000e+05,9.64824121e-01,6.89296848e+03
1.00000000e+05,9.69849246e-01,6.85970355e+03
1.00000000e+05,9.74874372e-01,6.82675815e+03
1.00000000e+05,9.79899497e-01,6.79412769e+03
1.00000000e+05,9.84924623e-01,6.76180768e+03
1.00000000e+05,9.89949749e-01,6.72979371e+03
1.00000000e+05,9.94974874e-01,6.69808145e+03
1.00000000e+05,1.00000000e+00,6.66666667e+03
1.00000000e+06,0.00000000e+00,1.00000000e+06
1.00000000e+06,5.02512563e-03,5.87020649e+05
1.00000000e+06,1.00502513e-02,4.15448852e+05
1.00000000e+06,1.50753769e-02,3.21486268e+05
1.00000000e+06,2.01005025e-02,2.62187088e+05
1.00000000e+06,2.51256281e-02,2.21357063e+05
1.00000000e+06,3.01507538e-02,1.91530318e+05
1.00000000e+06,3.51758794e-02,1.68787108e+05
1.00000000e+06,4.02010050e-02,1.50871873e+05
1.00000000e+06,4.52261307e-02,1.36394791e+05
1.00000000e+06,5.02512563e-02,1.24452783e+05
1.00000000e+06,5.52763819e-02,1.14433583e+05
1.00000000e+06,6.03015075e-02,1.05907398e+05
1.00000000e+06,6.53266332e-02,9.85636454e+04
1.00000000e+06,7.03517588e-02,9.21723020e+04
1.00000000e+06,7.53768844e-02,8.65593736e+04
1.00000000e+06,8.04020101e-02,8.15908159e+04
1.00000000e+06,8.54271357e-02,7.71616906e+04
1.00000000e+06,9.04522613e-02,7.31886723e+04
1.00000000e+06,9.54773869e-02,6.96047569e+04
1.00000000e+06,1.00502513e-01,6.63554518e+04
1.00000000e+06,1.05527638e-01,6.33959860e+04
1.00000000e+06,1.10552764e-01,6.06892345e+04
1.00000000e+06,1.15577889e-01,5.82041533e+04
1.00000000e+06,1.20603015e-01,5.59145827e+04
1.00000000e+06,1.25628141e-01,5.37983239e+04
1.00000000e+06,1.30653266e-01,5.18364157e+04
1.00000000e+06,1.35678392e-01,5.00125660e+04
1.00000000e+06,1.40703518e-01,4.83126973e+04
1.00000000e+06,1.45728643e-01,4.67245832e+04
1.00000000e+06,1.50753769e-01,4.52375540e+04
1.00000000e+06,1.55778894e-01,4.38422560e+04
1.00000000e+06,1.60804020e-01,4.25304552e+04
1.00000000e+06,1.65829146e-01,4.12948745e+04
1.00000000e+06,1.70854271e-01,4.01290583e+04
1.00000000e+06,1.75879397e-01,3.90272602e+04
1.00000000e+06,1.80904523e-01,3.79843482e+04
1.00000000e+06,1.85929648e-01,3.69957241e+04
1.00000000e+06,1.90954774e-01,3.60572567e+04
1.00000000e+06,1.95979899e-01,3.51652235e+04
1.00000000e+06,2.01005025e-01,3.43162614e+04
1.00000000e+06,2.06030151e-01,3.35073245e+04
1.00000000e+06,2.11055276e-01,3.27356473e+04
1.00000000e+06,2.16080402e-01,3.19987136e+04
1.00000000e+06,2.21105528e-01,3.12942287e+04
1.00000000e+06,2.26130653e-01,3.06200954e+04
1.00000000e+06,2.31155779e-01,2.99743937e+04
1.00000000e+06,2.36180905e-01,2.93553621e+04
1.00000000e+06,2.41206030e-01,2.87613817e+04
1.00000000e+06,2.46231156e-01,2.81909619e+04
1.00000000e+06,2.51256281e-01,2.76427282e+04
1.00000000e+06,2.56281407e-01,2.71154108e+04
1.00000000e+06,2.61306533e-01,2.66078353e+04
1.00000000e+06,2.66331658e-01,2.61189132e+04
1.00000000e+06,2.71356784e-01,2.56476350e+04
1.00000000e+06,2.76381910e-01,2.51930624e+04
1.00000000e+06,2.81407035e-01,2.47543227e+04
1.00000000e+06,2.86432161e-01,2.43306028e+04
1.00000000e+06,2.91457286e-01,2.39211444e+04
1.00000000e+06,2.96482412e-01,2.35252394e+04
1.00000000e+06,3.01507538e-01,2.31422258e+04
1.00000000e+06,3.06532663e-01,2.27714842e+04
1.00000000e+06,3.11557789e-01,2.24124338e+04
1.00000000e+06,3.16582915e-01,2.20645304e+04
1.00000000e+06,3.21608040e-01,2.17272628e+04
1.00000000e+06,3.26633166e-01,2.14001506e+04
1.00000000e+06,3.31658291e-01,2.10827418e+04
1.00000000e+06,3.36683417e-01,2.07746111e+04
1.00000000e+06,3.41708543e-01,2.04753575e+04
1.00000000e+06,3.46733668e-01,2.01846029e+04
1.00000000e+06,3.51758794e-01,1.99019902e+04
1.00000000e+06,3.56783920e-01,1.96271822e+04
1.00000000e+06,3.61809045e-01,1.93598599e+04
1.00000000e+06,3.66834171e-01,1.90997217e+04
1.00000000e+06,3.71859296e-01,1.88464817e+04
1.00000000e+06,3.76884422e-01,1.85998691e+04
1.00000000e+06,3.81909548e-01,1.83596273e+04
1.00000000e+06,3.86934673e-01,1.81255123e+04
1.00000000e+06,3.91959799e-01,1.78972929e+04
1.00000000e+06,3.96984925e-01,1.76747491e+04
1.00000000e+06,4.02010050e-01,1.74576717e+04
1.00000000e+06,4.07035176e-01,1.72458619e+04
1.00000000e+06,4.12060302e-01,1.70391301e+04
1.00000000e+06,4.17085427e-01,1.68372959e+04
1.00000000e+06,4.22110553e-01,1.66401873e+04
1.00000000e+06,4.27135678e-01,1.64476403e+04
1.00000000e+06,4.32160804e-01,1.62594983e+04
1.00000000e+06,4.37185930e-01,1.60756119e+04
1.00000000e+06,4.42211055e-01,1.58958383e+04
1.00000000e+06,4.47236181e-01,1.57200411e+04
1.00000000e+06,4.52261307e-01,1.55480897e+04
1.00000000e+06,4.57286432e-01,1.53798593e+04
1.00000000e+06,4.62311558e-01,1.52152305e+04
1.00000000e+06,4.67336683e-01,1.50540888e+04
1.00000000e+06,4.72361809e-01,1.48963246e+04
1.00000000e+06,4.77386935e-01,1.47418327e+04
1.00000000e+06,4.82412060e-01,1.45905125e+04
1.00000000e+06,4.87437186e-01,1.44422672e+04
1.00000000e+06,4.92462312e-01,1.42970041e+04
1.00000000e+06,4.97487437e-01,1.41546340e+04
1.00000000e+06,5.02512563e-01,1.40150715e+04
1.00000000e+06,5.07537688e-01,1.38782342e+04
1.00000000e+06,5.12562814e-01,1.37440431e+04
1.00000000e+06,5.17587940e-01,1.36124222e+04
1.00000000e+06,5.22613065e-01,1.34832983e+04
1.00000000e+06,5.27638191e-01,1.33566011e+04
1.00000000e+06,5.32663317e-01,1.32322628e+04
1.00000000e+06,5.37688442e-01,1.31102181e+04
1.00000000e+06,5.42713568e-01,1.29904041e+04
1.00000000e+06,5.47738693e-01,1.28727602e+04
1.00000000e+06,5.52763819e-01,1.27572280e+04
1.00000000e+06,5.57788945e-01,1.26437512e+04
1.00000000e+06,5.62814070e-01,1.25322753e+04
1.00000000e+06,5.67839196e-01,1.24227480e+04
1.00000000e+06,5.72864322e-01,1.23151185e+04
1.00000000e+06,5.77889447e-01,1.22093380e+04
1.00000000e+06,5.82914573e-01,1.21053592e+04
1.00000000e+06,5.87939698e-01,1.20031365e+04
1.00000000e+06,5.92964824e-01,1.19026258e+04
1.00000000e+06,5.97989950e-01,1.18037843e+04
1.00000000e+06,6.03015075e-01,1.17065710e+04
1.00000000e+06,6.08040201e-01,1.16109458e+04
1.00000000e+06,6.13065327e-01,1.15168702e+04
1.00000000e+06,6.18090452e-01,1.14243068e+04
1.00000000e+06,6.23115578e-01,1.13332194e+04
1.00000000e+06,6.28140704e-01,1.12435731e+04
1.00000000e+06,6.33165829e-01,1.11553338e+04
1.00000000e+06,6.38190955e-01,1.10684688e+04
1.00000000e+06,6.43216080e-01,1.09829461e+04
1.00000000e+06,6.48241206e-01,1.08987349e+04
1.00000000e+06,6.53266332e-01,1.08158052e+04
1.00000000e+06,6.58291457e-01,1.07341281e+04
1.00000000e+06,6.63316583e-01,1.06536753e+04
1.00000000e+06,6.68341709e-01,1.05744195e+04
1.00000000e+06,6.73366834e-01,1.04963342e+04
1.00000000e+06,6.78391960e-01,1.04193937e+04
1.00000000e+06,6.83417085e-01,1.03435730e+04
1.00000000e+06,6.88442211e-01,1.02688477e+04
1.00000000e+06,6.93467337e-01,1.01951944e+04
1.00000000e+06,6.98492462e-01,1.01225902e+04
1.00000000e+06,7.03517588e-01,1.00510127e+04
1.00000000e+06,7.08542714e-01,9.98044034e+03
1.00000000e+06,7.13567839e-01,9.91085213e+03
1.00000000e+06,7.18592965e-01,9.84222761e+03
1.00000000e+06,7.23618090e-01,9.77454688e+03
1.00000000e+06,7.28643216e-01,9.70779062e+03
1.00000000e+06,7.33668342e-01,9.64194002e+03
1.00000000e+06,7.38693467e-01,9.57697676e+03
1.00000000e+06,7.43718593e-01,9.51288303e+03
1.00000000e+06,7.48743719e-01,9.44964148e+03
1.00000000e+06,7.53768844e-01,9.38723525e+03
1.00000000e+06,7.58793970e-01,9.32564787e+03
1.00000000e+06,7.63819095e-01,9.26486335e+03
1.00000000e+06,7.68844221e-01,9.20486609e+03
1.00000000e+06,7.73869347e-01,9.14564088e+03
1.00000000e+06,7.78894472e-01,9.08717293e+03
1.00000000e+06,7.83919598e-01,9.02944780e+03
1.00000000e+06,7.88944724e-01,8.97245142e+03
1.00000000e+06,7.93969849e-01,8.91617008e+03
1.00000000e+06,7.98994975e-01,8.86059041e+03
1.00000000e+06,8.04020101e-01,8.80569937e+03
1.00000000e+06,8.09045226e-01,8.75148423e+03
1.00000000e+06,8.14070352e-01,8.69793260e+03
1.00000000e+06,8.19095477e-01,8.64503236e+03
1.00000000e+06,8.24120603e-01,8.59277171e+03
1.00000000e+06,8.29145729e-01,8.54113910e+03
1.00000000e+06,8.34170854e-01,8.49012330e+03
1.00000000e+06,8.39195980e-01,8.43971330e+03
1.00000000e+06,8.44221106e-01,8.38989839e+03
1.00000000e+06,8.49246231e-01,8.34066809e+03
1.00000000e+06,8.54271357e-01,8.29201217e+03
1.00000000e+06,8.59296482e-01,8.24392063e+03
1.00000000e+06,8.64321608e-01,8.19638371e+03
1.00000000e+06,8.69346734e-01,8.14939187e+03
1.00000000e+06,8.74371859e-01,8.10293579e+03
1.00000000e+06,8.79396985e-01,8.05700636e+03
1.00000000e+06,8.84422111e-01,8.01159467e+03
1.00000000e+06,8.89447236e-01,7.96669202e+03
1.00000000e+06,8.94472362e-01,7.92228990e+03
1.00000000e+06,8.99497487e-01,7.87837998e+03
1.00000000e+06,9.04522613e-01,7.83495413e+03
1.00000000e+06,9.09547739e-01,7.79200439e+03
1.00000000e+06,9.14572864e-01,7.74952296e+03
1.00000000e+06,9.19597990e-01,7.70750223e+03
1.00000000e+06,9.24623116e-01,7.66593474e+03
1.00000000e+06,9.29648241e-01,7.62481321e+03
1.00000000e+06,9.34673367e-01,7.58413049e+03
1.00000000e+06,9.39698492e-01,7.54387960e+03
1.00000000e+06,9.44723618e-01,7.50405370e+03
1.00000000e+06,9.49748744e-01,7.46464609e+03
1.00000000e+06,9.54773869e-01,7.42565021e+03
1.00000000e+06,9.59798995e-01,7.38705965e+03
1.00000000e+06,9.64824121e-01,7.34886813e+03
1.00000000e+06,9.69849246e-01,7.31106947e+03
1.00000000e+06,9.74874372e-01,7.27365766e+03
1.00000000e+06,9.79899497e-01,7.23662679e+03
1.00000000e+06,9.84924623e-01,7.19997106e+03
1.00000000e+06,9.89949749e-01,7.16368480e+03
1.00000000e+06,9.94974874e-01,7.12776246e+03
1.00000000e+06,1.00000000e+00,7.09219858e+03
