kind,target_photon_ev,pgamma_gamma_p_threshold,bh_gamma_p_threshold,gamma_gamma_partner_ev,normalized_n_epsilon
threshold,1.00000000e-06,7.23426240e+13,5.10998950e+11,2.61119927e+17,1.00000000e+00
threshold,1.15547754e-06,6.26084210e+13,4.42240489e+11,2.25984425e+17,9.16944598e-01
threshold,1.33512833e-06,5.41840227e+13,3.82733957e+11,1.95576650e+17,8.40787396e-01
threshold,1.54271080e-06,4.68931858e+13,3.31234442e+11,1.69260452e+17,7.70955460e-01
threshold,1.78256767e-06,4.05833816e+13,2.86664545e+11,1.46485282e+17,7.06923445e-01
threshold,2.05971690e-06,3.51226055e+13,2.48091838e+11,1.26774669e+17,6.48209634e-01
threshold,2.37995660e-06,3.03966148e+13,2.14709356e+11,1.09716256e+17,5.94372322e-01
threshold,2.74998639e-06,2.63065389e+13,1.85818720e+11,9.49531707e+16,5.45006490e-01
threshold,3.17754749e-06,2.27668113e+13,1.60815519e+11,8.21765615e+16,4.99740756e-01
threshold,3.67158474e-06,1.97033785e+13,1.39176673e+11,7.11191339e+16,4.58234587e-01
threshold,4.24243369e-06,1.70521520e+13,1.20449484e+11,6.15495600e+16,4.20175729e-01
threshold,4.90203682e-06,1.47576664e+13,1.04242169e+11,5.32676388e+16,3.85277865e-01
threshold,5.66419342e-06,1.27719198e+13,9.02156604e+10,4.61001077e+16,3.53278457e-01
threshold,6.54484825e-06,1.10533692e+13,7.80765161e+10,3.98970177e+16,3.23936773e-01
threshold,7.56242513e-06,9.56606152e+12,6.75707781e+10,3.45285966e+16,2.97032074e-01
threshold,8.73821234e-06,8.27888144e+12,5.84786601e+10,2.98825339e+16,2.72361955e-01
threshold,1.00968081e-05,7.16490039e+12,5.06099499e+10,2.58616313e+16,2.49740824e-01
threshold,1.16666349e-05,6.20081323e+12,4.38000293e+10,2.23817690e+16,2.28998499e-01
threshold,1.34805345e-05,5.36645070e+12,3.79064309e+10,1.93701464e+16,2.09978937e-01
threshold,1.55764548e-05,4.64435746e+12,3.28058571e+10,1.67637585e+16,1.92539052e-01
threshold,1.79982436e-05,4.01942687e+12,2.83916009e+10,1.45080783e+16,1.76547643e-01
threshold,2.07965661e-05,3.47858504e+12,2.45713137e+10,1.25559155e+16,1.61884408e-01
threshold,2.40299650e-05,3.01051724e+12,2.12650726e+10,1.08664298e+16,1.48439033e-01
threshold,2.77660847e-05,2.60543122e+12,1.84037092e+10,9.40427610e+15,1.36110370e-01
threshold,3.20830871e-05,2.25485234e+12,1.59273622e+10,8.13886537e+15,1.24805668e-01
threshold,3.70712864e-05,1.95144628e+12,1.37842249e+10,7.04372446e+15,1.14439883e-01
threshold,4.28350387e-05,1.68886562e+12,1.19294616e+10,6.09594237e+15,1.04935033e-01
threshold,4.94949249e-05,1.46161701e+12,1.03242696e+10,5.27569094e+15,9.62196113e-02
threshold,5.71902738e-05,1.26494628e+12,8.93506738e+09,4.56581005e+15,8.82280528e-02
threshold,6.60820766e-05,1.09473896e+12,7.73279195e+09,3.95144857e+15,8.09002364e-02
threshold,7.63563550e-05,9.47434225e+11,6.69229104e+09,3.41975369e+15,7.41810348e-02
threshold,8.82280528e-05,8.19950364e+11,5.79179675e+09,2.95960206e+15,6.80198991e-02
threshold,1.01945533e-04,7.09620342e+11,5.01247024e+09,2.56136703e+15,6.23704790e-02
threshold,1.17795773e-04,6.14135992e+11,4.33800752e+09,2.21671729e+15,5.71902738e-02
threshold,1.36110370e-04,5.31499725e+11,3.75429845e+09,1.91844257e+15,5.24403126e-02
threshold,1.57272474e-04,4.59982742e+11,3.24913150e+09,1.66030278e+15,4.80848614e-02
threshold,1.81724811e-04,3.98088866e+11,2.81193827e+09,1.43689750e+15,4.40911539e-02
threshold,2.09978937e-04,3.44523242e+11,2.43357242e+09,1.24355295e+15,4.04291453e-02
threshold,2.42625944e-04,2.98165245e+11,2.10611834e+09,1.07622426e+15,3.70712864e-02
threshold,2.80348828e-04,2.58045038e+11,1.82272547e+09,9.31410803e+14,3.39923158e-02
threshold,3.23936773e-04,2.23323284e+11,1.57746509e+09,8.06083004e+14,3.11690704e-02
threshold,3.74301664e-04,1.93273584e+11,1.36520620e+09,6.97618932e+14,2.85803107e-02
threshold,4.32497164e-04,1.67267280e+11,1.18150821e+09,6.03749455e+14,2.62065615e-02
threshold,4.99740756e-04,1.44760304e+11,1.02252807e+09,5.22510769e+14,2.40299650e-02
threshold,5.77439217e-04,1.25281799e+11,8.84939808e+08,4.52203313e+14,2.20341466e-02
threshold,6.67218044e-04,1.08424262e+11,7.65865005e+08,3.91356213e+14,2.02040917e-02
threshold,7.70955460e-04,9.38350238e+10,6.62812544e+08,3.38696514e+14,1.85260327e-02
threshold,8.90821715e-04,8.12088690e+10,5.73626508e+08,2.93122544e+14,1.69873456e-02
threshold,1.02932448e-03,7.02816512e+10,4.96441074e+08,2.53680868e+14,1.55764548e-02
threshold,1.18936131e-03,6.08247664e+10,4.29641476e+08,2.19546343e+14,1.42827461e-02
threshold,1.37428028e-03,5.26403713e+10,3.71830229e+08,1.90004857e+14,1.30964869e-02
threshold,1.58794999e-03,4.55572434e+10,3.21797887e+08,1.64438382e+14,1.20087529e-02
threshold,1.83484054e-03,3.94271996e+10,2.78497744e+08,1.42312055e+14,1.10113611e-02
threshold,2.12011702e-03,3.41219958e+10,2.41023936e+08,1.23162978e+14,1.00968081e-02
threshold,2.44974759e-03,2.95306440e+10,2.08592490e+08,1.06590543e+14,9.25821361e-03
threshold,2.83062831e-03,2.55570906e+10,1.80524921e+08,9.22480449e+13,8.48926895e-03
threshold,3.27072742e-03,2.21182064e+10,1.56234038e+08,7.98354291e+13,7.78418931e-03
threshold,3.77925205e-03,1.91420479e+10,1.35211662e+08,6.90930171e+13,7.13767033e-03
threshold,4.36684085e-03,1.65663523e+10,1.17017993e+08,5.97960714e+13,6.54484825e-03
threshold,5.04578650e-03,1.43372344e+10,1.01272408e+08,5.17500943e+13,6.00126325e-03
threshold,5.83029294e-03,1.24080599e+10,8.76455017e+07,4.47867593e+13,5.50282592e-03
threshold,6.73677252e-03,1.07384692e+10,7.58521901e+07,3.87603895e+13,5.04578650e-03
threshold,7.78418931e-03,9.29353349e+09,6.56457506e+07,3.35449096e+13,4.62670667e-03
threshold,8.99445587e-03,8.04302395e+09,5.68126585e+07,2.90312089e+13,4.24243369e-03
threshold,1.03928917e-02,6.96077916e+09,4.91681204e+07,2.51248579e+13,3.89007665e-03
threshold,1.20087529e-02,6.02415794e+09,4.25522080e+07,2.17441336e+13,3.56698477e-03
threshold,1.38758442e-02,5.21356561e+09,3.68265126e+07,1.88183093e+13,3.27072742e-03
threshold,1.60332262e-02,4.51204411e+09,3.18712493e+07,1.62861749e+13,2.99907584e-03
threshold,1.85260327e-02,3.90491721e+09,2.75827511e+07,1.40947569e+13,2.74998639e-03
threshold,2.14064146e-02,3.37948345e+09,2.38713002e+07,1.21982093e+13,2.52158516e-03
threshold,2.47346312e-02,2.92475046e+09,2.06592508e+07,1.05568555e+13,2.31215389e-03
threshold,2.85803107e-02,2.53120495e+09,1.78794050e+07,9.13635718e+12,2.12011702e-03
threshold,3.30239069e-02,2.19061373e+09,1.54736068e+07,7.90699681e+12,1.94402985e-03
threshold,3.81583826e-02,1.89585142e+09,1.33915254e+07,6.84305542e+12,1.78256767e-03
threshold,4.40911539e-02,1.64075144e+09,1.15896026e+07,5.92227474e+12,1.63451579e-03
threshold,5.09463378e-02,1.41997692e+09,1.00301410e+07,5.12539151e+12,1.49876043e-03
threshold,5.88673488e-02,1.22890916e+09,8.68051578e+06,4.43573445e+12,1.37428028e-03
threshold,6.80198991e-02,1.06355089e+09,7.51249203e+06,3.83887554e+12,1.26013888e-03
threshold,7.85954653e-02,9.20442721e+08,6.50163400e+06,3.32232815e+12,1.15547754e-03
threshold,9.08152945e-02,7.96590754e+08,5.62679395e+06,2.87528580e+12,1.05950888e-03
threshold,1.04935033e-01,6.89403931e+08,4.86966971e+06,2.48839611e+12,9.71510947e-04
threshold,1.21250073e-01,5.96639839e+08,4.21442180e+06,2.15356511e+12,8.90821715e-04
threshold,1.40101735e-01,5.16357801e+08,3.64734205e+06,1.86378796e+12,8.16834159e-04
threshold,1.61884408e-01,4.46878269e+08,3.15656682e+06,1.61300233e+12,7.48991670e-04
threshold,1.87053797e-01,3.86747692e+08,2.73182881e+06,1.39596165e+12,6.86783865e-04
threshold,2.16136460e-01,3.34708101e+08,2.36424225e+06,1.20812531e+12,6.29742755e-04
threshold,2.49740824e-01,2.89670799e+08,2.04611702e+06,1.04556365e+12,5.77439217e-04
threshold,2.88569911e-01,2.50693579e+08,1.77079775e+06,9.04875791e+11,5.29479771e-04
threshold,3.33436050e-01,2.16961016e+08,1.53252460e+06,7.83118463e+11,4.85503616e-04
threshold,3.85277865e-01,1.87767403e+08,1.32631276e+06,6.77744430e+11,4.45179918e-04
threshold,4.45179918e-01,1.62501993e+08,1.14784816e+06,5.86549205e+11,4.08205321e-04
threshold,5.14395394e-01,1.40636220e+08,9.93397212e+05,5.07624932e+11,3.74301664e-04
threshold,5.94372322e-01,1.21712639e+08,8.59728711e+05,4.39320469e+11,3.43213888e-04
threshold,6.86783865e-01,1.05335358e+08,7.44046236e+05,3.80206845e+11,3.14708121e-04
threshold,7.93563328e-01,9.11617529e+07,6.43929643e+05,3.29047371e+11,2.88569911e-04
threshold,9.16944598e-01,7.88953053e+07,5.57284433e+05,2.84771760e+11,2.64602621e-04
threshold,1.05950888e+00,6.82793935e+07,4.82297938e+05,2.46453740e+11,2.26366270e-04
threshold,1.22423871e+00,5.90919264e+07,4.17401398e+05,2.13291676e+11,1.74518312e-04
threshold,1.41458033e+00,5.11406969e+07,3.61237138e+05,1.84591798e+11,1.34545846e-04
threshold,1.63451579e+00,4.42593606e+07,3.12630170e+05,1.59753688e+11,1.03728854e-04
threshold,1.88864628e+00,3.83039560e+07,2.70563607e+05,1.38257719e+11,7.99703267e-05
threshold,2.18228835e+00,3.31498924e+07,2.34157393e+05,1.19654182e+11,6.16535600e-05
threshold,2.52158516e+00,2.86893439e+07,2.02649888e+05,1.03553880e+11,4.75321488e-05
threshold,2.91363501e+00,2.48289933e+07,1.75381937e+05,8.96199854e+10,3.66451696e-05
threshold,3.36663980e+00,2.14880796e+07,1.51783078e+05,7.75609934e+10,2.82517936e-05
threshold,3.89007665e+00,1.85967091e+07,1.31359610e+05,6.71246225e+10,2.17808746e-05
threshold,4.49489618e+00,1.60943926e+07,1.13684261e+05,5.80925379e+10,1.67920842e-05
threshold,5.19375156e+00,1.39287802e+07,9.83872532e+04,5.02757831e+10,1.29459490e-05
threshold,6.00126325e+00,1.20545660e+07,8.51485643e+04,4.35108270e+10,9.98075006e-06
threshold,6.93432487e+00,1.04325404e+07,7.36912331e+04,3.76561427e+10,7.69471375e-06
threshold,8.01245660e+00,9.02876952e+06,6.37755654e+04,3.25892469e+10,5.93228159e-06
threshold,9.25821361e+00,7.81388582e+06,5.51941197e+04,2.82041372e+10,4.57352488e-06
threshold,1.06976578e+01,6.76247316e+06,4.77673672e+04,2.44090745e+10,3.52598398e-06
threshold,1.23609033e+01,5.85253538e+06,4.13399359e+04,2.11246638e+10,2.71837660e-06
threshold,1.42827461e+01,5.06503606e+06,3.57773601e+04,1.82821934e+10,2.09574728e-06
threshold,1.65033922e+01,4.38350025e+06,3.09632676e+04,1.58221972e+10,1.61572781e-06
threshold,1.90692990e+01,3.79366982e+06,2.67969447e+04,1.36932106e+10,1.24565418e-06
threshold,2.20341466e+01,3.28320517e+06,2.31912295e+04,1.18506939e+10,9.60343891e-07
threshold,2.54599614e+01,2.84142709e+06,2.00706883e+04,1.02561007e+10,7.40382367e-07
threshold,2.94184134e+01,2.45909332e+06,1.73700377e+04,8.87607102e+09,5.70801828e-07
threshold,3.39923158e+01,2.12820522e+06,1.50327784e+04,7.68173396e+09,4.40062786e-07
threshold,3.92773573e+01,1.84184041e+06,1.30100135e+04,6.64810326e+09,3.39268808e-07
threshold,4.53841040e+01,1.59400798e+06,1.12594258e+04,5.75355475e+09,2.61561140e-07
threshold,5.24403126e+01,1.37952313e+06,9.74439176e+03,4.97937396e+09,2.01651989e-07
threshold,6.05936032e+01,1.19389870e+06,8.43321611e+03,4.30936458e+09,1.55464702e-07
threshold,7.00145472e+01,1.03325133e+06,7.29846825e+03,3.72950961e+09,1.19856361e-07
threshold,8.09002364e+01,8.94220180e+05,6.31640861e+03,3.22767817e+09,9.24039160e-08
threshold,9.34784058e+01,7.73896638e+05,5.46649192e+03,2.79337163e+09,7.12393036e-08
threshold,1.08012198e+02,6.69763466e+05,4.73093743e+03,2.41750406e+09,5.49223301e-08
threshold,1.24805668e+02,5.79642135e+05,4.09435691e+03,2.09221208e+09,4.23426703e-08
threshold,1.44210146e+02,5.01647256e+05,3.54343273e+03,1.81069040e+09,3.26443129e-08
threshold,1.66631584e+02,4.34147131e+05,3.06663922e+03,1.56704942e+09,2.51673112e-08
threshold,1.92539052e+02,3.75729616e+05,2.65400159e+03,1.35619203e+09,1.94028760e-08
threshold,2.22474549e+02,3.25172584e+05,2.29688723e+03,1.17370696e+09,1.49587532e-08
threshold,2.57064343e+02,2.81418353e+05,1.98782508e+03,1.01577653e+09,1.15325325e-08
threshold,2.97032074e+02,2.43551557e+05,1.72034940e+03,8.79096737e+08,8.89106888e-09
threshold,3.43213888e+02,2.10780002e+05,1.48886443e+03,7.60808160e+08,6.85461810e-09
threshold,3.96575938e+02,1.82418087e+05,1.28852737e+03,6.58436133e+08,5.28460526e-09
threshold,4.58234587e+02,1.57872465e+05,1.11514705e+03,5.69838974e+08,4.07419528e-09
threshold,5.29479771e+02,1.36629628e+05,9.65096266e+02,4.93163179e+08,3.14102310e-09
threshold,6.11801981e+02,1.18245161e+05,8.35235854e+02,4.26804645e+08,2.42158891e-09
threshold,7.06923445e+02,1.02334453e+05,7.22849064e+02,3.69375113e+08,1.86693719e-09
threshold,8.16834159e+02,8.85646409e+04,6.25584697e+02,3.19673123e+08,1.43932542e-09
threshold,9.43833521e+02,7.66476528e+04,5.41407927e+02,2.76658882e+08,1.10965579e-09
threshold,1.09057843e+03,6.63341783e+04,4.68557727e+02,2.39432506e+08,8.55495192e-10
threshold,1.26013888e+03,5.74084534e+04,4.05510027e+02,2.07215198e+08,6.59548690e-10
threshold,1.45606216e+03,4.96837469e+04,3.50945834e+02,1.79332953e+08,5.08482664e-10
threshold,1.68244712e+03,4.29984534e+04,3.03723632e+02,1.55202457e+08,3.92017486e-10
threshold,1.94402985e+03,3.72127126e+04,2.62855506e+02,1.34318888e+08,3.02228021e-10
threshold,2.24628282e+03,3.22054834e+04,2.27486471e+02,1.16245348e+08,2.33004343e-10
threshold,2.59552933e+03,2.78720117e+04,1.96876584e+02,1.00603728e+08,1.79635971e-10
threshold,2.99907584e+03,2.41216388e+04,1.70385471e+02,8.70667970e+07,1.38491333e-10
threshold,3.46536475e+03,2.08759046e+04,1.47458922e+02,7.53513542e+07,1.06770649e-10
threshold,4.00415112e+03,1.80669065e+04,1.27617299e+02,6.52123056e+07,8.23154149e-11
threshold,4.62670667e+03,1.56358786e+04,1.10445504e+02,5.64375366e+07,6.34615186e-11
threshold,5.34605562e+03,1.35319625e+04,9.55842936e+01,4.88434737e+07,4.89260043e-11
threshold,6.17724717e+03,1.17111428e+04,8.27227624e+01,4.22712447e+07,3.77197702e-11
threshold,7.13767033e+03,1.01353272e+04,7.15918397e+01,3.65833549e+07,2.90802628e-11
threshold,8.24741772e+03,8.77154843e+03,6.19586599e+01,3.16608102e+07,2.24195874e-11
threshold,9.52970590e+03,7.59127561e+03,5.36216915e+01,2.74006281e+07,1.72845033e-11
threshold,1.10113611e+04,6.56981671e+03,4.64065202e+01,2.37136831e+07,1.33255822e-11
threshold,1.27233804e+04,5.68580220e+03,4.01622003e+01,2.05228422e+07,1.02734304e-11
threshold,1.47015802e+04,4.92073798e+03,3.47580970e+01,1.77613511e+07,7.92035723e-12
threshold,1.69873456e+04,4.25861848e+03,3.00811534e+01,1.53714378e+07,6.10624265e-12
threshold,1.96284962e+04,3.68559176e+03,2.60335251e+01,1.33031040e+07,4.70764112e-12
threshold,2.26802865e+04,3.18966977e+03,2.25305333e+01,1.15130789e+07,3.62938162e-12
threshold,2.62065615e+04,2.76047752e+03,1.94988934e+01,9.96391407e+06,2.79809158e-12
threshold,3.02810931e+04,2.38903608e+03,1.68751818e+01,8.62320017e+06,2.15720398e-12
threshold,3.49891228e+04,2.06757467e+03,1.46045088e+01,7.46288864e+06,1.66310819e-12
threshold,4.04291453e+04,1.78936812e+03,1.26393706e+01,6.45870509e+06,1.28218234e-12
threshold,4.67149692e+04,1.54859620e+03,1.09386554e+01,5.58964142e+06,9.88505476e-13
threshold,5.39780975e+04,1.34022182e+03,9.46678327e+00,4.83751631e+06,7.62093694e-13
threshold,6.23704790e+04,1.15988566e+03,8.19296177e+00,4.18659486e+06,5.87540295e-13
threshold,7.20676873e+04,1.00381498e+03,7.09054181e+00,3.62325942e+06,4.52967399e-13
threshold,8.32725937e+04,8.68744694e+02,6.13646011e+00,3.13572467e+06,3.49217689e-13
threshold,9.62196113e+04,7.51849056e+02,5.31075675e+00,2.71379112e+06,2.69231284e-13
threshold,1.11179599e+05,6.50682539e+02,4.59615751e+00,2.34863166e+06,2.07565329e-13
threshold,1.28465529e+05,5.63128680e+02,3.97771256e+00,2.03260694e+06,1.60023624e-13
threshold,1.48439033e+05,4.87355801e+02,3.44248368e+00,1.75910555e+06,1.23371086e-13
threshold,1.71517968e+05,4.21778690e+02,2.97927357e+00,1.52240567e+06,9.51136127e-14
threshold,1.98185159e+05,3.65025435e+02,2.57839160e+00,1.31755540e+06,7.33283591e-14
threshold,2.28998499e+05,3.15908725e+02,2.23145109e+00,1.14026916e+06,5.65328988e-14
threshold,2.64602621e+05,2.73401010e+02,1.93119383e+00,9.86838020e+05,4.35843470e-14
threshold,3.05742385e+05,2.36613004e+02,1.67133828e+00,8.54052104e+05,3.36015903e-14
threshold,3.53278457e+05,2.04775079e+02,1.44644809e+00,7.39133456e+05,2.59053295e-14
threshold,4.08205321e+05,1.77221169e+02,1.25181845e+00,6.39677911e+05,1.99718553e-14
threshold,4.71672078e+05,1.53374828e+02,1.08337757e+00,5.53604801e+05,1.53974109e-14
threshold,5.45006490e+05,1.32737179e+02,9.37601588e-01,4.79113427e+05,1.18707180e-14
threshold,6.29742755e+05,1.14876469e+02,8.11440776e-01,4.14645385e+05,9.15179485e-15
threshold,7.27653606e+05,9.94190413e+01,7.02255779e-01,3.58851966e+05,7.05562621e-15
threshold,8.40787396e+05,8.60415182e+01,6.07762382e-01,3.10565939e+05,5.43957355e-15
threshold,9.71510947e+05,7.44640338e+01,5.25983728e-01,2.68777133e+05,4.19366893e-15
threshold,1.12255907e+06,6.44443804e+01,4.55208961e-01,2.32611301e+05,3.23313196e-15
threshold,1.29709179e+06,5.57729410e+01,3.93957431e-01,2.01311833e+05,2.49260074e-15
threshold,1.49876043e+06,4.82683040e+01,3.40947720e-01,1.74223927e+05,1.92168415e-15
threshold,1.73178400e+06,4.17734682e+01,2.95070834e-01,1.50780886e+05,1.48153289e-15
threshold,2.00103751e+06,3.61525576e+01,2.55367002e-01,1.30492270e+05,1.14219587e-15
threshold,2.31215389e+06,3.12879797e+01,2.21005596e-01,1.12933628e+05,8.80582143e-16
threshold,2.67164188e+06,2.70779645e+01,1.91267757e-01,9.77376230e+04,6.78889612e-16
threshold,3.08702217e+06,2.34344361e+01,1.65531351e-01,8.45863464e+04,5.23393653e-16
threshold,3.56698477e+06,2.02811698e+01,1.43257957e-01,7.32046655e+04,4.03513195e-16
threshold,4.12157077e+06,1.75521975e+01,1.23981603e-01,6.33544688e+04,3.11090701e-16
threshold,4.76238244e+06,1.51904273e+01,1.07299016e-01,5.48296846e+04,2.39837074e-16
threshold,5.50282592e+06,1.31464497e+01,9.28611876e-02,4.74519694e+04,1.84903702e-16
threshold,6.35839173e+06,1.13775035e+01,8.03660693e-02,4.10669770e+04,1.42552519e-16
threshold,7.34697880e+06,9.84658129e+00,6.95522560e-02,3.55411298e+04,1.09901643e-16
threshold,8.48926895e+06,8.52165533e+00,6.01935164e-02,3.07588237e+04,8.47292716e-17
threshold,9.80915956e+06,7.37500736e+00,5.20940603e-02,2.66200101e+04,6.53224946e-17
threshold,1.13342635e+07,6.38264885e+00,4.50844424e-02,2.30381027e+04,5.03607339e-17
threshold,1.30964869e+07,5.52381908e+00,3.90180172e-02,1.99381658e+04,3.88258828e-17
threshold,1.51326964e+07,4.78055082e+00,3.37678718e-02,1.72553470e+04,2.99330263e-17
threshold,1.74854907e+07,4.13729447e+00,2.92241699e-02,1.49335201e+04,2.30770301e-17
threshold,2.02040917e+07,3.58059274e+00,2.52918546e-02,1.29241112e+04,1.77913624e-17
threshold,2.33453741e+07,3.09879910e+00,2.18886598e-02,1.11850822e+04,1.37163480e-17
threshold,2.69750553e+07,2.68183413e+00,1.89433884e-02,9.68005160e+03,1.05746934e-17
threshold,3.11690704e+07,2.32097471e+00,1.63944238e-02,8.37753336e+03,8.15261758e-18
threshold,3.60151606e+07,2.00867143e+00,1.41884401e-02,7.25027801e+03,6.28530504e-18
threshold,4.16147090e+07,1.73839072e+00,1.22792869e-02,6.27470270e+03,4.84569024e-18
threshold,4.80848614e+07,1.50447817e+00,1.06270235e-02,5.43039783e+03,3.73581135e-18
threshold,5.55609771e+07,1.30204017e+00,9.19708358e-03,4.69970005e+03,2.88014416e-18
threshold,6.41994608e+07,1.12684161e+00,7.95955205e-03,4.06732274e+03,2.22046287e-18
threshold,7.41810348e+07,9.75217240e-01,6.88853899e-03,3.52003619e+03,1.71187797e-18
threshold,8.57145192e+07,8.43994981e-01,5.96163818e-03,3.04639085e+03,1.31978167e-18
threshold,9.90412013e+07,7.30429589e-01,5.15945832e-03,2.63647778e+03,1.01749288e-18
threshold,1.14439883e+08,6.32145210e-01,4.46521733e-03,2.28172137e+03,7.84441695e-19
threshold,1.32232714e+08,5.47085677e-01,3.86439130e-03,1.97469990e+03,6.04769608e-19
threshold,1.52791931e+08,4.73471496e-01,3.34441059e-03,1.70899030e+03,4.66250432e-19
threshold,1.76547643e+08,4.09762615e-01,2.89439689e-03,1.47903377e+03,3.59458316e-19
threshold,2.03996836e+08,3.54626207e-01,2.50493567e-03,1.28001950e+03,2.77126352e-19
threshold,2.35713761e+08,3.06908785e-01,2.16787916e-03,1.10778397e+03,2.13652074e-19
threshold,2.72361955e+08,2.65612075e-01,1.87617595e-03,9.58723940e+02,1.64716233e-19
threshold,3.14708121e+08,2.29872123e-01,1.62372343e-03,8.29720969e+02,1.26988879e-19
threshold,3.63638164e+08,1.98941231e-01,1.40524016e-03,7.18076244e+02,9.79027699e-20
threshold,4.20175729e+08,1.72172305e-01,1.21615532e-03,6.21454094e+02,7.54786750e-20
threshold,4.85503616e+08,1.49005325e-01,1.05251317e-03,5.37833125e+02,5.81906966e-20
threshold,5.60988521e+08,1.28955623e-01,9.10890207e-04,4.65463939e+02,4.48624353e-20
threshold,6.48209634e+08,1.11603747e-01,7.88323597e-04,4.02832530e+02,3.45869395e-20
threshold,7.48991670e+08,9.65866870e-02,6.82249177e-04,3.48628613e+02,2.66649898e-20
threshold,8.65443048e+08,8.35902768e-02,5.90447807e-04,3.01718209e+02,2.05575195e-20
threshold,1.00000000e+09,7.23426240e-02,5.10998950e-04,2.61119927e+02,1.58489319e-20
survival,1.00000000e-03,9.99000500e-01,9.99500167e-01,,
survival,1.05397680e-03,9.98946578e-01,9.99473197e-01,,
survival,1.11086709e-03,9.98889750e-01,9.99444772e-01,,
survival,1.17082814e-03,9.98829857e-01,9.99414814e-01,,
survival,1.23402569e-03,9.98766735e-01,9.99383241e-01,,
survival,1.30063444e-03,9.98700211e-01,9.99349965e-01,,
survival,1.37083853e-03,9.98630101e-01,9.99314894e-01,,
survival,1.44483200e-03,9.98556211e-01,9.99277932e-01,,
survival,1.52281940e-03,9.98478339e-01,9.99238977e-01,,
survival,1.60501632e-03,9.98396271e-01,9.99197921e-01,,
survival,1.69164996e-03,9.98309780e-01,9.99154652e-01,,
survival,1.78295980e-03,9.98218629e-01,9.99109050e-01,,
survival,1.87919826e-03,9.98122566e-01,9.99060989e-01,,
survival,1.98063137e-03,9.98021329e-01,9.99010338e-01,,
survival,2.08753951e-03,9.97914638e-01,9.98956956e-01,,
survival,2.20021820e-03,9.97802201e-01,9.98900697e-01,,
survival,2.31897894e-03,9.97683708e-01,9.98841406e-01,,
survival,2.44414999e-03,9.97558835e-01,9.98778920e-01,,
survival,2.57607738e-03,9.97427238e-01,9.98713067e-01,,
survival,2.71512579e-03,9.97288557e-01,9.98643665e-01,,
survival,2.86167958e-03,9.97142411e-01,9.98570524e-01,,
survival,3.01614388e-03,9.96988400e-01,9.98493443e-01,,
survival,3.17894567e-03,9.96826102e-01,9.98412210e-01,,
survival,3.35053497e-03,9.96655072e-01,9.98326602e-01,,
survival,3.53138612e-03,9.96474842e-01,9.98236384e-01,,
survival,3.72199903e-03,9.96284919e-01,9.98141307e-01,,
survival,3.92290062e-03,9.96084784e-01,9.98041112e-01,,
survival,4.13464623e-03,9.95873890e-01,9.97935523e-01,,
survival,4.35782119e-03,9.95651660e-01,9.97824251e-01,,
survival,4.59304242e-03,9.95417489e-01,9.97706991e-01,,
survival,4.84096014e-03,9.95170738e-01,9.97583421e-01,,
survival,5.10225967e-03,9.94910735e-01,9.97453203e-01,,
survival,5.37766330e-03,9.94636770e-01,9.97315982e-01,,
survival,5.66793234e-03,9.94348100e-01,9.97171380e-01,,
survival,5.97386918e-03,9.94043939e-01,9.97019004e-01,,
survival,6.29631950e-03,9.93723461e-01,9.96858437e-01,,
survival,6.63617467e-03,9.93385796e-01,9.96689240e-01,,
survival,6.99437412e-03,9.93030030e-01,9.96510952e-01,,
survival,7.37190803e-03,9.92655198e-01,9.96323087e-01,,
survival,7.76982002e-03,9.92260287e-01,9.96125132e-01,,
survival,8.18921002e-03,9.91844230e-01,9.95916549e-01,,
survival,8.63123735e-03,9.91405905e-01,9.95696771e-01,,
survival,9.09712390e-03,9.90944130e-01,9.95465200e-01,,
survival,9.58815751e-03,9.90457662e-01,9.95221207e-01,,
survival,1.01056955e-02,9.89945195e-01,9.94964130e-01,,
survival,1.06511686e-02,9.89405354e-01,9.94693273e-01,,
survival,1.12260846e-02,9.88836693e-01,9.94407903e-01,,
survival,1.18320327e-02,9.88237691e-01,9.94107248e-01,,
survival,1.24706879e-02,9.87606749e-01,9.93790495e-01,,
survival,1.31438157e-02,9.86942187e-01,9.93456791e-01,,
survival,1.38532768e-02,9.86242238e-01,9.93105237e-01,,
survival,1.46010323e-02,9.85505046e-01,9.92734886e-01,,
survival,1.53891493e-02,9.84728659e-01,9.92344745e-01,,
survival,1.62198062e-02,9.83911026e-01,9.91933767e-01,,
survival,1.70952994e-02,9.83049996e-01,9.91500851e-01,,
survival,1.80180490e-02,9.82143306e-01,9.91044841e-01,,
survival,1.89906055e-02,9.81188580e-01,9.90564520e-01,,
survival,2.00156576e-02,9.80183326e-01,9.90058610e-01,,
survival,2.10960387e-02,9.79124926e-01,9.89525765e-01,,
survival,2.22347353e-02,9.78010634e-01,9.88964574e-01,,
survival,2.34348951e-02,9.76837570e-01,9.88373551e-01,,
survival,2.46998357e-02,9.75602709e-01,9.87751138e-01,,
survival,2.60330537e-02,9.74302885e-01,9.87095695e-01,,
survival,2.74382346e-02,9.72934774e-01,9.86405503e-01,,
survival,2.89192626e-02,9.71494897e-01,9.85678754e-01,,
survival,3.04802318e-02,9.69979607e-01,9.84913552e-01,,
survival,3.21254570e-02,9.68385084e-01,9.84107906e-01,,
survival,3.38594863e-02,9.66707331e-01,9.83259728e-01,,
survival,3.56871130e-02,9.64942164e-01,9.82366825e-01,,
survival,3.76133890e-02,9.63085208e-01,9.81426899e-01,,
survival,3.96436393e-02,9.61131888e-01,9.80437541e-01,,
survival,4.17834760e-02,9.59077421e-01,9.79396224e-01,,
survival,4.40388142e-02,9.56916815e-01,9.78300301e-01,,
survival,4.64158883e-02,9.54644854e-01,9.77147000e-01,,
survival,4.89212693e-02,9.52256099e-01,9.75933416e-01,,
survival,5.15618828e-02,9.49744875e-01,9.74656510e-01,,
survival,5.43450281e-02,9.47105272e-01,9.73313101e-01,,
survival,5.72783986e-02,9.44331132e-01,9.71899862e-01,,
survival,6.03701031e-02,9.41416048e-01,9.70413315e-01,,
survival,6.36286880e-02,9.38353357e-01,9.68849826e-01,,
survival,6.70631607e-02,9.35136136e-01,9.67205597e-01,,
survival,7.06830154e-02,9.31757198e-01,9.65476665e-01,,
survival,7.44982582e-02,9.28209091e-01,9.63658895e-01,,
survival,7.85194356e-02,9.24484092e-01,9.61747975e-01,,
survival,8.27576632e-02,9.20574209e-01,9.59739409e-01,,
survival,8.72246568e-02,9.16471181e-01,9.57628520e-01,,
survival,9.19327644e-02,9.12166478e-01,9.55410435e-01,,
survival,9.68950006e-02,9.07651304e-01,9.53080091e-01,,
survival,1.02125082e-01,9.02916606e-01,9.50632226e-01,,
survival,1.07637467e-01,8.97953075e-01,9.48061375e-01,,
survival,1.13447393e-01,8.92751160e-01,9.45361872e-01,,
survival,1.19570920e-01,8.87301078e-01,9.42527847e-01,,
survival,1.26024975e-01,8.81592828e-01,9.39553222e-01,,
survival,1.32827400e-01,8.75616211e-01,9.36431712e-01,,
survival,1.39996997e-01,8.69360846e-01,9.33156830e-01,,
survival,1.47553587e-01,8.62816201e-01,9.29721882e-01,,
survival,1.55518057e-01,8.55971620e-01,9.26119978e-01,,
survival,1.63912424e-01,8.48816355e-01,9.22344028e-01,,
survival,1.72759891e-01,8.41339603e-01,9.18386758e-01,,
survival,1.82084917e-01,8.33530556e-01,9.14240708e-01,,
survival,1.91913278e-01,8.25378444e-01,9.09898252e-01,,
survival,2.02272142e-01,8.16872593e-01,9.05351601e-01,,
survival,2.13190144e-01,8.08002486e-01,9.00592826e-01,,
survival,2.24697465e-01,7.98757834e-01,8.95613867e-01,,
survival,2.36825915e-01,7.89128652e-01,8.90406561e-01,,
survival,2.49609019e-01,7.79105339e-01,8.84962659e-01,,
survival,2.63082115e-01,7.68678775e-01,8.79273855e-01,,
survival,2.77282445e-01,7.57840419e-01,8.73331817e-01,,
survival,2.92249263e-01,7.46582417e-01,8.67128218e-01,,
survival,3.08023942e-01,7.34897723e-01,8.60654777e-01,,
survival,3.24650088e-01,7.22780219e-01,8.53903299e-01,,
survival,3.42173660e-01,7.10224856e-01,8.46865722e-01,,
survival,3.60643098e-01,6.97227796e-01,8.39534170e-01,,
survival,3.80109458e-01,6.83786559e-01,8.31901007e-01,,
survival,4.00626549e-01,6.69900189e-01,8.23958900e-01,,
survival,4.22251087e-01,6.55569414e-01,8.15700887e-01,,
survival,4.45042848e-01,6.40796818e-01,8.07120445e-01,,
survival,4.69064836e-01,6.25587021e-01,7.98211569e-01,,
survival,4.94383454e-01,6.09946852e-01,7.88968857e-01,,
survival,5.21068689e-01,5.93885530e-01,7.79387591e-01,,
survival,5.49194308e-01,5.77414842e-01,7.69463835e-01,,
survival,5.78838058e-01,5.60549314e-01,7.59194528e-01,,
survival,6.10081882e-01,5.43306380e-01,7.48577581e-01,,
survival,6.43012148e-01,5.25706531e-01,7.37611988e-01,,
survival,6.77719885e-01,5.07773455e-01,7.26297923e-01,,
survival,7.14301034e-01,4.89534160e-01,7.14636849e-01,,
survival,7.52856716e-01,4.71019061e-01,7.02631626e-01,,
survival,7.93493510e-01,4.52262050e-01,6.90286616e-01,,
survival,8.36323748e-01,4.33300521e-01,6.77607781e-01,,
survival,8.81465826e-01,4.14175358e-01,6.64602785e-01,,
survival,9.29044528e-01,3.94930876e-01,6.51281081e-01,,
survival,9.79191376e-01,3.75614707e-01,6.37653995e-01,,
survival,1.03204499e+00,3.56277631e-01,6.23734794e-01,,
survival,1.08775147e+00,3.36973336e-01,6.09538741e-01,,
survival,1.14646481e+00,3.17758120e-01,5.95083138e-01,,
survival,1.20834731e+00,2.98690514e-01,5.80387343e-01,,
survival,1.27357003e+00,2.79830832e-01,5.65472766e-01,,
survival,1.34231326e+00,2.61240651e-01,5.50362847e-01,,
survival,1.41476703e+00,2.42982214e-01,5.35082998e-01,,
survival,1.49113163e+00,2.25117762e-01,5.19660521e-01,,
survival,1.57161814e+00,2.07708809e-01,5.04124490e-01,,
survival,1.65644905e+00,1.90815354e-01,4.88505605e-01,,
survival,1.74585886e+00,1.74495057e-01,4.72836012e-01,,
survival,1.84009473e+00,1.58802381e-01,4.57149082e-01,,
survival,1.93941716e+00,1.43787731e-01,4.41479166e-01,,
survival,2.04410068e+00,1.29496596e-01,4.25861315e-01,,
survival,2.15443469e+00,1.15968730e-01,4.10330967e-01,,
survival,2.27072417e+00,1.03237391e-01,3.94923619e-01,,
survival,2.39329059e+00,9.13286634e-02,3.79674470e-01,,
survival,2.52247275e+00,8.02608957e-02,3.64618053e-01,,
survival,2.65862775e+00,7.00442738e-02,3.49787865e-01,,
survival,2.80213197e+00,6.06805557e-02,3.35215991e-01,,
survival,2.95338208e+00,5.21629881e-02,3.20932743e-01,,
survival,3.11279618e+00,4.44764172e-02,3.06966318e-01,,
survival,3.28081495e+00,3.75976042e-02,2.93342481e-01,,
survival,3.45790283e+00,3.14957447e-02,2.80084289e-01,,
survival,3.64454935e+00,2.61331840e-02,2.67211861e-01,,
survival,3.84127045e+00,2.14663120e-02,2.54742200e-01,,
survival,4.04860993e+00,1.74466098e-02,2.42689073e-01,,
survival,4.26714093e+00,1.40218153e-02,2.31062953e-01,,
survival,4.49746753e+00,1.11371654e-02,2.19871034e-01,,
survival,4.74022642e+00,8.73666778e-03,2.09117296e-01,,
survival,4.99608866e+00,6.76435299e-03,1.98802646e-01,,
survival,5.26576153e+00,5.16545789e-03,1.88925104e-01,,
survival,5.54999047e+00,3.88749429e-03,1.79480039e-01,,
survival,5.84956118e+00,2.88116319e-03,1.70460451e-01,,
survival,6.16530176e+00,2.10108425e-03,1.61857271e-01,,
survival,6.49808500e+00,1.50632103e-03,1.53659683e-01,,
survival,6.84883082e+00,1.06069511e-03,1.45855451e-01,,
survival,7.21850877e+00,7.32894517e-04,1.38431238e-01,,
survival,7.60814076e+00,4.96393918e-04,1.31372912e-01,,
survival,8.01880383e+00,3.29213583e-04,1.24665824e-01,,
survival,8.45163318e+00,2.13551363e-04,1.18295059e-01,,
survival,8.90782527e+00,1.35325812e-04,1.12245654e-01,,
survival,9.38864115e+00,8.36690731e-05,1.06502775e-01,,
survival,9.89540993e+00,5.04055169e-05,1.01051862e-01,,
survival,1.04295325e+01,2.95468783e-05,9.58787421e-02,,
survival,1.09924852e+01,1.68276831e-05,9.09697081e-02,,
survival,1.15858244e+01,9.29694815e-06,8.63115710e-02,,
survival,1.22111901e+01,4.97447828e-06,8.18916928e-02,,
survival,1.28703110e+01,2.57332688e-06,7.76980003e-02,,
survival,1.35650092e+01,1.28466939e-06,7.37189856e-02,,
survival,1.42972049e+01,6.17735844e-07,6.99436980e-02,,
survival,1.50689222e+01,2.85528999e-07,6.63617277e-02,,
survival,1.58822944e+01,1.26592268e-07,6.29631871e-02,,
survival,1.67395698e+01,5.37152019e-08,5.97386886e-02,,
survival,1.76431182e+01,2.17616161e-08,5.66793222e-02,,
survival,1.85954372e+01,8.39661522e-09,5.37766326e-02,,
survival,1.95991593e+01,3.07746600e-09,5.10225965e-02,,
survival,2.06570592e+01,1.06844753e-09,4.84096014e-02,,
survival,2.17720610e+01,3.50359605e-10,4.59304242e-02,,
survival,2.29472472e+01,1.08177559e-10,4.35782119e-02,,
survival,2.41858661e+01,3.13481431e-11,4.13464623e-02,,
survival,2.54913417e+01,8.49671352e-12,3.92290062e-02,,
survival,2.68672827e+01,2.14628505e-12,3.72199903e-02,,
survival,2.83174925e+01,5.03349053e-13,3.53138612e-02,,
survival,2.98459801e+01,1.09157994e-13,3.35053497e-02,,
survival,3.14569705e+01,2.17977314e-14,3.17894567e-02,,
survival,3.31549170e+01,3.99027193e-15,3.01614388e-02,,
survival,3.49445132e+01,6.66485528e-16,2.86167958e-02,,
survival,3.68307062e+01,1.01071230e-16,2.71512579e-02,,
survival,3.88187097e+01,1.38435851e-17,2.57607738e-02,,
survival,4.09140193e+01,1.70320596e-18,2.44414999e-02,,
survival,4.31224271e+01,1.87140540e-19,2.31897894e-02,,
survival,4.54500376e+01,1.82515386e-20,2.20021820e-02,,
survival,4.79032850e+01,1.56988429e-21,2.08753951e-02,,
survival,5.04889509e+01,1.18284329e-22,1.98063137e-02,,
survival,5.32141828e+01,7.75129107e-24,1.87919826e-02,,
survival,5.60865140e+01,4.38466556e-25,1.78295980e-02,,
survival,5.91138844e+01,2.12405724e-26,1.69164996e-02,,
survival,6.23046625e+01,8.73833865e-28,1.60501632e-02,,
survival,6.56676687e+01,3.02617377e-29,1.52281940e-02,,
survival,6.92121991e+01,8.74024995e-31,1.44483200e-02,,
survival,7.29480519e+01,2.08479607e-32,1.37083853e-02,,
survival,7.68855541e+01,4.06469624e-34,1.30063444e-02,,
survival,8.10355901e+01,6.40752596e-36,1.23402569e-02,,
survival,8.54096317e+01,8.07361870e-38,1.17082814e-02,,
survival,9.00197701e+01,8.03360689e-40,1.11086709e-02,,
survival,9.48787490e+01,6.23279524e-42,1.05397680e-02,,
survival,1.00000000e+02,3.72007598e-44,1.00000000e-02,,
