scenario,band,nu_hz,time_s,fullhide_fnu,dg_fnu,fullhide_nufnu,dg_nufnu,ratio_dg_to_fullhide
ism,10GHz,1.00000000e+10,1.00000000e+03,5.35083181e-26,5.58943913e-26,5.35083181e-16,5.58943913e-16,1.04459257e+00
ism,10GHz,1.00000000e+10,1.12365480e+03,5.62625987e-26,5.86808990e-26,5.62625987e-16,5.86808990e-16,1.04298238e+00
ism,10GHz,1.00000000e+10,1.26260011e+03,5.91689528e-26,6.15137291e-26,5.91689528e-16,6.15137291e-16,1.03962849e+00
ism,10GHz,1.00000000e+10,1.41872667e+03,6.22033105e-26,6.43879162e-26,6.22033105e-16,6.43879162e-16,1.03512041e+00
ism,10GHz,1.00000000e+10,1.59415904e+03,6.54464924e-26,6.76223207e-26,6.54464924e-16,6.76223207e-16,1.03324591e+00
ism,10GHz,1.00000000e+10,1.79128445e+03,6.88740182e-26,7.12034992e-26,6.88740182e-16,7.12034992e-16,1.03382235e+00
ism,10GHz,1.00000000e+10,2.01278538e+03,7.25446854e-26,7.51610216e-26,7.25446854e-16,7.51610216e-16,1.03606517e+00
ism,10GHz,1.00000000e+10,2.26167595e+03,7.64236899e-26,7.93989825e-26,7.64236899e-16,7.93989825e-16,1.03893155e+00
ism,10GHz,1.00000000e+10,2.54134304e+03,8.05314320e-26,8.38206990e-26,8.05314320e-16,8.38206990e-16,1.04084451e+00
ism,10GHz,1.00000000e+10,2.85559230e+03,8.48253193e-26,8.83656690e-26,8.48253193e-16,8.83656690e-16,1.04173694e+00
ism,10GHz,1.00000000e+10,3.20870000e+03,8.93521831e-26,9.30151687e-26,8.93521831e-16,9.30151687e-16,1.04099492e+00
ism,10GHz,1.00000000e+10,3.60547115e+03,9.40761134e-26,9.77258548e-26,9.40761134e-16,9.77258548e-16,1.03879562e+00
ism,10GHz,1.00000000e+10,4.05130497e+03,9.91312037e-26,1.02856626e-25,9.91312037e-16,1.02856626e-15,1.03758072e+00
ism,10GHz,1.00000000e+10,4.55226828e+03,1.04487891e-25,1.08432103e-25,1.04487891e-15,1.08432103e-15,1.03774802e+00
ism,10GHz,1.00000000e+10,5.11517810e+03,1.10246670e-25,1.14497449e-25,1.10246670e-15,1.14497449e-15,1.03855698e+00
ism,10GHz,1.00000000e+10,5.74769442e+03,1.16352357e-25,1.20965352e-25,1.16352357e-15,1.20965352e-15,1.03964677e+00
ism,10GHz,1.00000000e+10,6.45842443e+03,1.22836482e-25,1.27799142e-25,1.22836482e-15,1.27799142e-15,1.04040054e+00
ism,10GHz,1.00000000e+10,7.25703961e+03,1.29628325e-25,1.34906026e-25,1.29628325e-15,1.34906026e-15,1.04071410e+00
ism,10GHz,1.00000000e+10,8.15440740e+03,1.36791528e-25,1.42259364e-25,1.36791528e-15,1.42259364e-15,1.03997203e+00
ism,10GHz,1.00000000e+10,9.16273901e+03,1.44269101e-25,1.49814064e-25,1.44269101e-15,1.49814064e-15,1.03843486e+00
ism,10GHz,1.00000000e+10,1.02957557e+04,1.52280880e-25,1.58134808e-25,1.52280880e-15,1.58134808e-15,1.03844165e+00
ism,10GHz,1.00000000e+10,1.15688753e+04,1.60778907e-25,1.67210700e-25,1.60778907e-15,1.67210700e-15,1.04000396e+00
ism,10GHz,1.00000000e+10,1.29994222e+04,1.69918626e-25,1.76978715e-25,1.69918626e-15,1.76978715e-15,1.04154982e+00
ism,10GHz,1.00000000e+10,1.46068632e+04,1.79612093e-25,1.87296940e-25,1.79612093e-15,1.87296940e-15,1.04278580e+00
ism,10GHz,1.00000000e+10,1.64130720e+04,1.89868092e-25,1.98099066e-25,1.89868092e-15,1.98099066e-15,1.04335101e+00
ism,10GHz,1.00000000e+10,1.84426271e+04,2.00520758e-25,2.09203585e-25,2.00520758e-15,2.09203585e-15,1.04330139e+00
ism,10GHz,1.00000000e+10,2.07231465e+04,2.11596247e-25,2.20500753e-25,2.11596247e-15,2.20500753e-15,1.04208254e+00
ism,10GHz,1.00000000e+10,2.32856630e+04,2.22845404e-25,2.31721469e-25,2.22845404e-15,2.31721469e-15,1.03983060e+00
ism,10GHz,1.00000000e+10,2.61650470e+04,2.34384286e-25,2.43581171e-25,2.34384286e-15,2.43581171e-15,1.03923849e+00
ism,10GHz,1.00000000e+10,2.94004806e+04,2.45805958e-25,2.55617609e-25,2.45805958e-15,2.55617609e-15,1.03991625e+00
ism,10GHz,1.00000000e+10,3.30359912e+04,2.56934962e-25,2.67400723e-25,2.56934962e-15,2.67400723e-15,1.04073311e+00
ism,10GHz,1.00000000e+10,3.71210501e+04,2.67253893e-25,2.78519360e-25,2.67253893e-15,2.78519360e-15,1.04215268e+00
ism,10GHz,1.00000000e+10,4.17112461e+04,2.76306640e-25,2.88045121e-25,2.76306640e-15,2.88045121e-15,1.04248353e+00
ism,10GHz,1.00000000e+10,4.68690419e+04,2.83723281e-25,2.95762767e-25,2.83723281e-15,2.95762767e-15,1.04243391e+00
ism,10GHz,1.00000000e+10,5.26646239e+04,2.89617601e-25,3.01479225e-25,2.89617601e-15,3.01479225e-15,1.04095616e+00
ism,10GHz,1.00000000e+10,5.91768575e+04,2.93523954e-25,3.04443934e-25,2.93523954e-15,3.04443934e-15,1.03720303e+00
ism,10GHz,1.00000000e+10,6.64943600e+04,2.96185195e-25,3.06804240e-25,2.96185195e-15,3.06804240e-15,1.03585272e+00
ism,10GHz,1.00000000e+10,7.47167068e+04,2.97776154e-25,3.09164297e-25,2.97776154e-15,3.09164297e-15,1.03824397e+00
ism,10GHz,1.00000000e+10,8.39557862e+04,2.98341667e-25,3.09980587e-25,2.98341667e-15,3.09980587e-15,1.03901205e+00
ism,10GHz,1.00000000e+10,9.43373222e+04,2.97595167e-25,3.09091340e-25,2.97595167e-15,3.09091340e-15,1.03863024e+00
ism,10GHz,1.00000000e+10,1.06002585e+05,2.96130672e-25,3.07404092e-25,2.96130672e-15,3.07404092e-15,1.03806907e+00
ism,10GHz,1.00000000e+10,1.19110313e+05,2.93897928e-25,3.05380847e-25,2.93897928e-15,3.05380847e-15,1.03907111e+00
ism,10GHz,1.00000000e+10,1.33838875e+05,2.91226773e-25,3.02338209e-25,2.91226773e-15,3.02338209e-15,1.03815390e+00
ism,10GHz,1.00000000e+10,1.50388695e+05,2.87716809e-25,2.97341570e-25,2.87716809e-15,2.97341570e-15,1.03345220e+00
ism,10GHz,1.00000000e+10,1.68984979e+05,2.84295552e-25,2.93201016e-25,2.84295552e-15,2.93201016e-15,1.03132467e+00
ism,10GHz,1.00000000e+10,1.89880782e+05,2.81033162e-25,2.90493292e-25,2.81033162e-15,2.90493292e-15,1.03366197e+00
ism,10GHz,1.00000000e+10,2.13360453e+05,2.77873096e-25,2.88483323e-25,2.77873096e-15,2.88483323e-15,1.03818371e+00
ism,10GHz,1.00000000e+10,2.39743497e+05,2.74136971e-25,2.85780762e-25,2.74136971e-15,2.85780762e-15,1.04247436e+00
ism,10GHz,1.00000000e+10,2.69388931e+05,2.69703769e-25,2.80334253e-25,2.69703769e-15,2.80334253e-15,1.03941541e+00
ism,10GHz,1.00000000e+10,3.02700165e+05,2.64477970e-25,2.72967897e-25,2.64477970e-15,2.72967897e-15,1.03210070e+00
ism,10GHz,1.00000000e+10,3.40130494e+05,2.60268277e-25,2.67969688e-25,2.60268277e-15,2.67969688e-15,1.02959028e+00
ism,10GHz,1.00000000e+10,3.82189262e+05,2.56588341e-25,2.65965152e-25,2.56588341e-15,2.65965152e-15,1.03654418e+00
ism,10GHz,1.00000000e+10,4.29448799e+05,2.53314881e-25,2.64260596e-25,2.53314881e-15,2.64260596e-15,1.04320992e+00
ism,10GHz,1.00000000e+10,4.82552204e+05,2.49199335e-25,2.59951488e-25,2.49199335e-15,2.59951488e-15,1.04314679e+00
ism,10GHz,1.00000000e+10,5.42222101e+05,2.44197976e-25,2.53742357e-25,2.44197976e-15,2.53742357e-15,1.03908460e+00
ism,10GHz,1.00000000e+10,6.09270466e+05,2.38424932e-25,2.46403559e-25,2.38424932e-15,2.46403559e-15,1.03346390e+00
ism,10GHz,1.00000000e+10,6.84609684e+05,2.33819364e-25,2.41985971e-25,2.33819364e-15,2.41985971e-15,1.03492699e+00
ism,10GHz,1.00000000e+10,7.69264957e+05,2.29345261e-25,2.38698997e-25,2.29345261e-15,2.38698997e-15,1.04078452e+00
ism,10GHz,1.00000000e+10,8.64388262e+05,2.24863074e-25,2.34817012e-25,2.24863074e-15,2.34817012e-15,1.04426666e+00
ism,10GHz,1.00000000e+10,9.71274020e+05,2.19116870e-25,2.29252517e-25,2.19116870e-15,2.29252517e-15,1.04625681e+00
ism,10GHz,1.00000000e+10,1.09137671e+06,2.12670837e-25,2.22096004e-25,2.12670837e-15,2.22096004e-15,1.04431810e+00
ism,10GHz,1.00000000e+10,1.22633068e+06,2.04906849e-25,2.13572051e-25,2.04906849e-15,2.13572051e-15,1.04228849e+00
ism,10GHz,1.00000000e+10,1.37797236e+06,1.98409735e-25,2.07378391e-25,1.98409735e-15,2.07378391e-15,1.04520270e+00
ism,10GHz,1.00000000e+10,1.54836526e+06,1.90524375e-25,1.99779159e-25,1.90524375e-15,1.99779159e-15,1.04857533e+00
ism,10GHz,1.00000000e+10,1.73982805e+06,1.82381680e-25,1.91695953e-25,1.82381680e-15,1.91695953e-15,1.05107022e+00
ism,10GHz,1.00000000e+10,1.95496614e+06,1.72353911e-25,1.81509165e-25,1.72353911e-15,1.81509165e-15,1.05311892e+00
ism,10GHz,1.00000000e+10,2.19670709e+06,1.61510943e-25,1.70111387e-25,1.61510943e-15,1.70111387e-15,1.05324991e+00
ism,10GHz,1.00000000e+10,2.46834047e+06,1.49571453e-25,1.57578691e-25,1.49571453e-15,1.57578691e-15,1.05353453e+00
ism,10GHz,1.00000000e+10,2.77356261e+06,1.37982088e-25,1.45410191e-25,1.37982088e-15,1.45410191e-15,1.05383382e+00
ism,10GHz,1.00000000e+10,3.11652694e+06,1.25533552e-25,1.32121181e-25,1.25533552e-15,1.32121181e-15,1.05247704e+00
ism,10GHz,1.00000000e+10,3.50190046e+06,1.13247634e-25,1.18560428e-25,1.13247634e-15,1.18560428e-15,1.04691307e+00
ism,10GHz,1.00000000e+10,3.93492726e+06,1.00785568e-25,1.04960228e-25,1.00785568e-15,1.04960228e-15,1.04142121e+00
ism,10GHz,1.00000000e+10,4.42149991e+06,8.91891768e-26,9.25902803e-26,8.91891768e-16,9.25902803e-16,1.03813359e+00
ism,10GHz,1.00000000e+10,4.96823959e+06,7.79439417e-26,8.07371103e-26,7.79439417e-16,8.07371103e-16,1.03583561e+00
ism,10GHz,1.00000000e+10,5.58258627e+06,6.79642882e-26,7.04774137e-26,6.79642882e-16,7.04774137e-16,1.03697715e+00
ism,10GHz,1.00000000e+10,6.27289986e+06,5.86100107e-26,6.07304738e-26,5.86100107e-16,6.07304738e-16,1.03617920e+00
ism,10GHz,1.00000000e+10,7.04857404e+06,5.05785479e-26,5.21406417e-26,5.05785479e-16,5.21406417e-16,1.03088451e+00
ism,10GHz,1.00000000e+10,7.92016405e+06,4.32402875e-26,4.43169850e-26,4.32402875e-16,4.43169850e-16,1.02490033e+00
ism,10GHz,1.00000000e+10,8.89953035e+06,3.70725453e-26,3.77644492e-26,3.70725453e-16,3.77644492e-16,1.01866351e+00
ism,10GHz,1.00000000e+10,1.00000000e+07,3.15347438e-26,3.19060813e-26,3.15347438e-16,3.19060813e-16,1.01177550e+00
ism,Rband,4.60000000e+14,1.00000000e+03,1.72038192e-24,1.82225768e-24,7.91375684e-10,8.38238531e-10,1.05921694e+00
ism,Rband,4.60000000e+14,1.12365480e+03,1.78869801e-24,1.89379237e-24,8.22801084e-10,8.71144489e-10,1.05875467e+00
ism,Rband,4.60000000e+14,1.26260011e+03,1.85761519e-24,1.96336717e-24,8.54502986e-10,9.03148899e-10,1.05692890e+00
ism,Rband,4.60000000e+14,1.41872667e+03,1.92585876e-24,2.03021650e-24,8.85895031e-10,9.33899589e-10,1.05418764e+00
ism,Rband,4.60000000e+14,1.59415904e+03,1.99467229e-24,2.10121012e-24,9.17549255e-10,9.66556657e-10,1.05341120e+00
ism,Rband,4.60000000e+14,1.79128445e+03,2.06253878e-24,2.17466065e-24,9.48767838e-10,1.00034390e-09,1.05436110e+00
ism,Rband,4.60000000e+14,2.01278538e+03,2.12994494e-24,2.25127753e-24,9.79774675e-10,1.03558766e-09,1.05696513e+00
ism,Rband,4.60000000e+14,2.26167595e+03,2.19385791e-24,2.32614201e-24,1.00917464e-09,1.07002532e-09,1.06029748e+00
ism,Rband,4.60000000e+14,2.54134304e+03,2.25208812e-24,2.39353426e-24,1.03596054e-09,1.10102576e-09,1.06280666e+00
ism,Rband,4.60000000e+14,2.85559230e+03,2.30318209e-24,2.45162261e-24,1.05946376e-09,1.12774640e-09,1.06445019e+00
ism,Rband,4.60000000e+14,3.20870000e+03,2.34780399e-24,2.50121336e-24,1.07998984e-09,1.15055815e-09,1.06534164e+00
ism,Rband,4.60000000e+14,3.60547115e+03,2.38391530e-24,2.54011645e-24,1.09660104e-09,1.16845356e-09,1.06552294e+00
ism,Rband,4.60000000e+14,4.05130497e+03,2.41183027e-24,2.56948586e-24,1.10944193e-09,1.18196349e-09,1.06536761e+00
ism,Rband,4.60000000e+14,4.55226828e+03,2.42964281e-24,2.58768651e-24,1.11763569e-09,1.19033579e-09,1.06504812e+00
ism,Rband,4.60000000e+14,5.11517810e+03,2.43737391e-24,2.59549831e-24,1.12119200e-09,1.19392922e-09,1.06487490e+00
ism,Rband,4.60000000e+14,5.74769442e+03,2.43316454e-24,2.59066249e-24,1.11925569e-09,1.19170475e-09,1.06472968e+00
ism,Rband,4.60000000e+14,6.45842443e+03,2.41674124e-24,2.57101734e-24,1.11170097e-09,1.18266798e-09,1.06383642e+00
ism,Rband,4.60000000e+14,7.25703961e+03,2.38587615e-24,2.53397584e-24,1.09750303e-09,1.16562889e-09,1.06207351e+00
ism,Rband,4.60000000e+14,8.15440740e+03,2.33905595e-24,2.47892194e-24,1.07596574e-09,1.14030409e-09,1.05979591e+00
ism,Rband,4.60000000e+14,9.16273901e+03,2.27327016e-24,2.40247268e-24,1.04570427e-09,1.10513743e-09,1.05683553e+00
ism,Rband,4.60000000e+14,1.02957557e+04,2.19606222e-24,2.31243777e-24,1.01018862e-09,1.06372137e-09,1.05299283e+00
ism,Rband,4.60000000e+14,1.15688753e+04,2.10795618e-24,2.20960923e-24,9.69659843e-10,1.01642025e-09,1.04822351e+00
ism,Rband,4.60000000e+14,1.29994222e+04,2.01149663e-24,2.09867150e-24,9.25288451e-10,9.65388888e-10,1.04333831e+00
ism,Rband,4.60000000e+14,1.46068632e+04,1.90683772e-24,1.98031573e-24,8.77145351e-10,9.10945235e-10,1.03853396e+00
ism,Rband,4.60000000e+14,1.64130720e+04,1.79603608e-24,1.85549852e-24,8.26176596e-10,8.53529321e-10,1.03310760e+00
ism,Rband,4.60000000e+14,1.84426271e+04,1.67856800e-24,1.72404794e-24,7.72141279e-10,7.93062052e-10,1.02709449e+00
ism,Rband,4.60000000e+14,2.07231465e+04,1.55535269e-24,1.58786278e-24,7.15462237e-10,7.30416879e-10,1.02090207e+00
ism,Rband,4.60000000e+14,2.32856630e+04,1.42439401e-24,1.44401733e-24,6.55221244e-10,6.64247973e-10,1.01377661e+00
ism,Rband,4.60000000e+14,2.61650470e+04,1.28557472e-24,1.29363132e-24,5.91364372e-10,5.95070409e-10,1.00626693e+00
ism,Rband,4.60000000e+14,2.94004806e+04,1.13774926e-24,1.13475227e-24,5.23364658e-10,5.21986042e-10,9.97365860e-01
ism,Rband,4.60000000e+14,3.30359912e+04,9.85045517e-25,9.72238854e-25,4.53120938e-10,4.47229873e-10,9.86998912e-01
ism,Rband,4.60000000e+14,3.71210501e+04,8.33442671e-25,8.14116897e-25,3.83383629e-10,3.74493773e-10,9.76812113e-01
ism,Rband,4.60000000e+14,4.17112461e+04,6.89927520e-25,6.67119723e-25,3.17366659e-10,3.06875073e-10,9.66941749e-01
ism,Rband,4.60000000e+14,4.68690419e+04,5.60293049e-25,5.37111579e-25,2.57734802e-10,2.47071326e-10,9.58626169e-01
ism,Rband,4.60000000e+14,5.26646239e+04,4.48686650e-25,4.27403673e-25,2.06395859e-10,1.96605689e-10,9.52566056e-01
ism,Rband,4.60000000e+14,5.91768575e+04,3.55588258e-25,3.37385739e-25,1.63570599e-10,1.55197440e-10,9.48810122e-01
ism,Rband,4.60000000e+14,6.64943600e+04,2.80107877e-25,2.65115961e-25,1.28849623e-10,1.21953342e-10,9.46478065e-01
ism,Rband,4.60000000e+14,7.47167068e+04,2.19713721e-25,2.07373751e-25,1.01068312e-10,9.53919256e-11,9.43836143e-01
ism,Rband,4.60000000e+14,8.39557862e+04,1.72130759e-25,1.62446874e-25,7.91801492e-11,7.47255622e-11,9.43741113e-01
ism,Rband,4.60000000e+14,9.43373222e+04,1.34693999e-25,1.27045874e-25,6.19592397e-11,5.84411021e-11,9.43218516e-01
ism,Rband,4.60000000e+14,1.06002585e+05,1.05490339e-25,9.95213974e-26,4.85255558e-11,4.57798428e-11,9.43417176e-01
ism,Rband,4.60000000e+14,1.19110313e+05,8.26217844e-26,7.78199601e-26,3.80060208e-11,3.57971816e-11,9.41881861e-01
ism,Rband,4.60000000e+14,1.33838875e+05,6.48538820e-26,6.09909749e-26,2.98327857e-11,2.80558485e-11,9.40436764e-01
ism,Rband,4.60000000e+14,1.50388695e+05,5.09563359e-26,4.79735449e-26,2.34399145e-11,2.20678306e-11,9.41463785e-01
ism,Rband,4.60000000e+14,1.68984979e+05,4.01647529e-26,3.77397155e-26,1.84757863e-11,1.73602691e-11,9.39622750e-01
ism,Rband,4.60000000e+14,1.89880782e+05,3.16607766e-26,2.97346973e-26,1.45639572e-11,1.36779608e-11,9.39165129e-01
ism,Rband,4.60000000e+14,2.13360453e+05,2.50219909e-26,2.34781831e-26,1.15101158e-11,1.07999642e-11,9.38301959e-01
ism,Rband,4.60000000e+14,2.39743497e+05,1.98000104e-26,1.85063349e-26,9.10800480e-12,8.51291407e-12,9.34662888e-01
ism,Rband,4.60000000e+14,2.69388931e+05,1.57194047e-26,1.46624695e-26,7.23092615e-12,6.74473599e-12,9.32762395e-01
ism,Rband,4.60000000e+14,3.02700165e+05,1.24572833e-26,1.16454423e-26,5.73035033e-12,5.35690346e-12,9.34830010e-01
ism,Rband,4.60000000e+14,3.40130494e+05,9.92592734e-27,9.31123342e-27,4.56592658e-12,4.28316737e-12,9.38071890e-01
ism,Rband,4.60000000e+14,3.82189262e+05,7.89003705e-27,7.38231011e-27,3.62941704e-12,3.39586265e-12,9.35649613e-01
ism,Rband,4.60000000e+14,4.29448799e+05,6.29707219e-27,5.87277249e-27,2.89665321e-12,2.70147535e-12,9.32619527e-01
ism,Rband,4.60000000e+14,4.82552204e+05,5.02669540e-27,4.70130227e-27,2.31227988e-12,2.16259904e-12,9.35266989e-01
ism,Rband,4.60000000e+14,5.42222101e+05,4.01905042e-27,3.76534115e-27,1.84876319e-12,1.73205693e-12,9.36873328e-01
ism,Rband,4.60000000e+14,6.09270466e+05,3.21673511e-27,3.00668716e-27,1.47969815e-12,1.38307609e-12,9.34701510e-01
ism,Rband,4.60000000e+14,6.84609684e+05,2.58210645e-27,2.40616777e-27,1.18776897e-12,1.10683717e-12,9.31862345e-01
ism,Rband,4.60000000e+14,7.69264957e+05,2.06836924e-27,1.92169999e-27,9.51449853e-13,8.83981997e-13,9.29089425e-01
ism,Rband,4.60000000e+14,8.64388262e+05,1.66933589e-27,1.55412829e-27,7.67894511e-13,7.14899012e-13,9.30985964e-01
ism,Rband,4.60000000e+14,9.71274020e+05,1.33672869e-27,1.25036724e-27,6.14895200e-13,5.75168928e-13,9.35393427e-01
ism,Rband,4.60000000e+14,1.09137671e+06,1.08420455e-27,1.01282005e-27,4.98734092e-13,4.65897221e-13,9.34159562e-01
ism,Rband,4.60000000e+14,1.22633068e+06,8.68251131e-28,8.08040690e-28,3.99395520e-13,3.71698717e-13,9.30653195e-01
ism,Rband,4.60000000e+14,1.37797236e+06,7.06940333e-28,6.55926476e-28,3.25192553e-13,3.01726179e-13,9.27838525e-01
ism,Rband,4.60000000e+14,1.54836526e+06,5.66618381e-28,5.24228855e-28,2.60644455e-13,2.41145273e-13,9.25188579e-01
ism,Rband,4.60000000e+14,1.73982805e+06,4.63118118e-28,4.28841800e-28,2.13034334e-13,1.97267228e-13,9.25987957e-01
ism,Rband,4.60000000e+14,1.95496614e+06,3.71926156e-28,3.44946083e-28,1.71086032e-13,1.58675198e-13,9.27458521e-01
ism,Rband,4.60000000e+14,2.19670709e+06,3.04971131e-28,2.83403488e-28,1.40286720e-13,1.30365604e-13,9.29279723e-01
ism,Rband,4.60000000e+14,2.46834047e+06,2.45604107e-28,2.28522923e-28,1.12977889e-13,1.05120544e-13,9.30452368e-01
ism,Rband,4.60000000e+14,2.77356261e+06,2.01910143e-28,1.87076459e-28,9.28786658e-14,8.60551709e-14,9.26533238e-01
ism,Rband,4.60000000e+14,3.11652694e+06,1.63197794e-28,1.50426188e-28,7.50709853e-14,6.91960467e-14,9.21741555e-01
ism,Rband,4.60000000e+14,3.50190046e+06,1.34415635e-28,1.23242809e-28,6.18311920e-14,5.66916923e-14,9.16878529e-01
ism,Rband,4.60000000e+14,3.93492726e+06,1.09077154e-28,9.95501636e-29,5.01754910e-14,4.57930752e-14,9.12658239e-01
ism,Rband,4.60000000e+14,4.42149991e+06,8.99862805e-29,8.21827864e-29,4.13936890e-14,3.78040818e-14,9.13281291e-01
ism,Rband,4.60000000e+14,4.96823959e+06,7.33048253e-29,6.70707869e-29,3.37202196e-14,3.08525620e-14,9.14957325e-01
ism,Rband,4.60000000e+14,5.58258627e+06,6.05843849e-29,5.56847927e-29,2.78688171e-14,2.56150047e-14,9.19127805e-01
ism,Rband,4.60000000e+14,6.27289986e+06,4.95105875e-29,4.56686223e-29,2.27748703e-14,2.10075662e-14,9.22401137e-01
ism,Rband,4.60000000e+14,7.04857404e+06,4.09775524e-29,3.77785755e-29,1.88496741e-14,1.73781447e-14,9.21933433e-01
ism,Rband,4.60000000e+14,7.92016405e+06,3.36076189e-29,3.09479490e-29,1.54595047e-14,1.42360566e-14,9.20861105e-01
ism,Rband,4.60000000e+14,8.89953035e+06,2.78720957e-29,2.56021356e-29,1.28211640e-14,1.17769824e-14,9.18557967e-01
ism,Rband,4.60000000e+14,1.00000000e+07,2.29380111e-29,2.10117021e-29,1.05514851e-14,9.66538295e-15,9.16021094e-01
ism,1keV,2.41798900e+17,1.00000000e+03,4.43116425e-25,4.02252341e-25,1.07145064e-07,9.72641736e-08,9.07780254e-01
ism,1keV,2.41798900e+17,1.12365480e+03,3.92254933e-25,3.54707368e-25,9.48468113e-08,8.57678514e-08,9.04277648e-01
ism,1keV,2.41798900e+17,1.26260011e+03,3.46645596e-25,3.12563656e-25,8.38185238e-08,7.55775481e-08,9.01680735e-01
ism,1keV,2.41798900e+17,1.41872667e+03,3.05825463e-25,2.75134802e-25,7.39482605e-08,6.65272926e-08,8.99646484e-01
ism,1keV,2.41798900e+17,1.59415904e+03,2.69543169e-25,2.41948326e-25,6.51752417e-08,5.85028390e-08,8.97623661e-01
ism,1keV,2.41798900e+17,1.79128445e+03,2.37339843e-25,2.12637067e-25,5.73885129e-08,5.14154089e-08,8.95918125e-01
ism,1keV,2.41798900e+17,2.01278538e+03,2.08829295e-25,1.86747117e-25,5.04946939e-08,4.51552474e-08,8.94257276e-01
ism,1keV,2.41798900e+17,2.26167595e+03,1.83616594e-25,1.64007531e-25,4.43982904e-08,3.96568407e-08,8.93206480e-01
ism,1keV,2.41798900e+17,2.54134304e+03,1.61383520e-25,1.43986872e-25,3.90223577e-08,3.48158672e-08,8.92203068e-01
ism,1keV,2.41798900e+17,2.85559230e+03,1.41744986e-25,1.26307970e-25,3.42737817e-08,3.05411283e-08,8.91093038e-01
ism,1keV,2.41798900e+17,3.20870000e+03,1.24465520e-25,1.10780994e-25,3.00956259e-08,2.67867225e-08,8.90053680e-01
ism,1keV,2.41798900e+17,3.60547115e+03,1.09213630e-25,9.71082307e-26,2.64077356e-08,2.34806634e-08,8.89158530e-01
ism,1keV,2.41798900e+17,4.05130497e+03,9.57970577e-26,8.50780389e-26,2.31636232e-08,2.05717762e-08,8.88107014e-01
ism,1keV,2.41798900e+17,4.55226828e+03,8.39488680e-26,7.44704832e-26,2.02987439e-08,1.80068809e-08,8.87093358e-01
ism,1keV,2.41798900e+17,5.11517810e+03,7.35679461e-26,6.51791908e-26,1.77886484e-08,1.57602566e-08,8.85972686e-01
ism,1keV,2.41798900e+17,5.74769442e+03,6.44298655e-26,5.70242972e-26,1.55790706e-08,1.37884123e-08,8.85060007e-01
ism,1keV,2.41798900e+17,6.45842443e+03,5.64227151e-26,4.98843758e-26,1.36429504e-08,1.20619872e-08,8.84118671e-01
ism,1keV,2.41798900e+17,7.25703961e+03,4.93833012e-26,4.36044530e-26,1.19408279e-08,1.05435088e-08,8.82979710e-01
ism,1keV,2.41798900e+17,8.15440740e+03,4.32154938e-26,3.81107613e-26,1.04494589e-08,9.21514016e-09,8.81877260e-01
ism,1keV,2.41798900e+17,9.16273901e+03,3.77923017e-26,3.32935239e-26,9.13813698e-09,8.05033746e-09,8.80960471e-01
ism,1keV,2.41798900e+17,1.02957557e+04,3.30403345e-26,2.90689561e-26,7.98911655e-09,7.02884162e-09,8.79802113e-01
ism,1keV,2.41798900e+17,1.15688753e+04,2.88568762e-26,2.53487544e-26,6.97756092e-09,6.12930092e-09,8.78430298e-01
ism,1keV,2.41798900e+17,1.29994222e+04,2.51785013e-26,2.20871661e-26,6.08813391e-09,5.34065247e-09,8.77223227e-01
ism,1keV,2.41798900e+17,1.46068632e+04,2.19231756e-26,1.92094912e-26,5.30099974e-09,4.64483383e-09,8.76218461e-01
ism,1keV,2.41798900e+17,1.64130720e+04,1.90467174e-26,1.66695731e-26,4.60547532e-09,4.03068444e-09,8.75194016e-01
ism,1keV,2.41798900e+17,1.84426271e+04,1.64832596e-26,1.44062673e-26,3.98563405e-09,3.48341958e-09,8.73993832e-01
ism,1keV,2.41798900e+17,2.07231465e+04,1.41897023e-26,1.23863878e-26,3.43105440e-09,2.99501495e-09,8.72913863e-01
ism,1keV,2.41798900e+17,2.32856630e+04,1.21168312e-26,1.05664230e-26,2.92983645e-09,2.55494946e-09,8.72045081e-01
ism,1keV,2.41798900e+17,2.61650470e+04,1.02407174e-26,8.92049462e-27,2.47619421e-09,2.15696579e-09,8.71081023e-01
ism,1keV,2.41798900e+17,2.94004806e+04,8.54170881e-27,7.42986593e-27,2.06537579e-09,1.79653341e-09,8.69833671e-01
ism,1keV,2.41798900e+17,3.30359912e+04,7.02269506e-27,6.09933390e-27,1.69807994e-09,1.47481223e-09,8.68517549e-01
ism,1keV,2.41798900e+17,3.71210501e+04,5.68545651e-27,4.93236429e-27,1.37473713e-09,1.19264026e-09,8.67540589e-01
ism,1keV,2.41798900e+17,4.17112461e+04,4.53877546e-27,3.93407496e-27,1.09747091e-09,9.51254999e-10,8.66770123e-01
ism,1keV,2.41798900e+17,4.68690419e+04,3.57668872e-27,3.09751171e-27,8.64839399e-10,7.48974925e-10,8.66027758e-01
ism,1keV,2.41798900e+17,5.26646239e+04,2.79123183e-27,2.41644801e-27,6.74916786e-10,5.84294470e-10,8.65728165e-01
ism,1keV,2.41798900e+17,5.91768575e+04,2.16211111e-27,1.87210462e-27,5.22796087e-10,4.52672837e-10,8.65868831e-01
ism,1keV,2.41798900e+17,6.64943600e+04,1.66774795e-27,1.44423500e-27,4.03259621e-10,3.49214434e-10,8.65979176e-01
ism,1keV,2.41798900e+17,7.47167068e+04,1.28238886e-27,1.10902566e-27,3.10080215e-10,2.68161186e-10,8.64812305e-01
ism,1keV,2.41798900e+17,8.39557862e+04,9.85612325e-28,8.52213303e-28,2.38319976e-10,2.06064239e-10,8.64653658e-01
ism,1keV,2.41798900e+17,9.43373222e+04,7.57072194e-28,6.53791071e-28,1.83059224e-10,1.58085962e-10,8.63578237e-01
ism,1keV,2.41798900e+17,1.06002585e+05,5.82451158e-28,5.02760093e-28,1.40836049e-10,1.21566838e-10,8.63179834e-01
ism,1keV,2.41798900e+17,1.19110313e+05,4.48241078e-28,3.86071451e-28,1.08384200e-10,9.33516521e-11,8.61303147e-01
ism,1keV,2.41798900e+17,1.33838875e+05,3.45805460e-28,2.97251565e-28,8.36153799e-11,7.18751014e-11,8.59591878e-01
ism,1keV,2.41798900e+17,1.50388695e+05,2.67019234e-28,2.29720186e-28,6.45649570e-11,5.55460883e-11,8.60313255e-01
ism,1keV,2.41798900e+17,1.68984979e+05,2.06766919e-28,1.77570454e-28,4.99960137e-11,4.29363404e-11,8.58795278e-01
ism,1keV,2.41798900e+17,1.89880782e+05,1.60113586e-28,1.37568348e-28,3.87152890e-11,3.32638751e-11,8.59192221e-01
ism,1keV,2.41798900e+17,2.13360453e+05,1.24332301e-28,1.06863069e-28,3.00634137e-11,2.58393724e-11,8.59495622e-01
ism,1keV,2.41798900e+17,2.39743497e+05,9.66839458e-29,8.28576113e-29,2.33780717e-11,2.00348793e-11,8.56994516e-01
ism,1keV,2.41798900e+17,2.69388931e+05,7.54484359e-29,6.44761474e-29,1.82433488e-11,1.55902615e-11,8.54572354e-01
ism,1keV,2.41798900e+17,3.02700165e+05,5.87650018e-29,5.02471971e-29,1.42093128e-11,1.21497170e-11,8.55053103e-01
ism,1keV,2.41798900e+17,3.40130494e+05,4.60589977e-29,3.94702497e-29,1.11370150e-11,9.54386296e-12,8.56949818e-01
ism,1keV,2.41798900e+17,3.82189262e+05,3.60106161e-29,3.07486162e-29,8.70732735e-12,7.43498157e-12,8.53876427e-01
ism,1keV,2.41798900e+17,4.29448799e+05,2.82754128e-29,2.40470290e-29,6.83696372e-12,5.81454515e-12,8.50457219e-01
ism,1keV,2.41798900e+17,4.82552204e+05,2.22061632e-29,1.89328513e-29,5.36942584e-12,4.57794263e-12,8.52594442e-01
ism,1keV,2.41798900e+17,5.42222101e+05,1.74604168e-29,1.49325545e-29,4.22190958e-12,3.61067525e-12,8.55223253e-01
ism,1keV,2.41798900e+17,6.09270466e+05,1.37389573e-29,1.17612137e-29,3.32206476e-12,2.84384854e-12,8.56048494e-01
ism,1keV,2.41798900e+17,6.84609684e+05,1.08432771e-29,9.26248137e-30,2.62189248e-12,2.23965781e-12,8.54214208e-01
ism,1keV,2.41798900e+17,7.69264957e+05,8.53829365e-30,7.25817736e-30,2.06455001e-12,1.75501930e-12,8.50073522e-01
ism,1keV,2.41798900e+17,8.64388262e+05,6.77718138e-30,5.76368348e-30,1.63871500e-12,1.39365233e-12,8.50454364e-01
ism,1keV,2.41798900e+17,9.71274020e+05,5.33304138e-30,4.55196983e-30,1.28952354e-12,1.10066130e-12,8.53541068e-01
ism,1keV,2.41798900e+17,1.09137671e+06,4.25478304e-30,3.63423507e-30,1.02880186e-12,8.78754041e-13,8.54152851e-01
ism,1keV,2.41798900e+17,1.22633068e+06,3.34832737e-30,2.85828078e-30,8.09621876e-13,6.91129150e-13,8.53644362e-01
ism,1keV,2.41798900e+17,1.37797236e+06,2.68328270e-30,2.28091952e-30,6.48814804e-13,5.51523831e-13,8.50048161e-01
ism,1keV,2.41798900e+17,1.54836526e+06,2.11342988e-30,1.78706651e-30,5.11025021e-13,4.32110716e-13,8.45576436e-01
ism,1keV,2.41798900e+17,1.73982805e+06,1.70007220e-30,1.43679108e-30,4.11075588e-13,3.47414504e-13,8.45135333e-01
ism,1keV,2.41798900e+17,1.95496614e+06,1.34124945e-30,1.13379021e-30,3.24312642e-13,2.74149226e-13,8.45323897e-01
ism,1keV,2.41798900e+17,2.19670709e+06,1.08193277e-30,9.16064674e-31,2.61610153e-13,2.21503430e-13,8.46692790e-01
ism,1keV,2.41798900e+17,2.46834047e+06,8.55181391e-31,7.24885914e-31,2.06781920e-13,1.75276617e-13,8.47639953e-01
ism,1keV,2.41798900e+17,2.77356261e+06,6.91252933e-31,5.83652602e-31,1.67144199e-13,1.41126557e-13,8.44340145e-01
ism,1keV,2.41798900e+17,3.11652694e+06,5.48235529e-31,4.61090589e-31,1.32562748e-13,1.11491197e-13,8.41044706e-01
ism,1keV,2.41798900e+17,3.50190046e+06,4.43816044e-31,3.73076255e-31,1.07314231e-13,9.02094281e-14,8.40610114e-01
ism,1keV,2.41798900e+17,3.93492726e+06,3.53308776e-31,2.96777359e-31,8.54296734e-14,7.17604390e-14,8.39994303e-01
ism,1keV,2.41798900e+17,4.42149991e+06,2.86362059e-31,2.40148254e-31,6.92420309e-14,5.80675838e-14,8.38617572e-01
ism,1keV,2.41798900e+17,4.96823959e+06,2.28780742e-31,1.91750028e-31,5.53189319e-14,4.63649459e-14,8.38138850e-01
ism,1keV,2.41798900e+17,5.58258627e+06,1.85687936e-31,1.56174893e-31,4.48991386e-14,3.77629172e-14,8.41061063e-01
ism,1keV,2.41798900e+17,6.27289986e+06,1.48859750e-31,1.25557457e-31,3.59941238e-14,3.03596550e-14,8.43461428e-01
ism,1keV,2.41798900e+17,7.04857404e+06,1.21006621e-31,1.02042656e-31,2.92592678e-14,2.46738020e-14,8.43281595e-01
ism,1keV,2.41798900e+17,7.92016405e+06,9.73276884e-32,8.20230301e-32,2.35337280e-14,1.98330785e-14,8.42751241e-01
ism,1keV,2.41798900e+17,8.89953035e+06,7.92484439e-32,6.66782789e-32,1.91621866e-14,1.61227345e-14,8.41382816e-01
ism,1keV,2.41798900e+17,1.00000000e+07,6.39448530e-32,5.37081648e-32,1.54617951e-14,1.29865752e-14,8.39913805e-01
ism,100MeV,2.41798900e+22,1.00000000e+03,1.88841426e-30,1.57124773e-30,4.56616492e-08,3.79925973e-08,8.32046104e-01
ism,100MeV,2.41798900e+22,1.12365480e+03,1.63131495e-30,1.35714068e-30,3.94450162e-08,3.28155124e-08,8.31930509e-01
ism,100MeV,2.41798900e+22,1.26260011e+03,1.40930085e-30,1.17309143e-30,3.40767395e-08,2.83652217e-08,8.32392479e-01
ism,100MeV,2.41798900e+22,1.41872667e+03,1.21703094e-30,1.01406038e-30,2.94276743e-08,2.45198684e-08,8.33224813e-01
ism,100MeV,2.41798900e+22,1.59415904e+03,1.05104679e-30,8.76281092e-31,2.54141957e-08,2.11883804e-08,8.33722249e-01
ism,100MeV,2.41798900e+22,1.79128445e+03,9.07690054e-31,7.57132247e-31,2.19478457e-08,1.83073744e-08,8.34130818e-01
ism,100MeV,2.41798900e+22,2.01278538e+03,7.83931146e-31,6.54209038e-31,1.89553689e-08,1.58187026e-08,8.34523595e-01
ism,100MeV,2.41798900e+22,2.26167595e+03,6.77104042e-31,5.65746968e-31,1.63723012e-08,1.36796994e-08,8.35539197e-01
ism,100MeV,2.41798900e+22,2.54134304e+03,5.85006251e-31,4.89328360e-31,1.41453868e-08,1.18319059e-08,8.36449797e-01
ism,100MeV,2.41798900e+22,2.85559230e+03,5.05417748e-31,4.23053188e-31,1.22209455e-08,1.02293795e-08,8.37036669e-01
ism,100MeV,2.41798900e+22,3.20870000e+03,4.36857872e-31,3.65938489e-31,1.05631753e-08,8.84835241e-09,8.37660284e-01
ism,100MeV,2.41798900e+22,3.60547115e+03,3.77610353e-31,3.16630491e-31,9.13057679e-09,7.65609043e-09,8.38511149e-01
ism,100MeV,2.41798900e+22,4.05130497e+03,3.26578752e-31,2.74107955e-31,7.89663829e-09,6.62790021e-09,8.39331873e-01
ism,100MeV,2.41798900e+22,4.55226828e+03,2.82437747e-31,2.37336574e-31,6.82931366e-09,5.73877226e-09,8.40314640e-01
ism,100MeV,2.41798900e+22,5.11517810e+03,2.44500315e-31,2.05722665e-31,5.91199072e-09,4.97435140e-09,8.41400408e-01
ism,100MeV,2.41798900e+22,5.74769442e+03,2.11734000e-31,1.78466702e-31,5.11970484e-09,4.31530523e-09,8.42881645e-01
ism,100MeV,2.41798900e+22,6.45842443e+03,1.83544315e-31,1.55020668e-31,4.43808135e-09,3.74838271e-09,8.44595314e-01
ism,100MeV,2.41798900e+22,7.25703961e+03,1.59199703e-31,1.34745831e-31,3.84943130e-09,3.25813938e-09,8.46394993e-01
ism,100MeV,2.41798900e+22,8.15440740e+03,1.38234715e-31,1.17265438e-31,3.34250021e-09,2.83546539e-09,8.48306721e-01
ism,100MeV,2.41798900e+22,9.16273901e+03,1.20105465e-31,1.02148159e-31,2.90413694e-09,2.46993124e-09,8.50487182e-01
ism,100MeV,2.41798900e+22,1.02957557e+04,1.04470464e-31,8.90665806e-32,2.52608434e-09,2.15362012e-09,8.52552738e-01
ism,100MeV,2.41798900e+22,1.15688753e+04,9.09115007e-32,7.76933858e-32,2.19823009e-09,1.87861752e-09,8.54604590e-01
ism,100MeV,2.41798900e+22,1.29994222e+04,7.91567865e-32,6.78301673e-32,1.91400239e-09,1.64012598e-09,8.56909057e-01
ism,100MeV,2.41798900e+22,1.46068632e+04,6.88863116e-32,5.92012425e-32,1.66566344e-09,1.43147953e-09,8.59405028e-01
ism,100MeV,2.41798900e+22,1.64130720e+04,5.99263815e-32,5.16525882e-32,1.44901331e-09,1.24895390e-09,8.61934041e-01
ism,100MeV,2.41798900e+22,1.84426271e+04,5.20368293e-32,4.49789279e-32,1.25824481e-09,1.08758553e-09,8.64367190e-01
ism,100MeV,2.41798900e+22,2.07231465e+04,4.50554844e-32,3.90601744e-32,1.08943666e-09,9.44470721e-10,8.66934957e-01
ism,100MeV,2.41798900e+22,2.32856630e+04,3.87943359e-32,3.37394086e-32,9.38042774e-10,8.15815189e-10,8.69699349e-01
ism,100MeV,2.41798900e+22,2.61650470e+04,3.31502473e-32,2.89257294e-32,8.01569332e-10,6.99420955e-10,8.72564514e-01
ism,100MeV,2.41798900e+22,2.94004806e+04,2.80229032e-32,2.45237411e-32,6.77590718e-10,5.92981361e-10,8.75132061e-01
ism,100MeV,2.41798900e+22,3.30359912e+04,2.33850567e-32,2.05181645e-32,5.65448099e-10,4.96126961e-10,8.77404950e-01
ism,100MeV,2.41798900e+22,3.71210501e+04,1.92248200e-32,1.69082236e-32,4.64854033e-10,4.08838986e-10,8.79499707e-01
ism,100MeV,2.41798900e+22,4.17112461e+04,1.55696881e-32,1.37094607e-32,3.76473346e-10,3.31493251e-10,8.80522498e-01
ism,100MeV,2.41798900e+22,4.68690419e+04,1.24247950e-32,1.09405432e-32,3.00430177e-10,2.64541131e-10,8.80541141e-01
ism,100MeV,2.41798900e+22,5.26646239e+04,9.79412746e-33,8.62775940e-33,2.36820925e-10,2.08618273e-10,8.80911488e-01
ism,100MeV,2.41798900e+22,5.91768575e+04,7.64514920e-33,6.73459837e-33,1.84858867e-10,1.62841848e-10,8.80898226e-01
ism,100MeV,2.41798900e+22,6.64943600e+04,5.93046527e-33,5.22409739e-33,1.43397998e-10,1.26318100e-10,8.80891658e-01
ism,100MeV,2.41798900e+22,7.47167068e+04,4.57782728e-33,4.02970300e-33,1.10691360e-10,9.74377754e-11,8.80265408e-01
ism,100MeV,2.41798900e+22,8.39557862e+04,3.52579028e-33,3.10006739e-33,8.52532212e-11,7.49592884e-11,8.79254617e-01
ism,100MeV,2.41798900e+22,9.43373222e+04,2.70986845e-33,2.38056452e-33,6.55243211e-11,5.75617882e-11,8.78479734e-01
ism,100MeV,2.41798900e+22,1.06002585e+05,2.08349968e-33,1.83017518e-33,5.03787932e-11,4.42534345e-11,8.78413946e-01
ism,100MeV,2.41798900e+22,1.19110313e+05,1.60077427e-33,1.40424775e-33,3.87065459e-11,3.39545560e-11,8.77230331e-01
ism,100MeV,2.41798900e+22,1.33838875e+05,1.23180419e-33,1.07898517e-33,2.97848898e-11,2.60897427e-11,8.75938870e-01
ism,100MeV,2.41798900e+22,1.50388695e+05,9.47860530e-34,8.30118012e-34,2.29191633e-11,2.00721622e-11,8.75780756e-01
ism,100MeV,2.41798900e+22,1.68984979e+05,7.30850541e-34,6.38822493e-34,1.76718857e-11,1.54466576e-11,8.74080893e-01
ism,100MeV,2.41798900e+22,1.89880782e+05,5.63083335e-34,4.92086398e-34,1.36152931e-11,1.18985950e-11,8.73913980e-01
ism,100MeV,2.41798900e+22,2.13360453e+05,4.34603049e-34,3.79652025e-34,1.05086539e-11,9.17994420e-12,8.73560427e-01
ism,100MeV,2.41798900e+22,2.39743497e+05,3.35519244e-34,2.92192541e-34,8.11281842e-12,7.06518349e-12,8.70866710e-01
ism,100MeV,2.41798900e+22,2.69388931e+05,2.59849330e-34,2.25460541e-34,6.28312822e-12,5.45161108e-12,8.67658735e-01
ism,100MeV,2.41798900e+22,3.02700165e+05,2.00775947e-34,1.73992464e-34,4.85474031e-12,4.20711865e-12,8.66600145e-01
ism,100MeV,2.41798900e+22,3.40130494e+05,1.56062993e-34,1.35378122e-34,3.77358600e-12,3.27342811e-12,8.67458197e-01
ism,100MeV,2.41798900e+22,3.82189262e+05,1.20869323e-34,1.04614030e-34,2.92260694e-12,2.52955573e-12,8.65513488e-01
ism,100MeV,2.41798900e+22,4.29448799e+05,9.39579605e-35,8.11333916e-35,2.27189315e-12,1.96179648e-12,8.63507373e-01
ism,100MeV,2.41798900e+22,4.82552204e+05,7.30225491e-35,6.31622595e-35,1.76567720e-12,1.52725649e-12,8.64969250e-01
ism,100MeV,2.41798900e+22,5.42222101e+05,5.67695857e-35,4.91815421e-35,1.37268234e-12,1.18920428e-12,8.66336111e-01
ism,100MeV,2.41798900e+22,6.09270466e+05,4.41335468e-35,3.82114915e-35,1.06714431e-12,9.23949662e-13,8.65815107e-01
ism,100MeV,2.41798900e+22,6.84609684e+05,3.43926266e-35,2.96709863e-35,8.31609929e-13,7.17441184e-13,8.62713586e-01
ism,100MeV,2.41798900e+22,7.69264957e+05,2.67145791e-35,2.29133091e-35,6.45955583e-13,5.54041294e-13,8.57708034e-01
ism,100MeV,2.41798900e+22,8.64388262e+05,2.09033842e-35,1.79364467e-35,5.05441531e-13,4.33701307e-13,8.58064249e-01
ism,100MeV,2.41798900e+22,9.71274020e+05,1.61869545e-35,1.39459050e-35,3.91398778e-13,3.37210449e-13,8.61552125e-01
ism,100MeV,2.41798900e+22,1.09137671e+06,1.27373613e-35,1.09714775e-35,3.07987995e-13,2.65289119e-13,8.61361882e-01
ism,100MeV,2.41798900e+22,1.22633068e+06,9.87165361e-36,8.48155951e-36,2.38695498e-13,2.05083176e-13,8.59183257e-01
ism,100MeV,2.41798900e+22,1.37797236e+06,7.79146186e-36,6.65610813e-36,1.88396691e-13,1.60943962e-13,8.54282322e-01
ism,100MeV,2.41798900e+22,1.54836526e+06,6.02692605e-36,5.11452962e-36,1.45730409e-13,1.23668764e-13,8.48613302e-01
ism,100MeV,2.41798900e+22,1.73982805e+06,4.77708660e-36,4.05515585e-36,1.15509428e-13,9.80532224e-14,8.48876354e-01
ism,100MeV,2.41798900e+22,1.95496614e+06,3.70226325e-36,3.14669831e-36,8.95203182e-14,7.60868190e-14,8.49939103e-01
ism,100MeV,2.41798900e+22,2.19670709e+06,2.93363017e-36,2.49590583e-36,7.09348549e-14,6.03507285e-14,8.50790892e-01
ism,100MeV,2.41798900e+22,2.46834047e+06,2.26893331e-36,1.92954307e-36,5.48625579e-14,4.66561391e-14,8.50418590e-01
ism,100MeV,2.41798900e+22,2.77356261e+06,1.80398790e-36,1.52179419e-36,4.36202289e-14,3.67968162e-14,8.43572286e-01
ism,100MeV,2.41798900e+22,3.11652694e+06,1.40228164e-36,1.17318651e-36,3.39070158e-14,2.83675207e-14,8.36626876e-01
ism,100MeV,2.41798900e+22,3.50190046e+06,1.11333116e-36,9.31291054e-37,2.69202250e-14,2.25185152e-14,8.36490602e-01
ism,100MeV,2.41798900e+22,3.93492726e+06,8.66268709e-37,7.24187636e-37,2.09462821e-14,1.75107774e-14,8.35984987e-01
ism,100MeV,2.41798900e+22,4.42149991e+06,6.88177549e-37,5.74319018e-37,1.66400574e-14,1.38869707e-14,8.34550646e-01
ism,100MeV,2.41798900e+22,4.96823959e+06,5.37508793e-37,4.48266296e-37,1.29969035e-14,1.08390297e-14,8.33970164e-01
ism,100MeV,2.41798900e+22,5.58258627e+06,4.28279833e-37,3.58143365e-37,1.03557593e-14,8.65986717e-15,8.36236818e-01
ism,100MeV,2.41798900e+22,6.27289986e+06,3.35890176e-37,2.81559167e-37,8.12178750e-15,6.80806968e-15,8.38247698e-01
ism,100MeV,2.41798900e+22,7.04857404e+06,2.67023074e-37,2.23879918e-37,6.45658855e-15,5.41339180e-15,8.38429112e-01
ism,100MeV,2.41798900e+22,7.92016405e+06,2.09587196e-37,1.75562520e-37,5.06779534e-15,4.24508243e-15,8.37658615e-01
ism,100MeV,2.41798900e+22,8.89953035e+06,1.67156110e-37,1.39501576e-37,4.04181634e-15,3.37313275e-15,8.34558641e-01
ism,100MeV,2.41798900e+22,1.00000000e+07,1.31816236e-37,1.09547221e-37,3.18730209e-15,2.64883975e-15,8.31060149e-01
wind,10GHz,1.00000000e+10,1.00000000e+03,2.10793895e-25,3.65835901e-25,2.10793895e-15,3.65835901e-15,1.73551469e+00
wind,10GHz,1.00000000e+10,1.12365480e+03,2.35661873e-25,3.95766661e-25,2.35661873e-15,3.95766661e-15,1.67938350e+00
wind,10GHz,1.00000000e+10,1.26260011e+03,2.62485670e-25,4.24975998e-25,2.62485670e-15,4.24975998e-15,1.61904457e+00
wind,10GHz,1.00000000e+10,1.41872667e+03,2.91135986e-25,4.53966961e-25,2.91135986e-15,4.53966961e-15,1.55929525e+00
wind,10GHz,1.00000000e+10,1.59415904e+03,3.22401519e-25,4.83878913e-25,3.22401519e-15,4.83878913e-15,1.50085804e+00
wind,10GHz,1.00000000e+10,1.79128445e+03,3.56164199e-25,5.14516953e-25,3.56164199e-15,5.14516953e-15,1.44460604e+00
wind,10GHz,1.00000000e+10,2.01278538e+03,3.92264755e-25,5.45771504e-25,3.92264755e-15,5.45771504e-15,1.39133455e+00
wind,10GHz,1.00000000e+10,2.26167595e+03,4.30355660e-25,5.77313375e-25,4.30355660e-15,5.77313375e-15,1.34147968e+00
wind,10GHz,1.00000000e+10,2.54134304e+03,4.70030627e-25,6.08971601e-25,4.70030627e-15,6.08971601e-15,1.29559983e+00
wind,10GHz,1.00000000e+10,2.85559230e+03,5.10616661e-25,6.40226276e-25,5.10616661e-15,6.40226276e-15,1.25382958e+00
wind,10GHz,1.00000000e+10,3.20870000e+03,5.51411728e-25,6.70774110e-25,5.51411728e-15,6.70774110e-15,1.21646689e+00
wind,10GHz,1.00000000e+10,3.60547115e+03,5.91443537e-25,6.99997767e-25,5.91443537e-15,6.99997767e-15,1.18354116e+00
wind,10GHz,1.00000000e+10,4.05130497e+03,6.29816455e-25,7.27398532e-25,6.29816455e-15,7.27398532e-15,1.15493733e+00
wind,10GHz,1.00000000e+10,4.55226828e+03,6.65496536e-25,7.52238815e-25,6.65496536e-15,7.52238815e-15,1.13034219e+00
wind,10GHz,1.00000000e+10,5.11517810e+03,6.97733392e-25,7.74044685e-25,6.97733392e-15,7.74044685e-15,1.10937027e+00
wind,10GHz,1.00000000e+10,5.74769442e+03,7.25673572e-25,7.91940183e-25,7.25673572e-15,7.91940183e-15,1.09131738e+00
wind,10GHz,1.00000000e+10,6.45842443e+03,7.48688584e-25,8.05355335e-25,7.48688584e-15,8.05355335e-15,1.07568801e+00
wind,10GHz,1.00000000e+10,7.25703961e+03,7.65987511e-25,8.13263043e-25,7.65987511e-15,8.13263043e-15,1.06171841e+00
wind,10GHz,1.00000000e+10,8.15440740e+03,7.77443632e-25,8.15664215e-25,7.77443632e-15,8.15664215e-15,1.04916187e+00
wind,10GHz,1.00000000e+10,9.16273901e+03,7.83696789e-25,8.13758378e-25,7.83696789e-15,8.13758378e-15,1.03835870e+00
wind,10GHz,1.00000000e+10,1.02957557e+04,7.86106772e-25,8.09380868e-25,7.86106772e-15,8.09380868e-15,1.02960679e+00
wind,10GHz,1.00000000e+10,1.15688753e+04,7.84858069e-25,8.03021450e-25,7.84858069e-15,8.03021450e-15,1.02314225e+00
wind,10GHz,1.00000000e+10,1.29994222e+04,7.80784414e-25,7.95394029e-25,7.80784414e-15,7.95394029e-15,1.01871146e+00
wind,10GHz,1.00000000e+10,1.46068632e+04,7.74165517e-25,7.86352043e-25,7.74165517e-15,7.86352043e-15,1.01574150e+00
wind,10GHz,1.00000000e+10,1.64130720e+04,7.65715885e-25,7.75963647e-25,7.65715885e-15,7.75963647e-15,1.01338324e+00
wind,10GHz,1.00000000e+10,1.84426271e+04,7.55391842e-25,7.64130329e-25,7.55391842e-15,7.64130329e-15,1.01156815e+00
wind,10GHz,1.00000000e+10,2.07231465e+04,7.43637131e-25,7.51415640e-25,7.43637131e-15,7.51415640e-15,1.01046009e+00
wind,10GHz,1.00000000e+10,2.32856630e+04,7.30364098e-25,7.37793313e-25,7.30364098e-15,7.37793313e-15,1.01017193e+00
wind,10GHz,1.00000000e+10,2.61650470e+04,7.16041690e-25,7.23676805e-25,7.16041690e-15,7.23676805e-15,1.01066295e+00
wind,10GHz,1.00000000e+10,2.94004806e+04,7.00553790e-25,7.08480409e-25,7.00553790e-15,7.08480409e-15,1.01131479e+00
wind,10GHz,1.00000000e+10,3.30359912e+04,6.84338479e-25,6.92484948e-25,6.84338479e-15,6.92484948e-15,1.01190415e+00
wind,10GHz,1.00000000e+10,3.71210501e+04,6.67134304e-25,6.75412763e-25,6.67134304e-15,6.75412763e-15,1.01240898e+00
wind,10GHz,1.00000000e+10,4.17112461e+04,6.49248240e-25,6.57972752e-25,6.49248240e-15,6.57972752e-15,1.01343787e+00
wind,10GHz,1.00000000e+10,4.68690419e+04,6.30441304e-25,6.40245126e-25,6.30441304e-15,6.40245126e-15,1.01555073e+00
wind,10GHz,1.00000000e+10,5.26646239e+04,6.11285761e-25,6.22501992e-25,6.11285761e-15,6.22501992e-15,1.01834859e+00
wind,10GHz,1.00000000e+10,5.91768575e+04,5.91643616e-25,6.04361476e-25,5.91643616e-15,6.04361476e-15,1.02149581e+00
wind,10GHz,1.00000000e+10,6.64943600e+04,5.72070551e-25,5.85684180e-25,5.72070551e-15,5.85684180e-15,1.02379712e+00
wind,10GHz,1.00000000e+10,7.47167068e+04,5.52312221e-25,5.65743267e-25,5.52312221e-15,5.65743267e-15,1.02431785e+00
wind,10GHz,1.00000000e+10,8.39557862e+04,5.32629700e-25,5.45053162e-25,5.32629700e-15,5.45053162e-15,1.02332477e+00
wind,10GHz,1.00000000e+10,9.43373222e+04,5.12658106e-25,5.23466182e-25,5.12658106e-15,5.23466182e-15,1.02108242e+00
wind,10GHz,1.00000000e+10,1.06002585e+05,4.92607283e-25,5.02064942e-25,4.92607283e-15,5.02064942e-15,1.01919919e+00
wind,10GHz,1.00000000e+10,1.19110313e+05,4.72154657e-25,4.81122465e-25,4.72154657e-15,4.81122465e-15,1.01899337e+00
wind,10GHz,1.00000000e+10,1.33838875e+05,4.51817538e-25,4.61576657e-25,4.51817538e-15,4.61576657e-15,1.02159969e+00
wind,10GHz,1.00000000e+10,1.50388695e+05,4.31404628e-25,4.42843737e-25,4.31404628e-15,4.42843737e-15,1.02651596e+00
wind,10GHz,1.00000000e+10,1.68984979e+05,4.11614696e-25,4.24845257e-25,4.11614696e-15,4.24845257e-15,1.03214307e+00
wind,10GHz,1.00000000e+10,1.89880782e+05,3.92251421e-25,4.06869366e-25,3.92251421e-15,4.06869366e-15,1.03726677e+00
wind,10GHz,1.00000000e+10,2.13360453e+05,3.73636775e-25,3.88495331e-25,3.73636775e-15,3.88495331e-15,1.03976738e+00
wind,10GHz,1.00000000e+10,2.39743497e+05,3.55402387e-25,3.69407194e-25,3.55402387e-15,3.69407194e-15,1.03940550e+00
wind,10GHz,1.00000000e+10,2.69388931e+05,3.37600351e-25,3.50313042e-25,3.37600351e-15,3.50313042e-15,1.03765604e+00
wind,10GHz,1.00000000e+10,3.02700165e+05,3.19771759e-25,3.31355048e-25,3.19771759e-15,3.31355048e-15,1.03622361e+00
wind,10GHz,1.00000000e+10,3.40130494e+05,3.02335738e-25,3.13687151e-25,3.02335738e-15,3.13687151e-15,1.03754572e+00
wind,10GHz,1.00000000e+10,3.82189262e+05,2.84852050e-25,2.96707567e-25,2.84852050e-15,2.96707567e-15,1.04161991e+00
wind,10GHz,1.00000000e+10,4.29448799e+05,2.67972718e-25,2.81081758e-25,2.67972718e-15,2.81081758e-15,1.04891931e+00
wind,10GHz,1.00000000e+10,4.82552204e+05,2.51371361e-25,2.65964356e-25,2.51371361e-15,2.65964356e-15,1.05805353e+00
wind,10GHz,1.00000000e+10,5.42222101e+05,2.35668309e-25,2.51276830e-25,2.35668309e-15,2.51276830e-15,1.06623089e+00
wind,10GHz,1.00000000e+10,6.09270466e+05,2.20575196e-25,2.36366330e-25,2.20575196e-15,2.36366330e-15,1.07159071e+00
wind,10GHz,1.00000000e+10,6.84609684e+05,2.06121507e-25,2.21120732e-25,2.06121507e-15,2.21120732e-15,1.07276885e+00
wind,10GHz,1.00000000e+10,7.69264957e+05,1.92021668e-25,2.05466999e-25,1.92021668e-15,2.05466999e-15,1.07001987e+00
wind,10GHz,1.00000000e+10,8.64388262e+05,1.78308078e-25,1.90457925e-25,1.78308078e-15,1.90457925e-15,1.06813963e+00
wind,10GHz,1.00000000e+10,9.71274020e+05,1.64826216e-25,1.76074713e-25,1.64826216e-15,1.76074713e-15,1.06824458e+00
wind,10GHz,1.00000000e+10,1.09137671e+06,1.51861272e-25,1.62735014e-25,1.51861272e-15,1.62735014e-15,1.07160313e+00
wind,10GHz,1.00000000e+10,1.22633068e+06,1.39212812e-25,1.50049505e-25,1.39212812e-15,1.50049505e-15,1.07784264e+00
wind,10GHz,1.00000000e+10,1.37797236e+06,1.27339919e-25,1.38128048e-25,1.27339919e-15,1.38128048e-15,1.08471915e+00
wind,10GHz,1.00000000e+10,1.54836526e+06,1.15819143e-25,1.26413268e-25,1.15819143e-15,1.26413268e-15,1.09147128e+00
wind,10GHz,1.00000000e+10,1.73982805e+06,1.05203647e-25,1.14873560e-25,1.05203647e-15,1.14873560e-15,1.09191613e+00
wind,10GHz,1.00000000e+10,1.95496614e+06,9.48558526e-26,1.03256409e-25,9.48558526e-16,1.03256409e-15,1.08856129e+00
wind,10GHz,1.00000000e+10,2.19670709e+06,8.53138296e-26,9.21614194e-26,8.53138296e-16,9.21614194e-16,1.08026354e+00
wind,10GHz,1.00000000e+10,2.46834047e+06,7.59260378e-26,8.12089954e-26,7.59260378e-16,8.12089954e-16,1.06958031e+00
wind,10GHz,1.00000000e+10,2.77356261e+06,6.71710481e-26,7.13442407e-26,6.71710481e-16,7.13442407e-16,1.06212785e+00
wind,10GHz,1.00000000e+10,3.11652694e+06,5.85721911e-26,6.17804402e-26,5.85721911e-16,6.17804402e-16,1.05477427e+00
wind,10GHz,1.00000000e+10,3.50190046e+06,5.09754298e-26,5.35908620e-26,5.09754298e-16,5.35908620e-16,1.05130770e+00
wind,10GHz,1.00000000e+10,3.93492726e+06,4.36349135e-26,4.56885248e-26,4.36349135e-16,4.56885248e-16,1.04706349e+00
wind,10GHz,1.00000000e+10,4.42149991e+06,3.73828133e-26,3.88226007e-26,3.73828133e-16,3.88226007e-16,1.03851469e+00
wind,10GHz,1.00000000e+10,4.96823959e+06,3.13983874e-26,3.22376948e-26,3.13983874e-16,3.22376948e-16,1.02673091e+00
wind,10GHz,1.00000000e+10,5.58258627e+06,2.64324164e-26,2.67335367e-26,2.64324164e-16,2.67335367e-16,1.01139209e+00
wind,10GHz,1.00000000e+10,6.27289986e+06,2.17333849e-26,2.15800615e-26,2.17333849e-16,2.15800615e-16,9.92945259e-01
wind,10GHz,1.00000000e+10,7.04857404e+06,1.79543213e-26,1.75501716e-26,1.79543213e-16,1.75501716e-16,9.77490113e-01
wind,10GHz,1.00000000e+10,7.92016405e+06,1.44448272e-26,1.38718682e-26,1.44448272e-16,1.38718682e-16,9.60334658e-01
wind,10GHz,1.00000000e+10,8.89953035e+06,1.17569482e-26,1.12105288e-26,1.17569482e-16,1.12105288e-16,9.53523705e-01
wind,10GHz,1.00000000e+10,1.00000000e+07,9.30861177e-27,8.80366595e-27,9.30861177e-17,8.80366595e-17,9.45754981e-01
wind,Rband,4.60000000e+14,1.00000000e+03,1.03321323e-23,1.08937102e-23,4.75278088e-09,5.01110669e-09,1.05435256e+00
wind,Rband,4.60000000e+14,1.12365480e+03,1.04946763e-23,1.10771218e-23,4.82755110e-09,5.09547601e-09,1.05549914e+00
wind,Rband,4.60000000e+14,1.26260011e+03,1.06443464e-23,1.12393855e-23,4.89639935e-09,5.17011732e-09,1.05590189e+00
wind,Rband,4.60000000e+14,1.41872667e+03,1.07733178e-23,1.13715913e-23,4.95572617e-09,5.23093198e-09,1.05553289e+00
wind,Rband,4.60000000e+14,1.59415904e+03,1.08787711e-23,1.14760988e-23,5.00423468e-09,5.27900545e-09,1.05490765e+00
wind,Rband,4.60000000e+14,1.79128445e+03,1.09524380e-23,1.15462614e-23,5.03812149e-09,5.31128023e-09,1.05421837e+00
wind,Rband,4.60000000e+14,2.01278538e+03,1.09923818e-23,1.15832907e-23,5.05649563e-09,5.32831370e-09,1.05375622e+00
wind,Rband,4.60000000e+14,2.26167595e+03,1.09900578e-23,1.15787572e-23,5.05542659e-09,5.32622833e-09,1.05356655e+00
wind,Rband,4.60000000e+14,2.54134304e+03,1.09446975e-23,1.15309817e-23,5.03456084e-09,5.30425159e-09,1.05356788e+00
wind,Rband,4.60000000e+14,2.85559230e+03,1.08484592e-23,1.14302655e-23,4.99029123e-09,5.25792214e-09,1.05363032e+00
wind,Rband,4.60000000e+14,3.20870000e+03,1.07021693e-23,1.12746145e-23,4.92299786e-09,5.18632267e-09,1.05348871e+00
wind,Rband,4.60000000e+14,3.60547115e+03,1.04987273e-23,1.10548482e-23,4.82941456e-09,5.08523017e-09,1.05297032e+00
wind,Rband,4.60000000e+14,4.05130497e+03,1.02390585e-23,1.07679700e-23,4.70996690e-09,4.95326620e-09,1.05165626e+00
wind,Rband,4.60000000e+14,4.55226828e+03,9.91606978e-24,1.04052497e-23,4.56139210e-09,4.78641486e-09,1.04933204e+00
wind,Rband,4.60000000e+14,5.11517810e+03,9.53656341e-24,9.97427235e-24,4.38681917e-09,4.58816528e-09,1.04589797e+00
wind,Rband,4.60000000e+14,5.74769442e+03,9.09747305e-24,9.47343760e-24,4.18483760e-09,4.35778129e-09,1.04132626e+00
wind,Rband,4.60000000e+14,6.45842443e+03,8.59931210e-24,8.90727602e-24,3.95568357e-09,4.09734697e-09,1.03581262e+00
wind,Rband,4.60000000e+14,7.25703961e+03,8.03034640e-24,8.26541556e-24,3.69395934e-09,3.80209116e-09,1.02927261e+00
wind,Rband,4.60000000e+14,8.15440740e+03,7.38997451e-24,7.55144000e-24,3.39938828e-09,3.47366240e-09,1.02184926e+00
wind,Rband,4.60000000e+14,9.16273901e+03,6.68993404e-24,6.78255911e-24,3.07736966e-09,3.11997719e-09,1.01384544e+00
wind,Rband,4.60000000e+14,1.02957557e+04,5.96429837e-24,5.98922558e-24,2.74357725e-09,2.75504377e-09,1.00417940e+00
wind,Rband,4.60000000e+14,1.15688753e+04,5.23110634e-24,5.19600442e-24,2.40630892e-09,2.39016203e-09,9.93289770e-01
wind,Rband,4.60000000e+14,1.29994222e+04,4.51785264e-24,4.43818147e-24,2.07821222e-09,2.04156348e-09,9.82365257e-01
wind,Rband,4.60000000e+14,1.46068632e+04,3.84164148e-24,3.72945543e-24,1.76715508e-09,1.71554950e-09,9.70797364e-01
wind,Rband,4.60000000e+14,1.64130720e+04,3.22282394e-24,3.08954916e-24,1.48249901e-09,1.42119262e-09,9.58646584e-01
wind,Rband,4.60000000e+14,1.84426271e+04,2.66745025e-24,2.52598378e-24,1.22702711e-09,1.16195254e-09,9.46965659e-01
wind,Rband,4.60000000e+14,2.07231465e+04,2.18404624e-24,2.04605494e-24,1.00466127e-09,9.41185273e-10,9.36818506e-01
wind,Rband,4.60000000e+14,2.32856630e+04,1.77006354e-24,1.64478337e-24,8.14229229e-10,7.56600350e-10,9.29222782e-01
wind,Rband,4.60000000e+14,2.61650470e+04,1.42496089e-24,1.31733297e-24,6.55482008e-10,6.05973164e-10,9.24469561e-01
wind,Rband,4.60000000e+14,2.94004806e+04,1.14011570e-24,1.05072966e-24,5.24453223e-10,4.83335646e-10,9.21599153e-01
wind,Rband,4.60000000e+14,3.30359912e+04,9.09614166e-25,8.36786114e-25,4.18422516e-10,3.84921612e-10,9.19935226e-01
wind,Rband,4.60000000e+14,3.71210501e+04,7.23382275e-25,6.65248785e-25,3.32755847e-10,3.06014441e-10,9.19636557e-01
wind,Rband,4.60000000e+14,4.17112461e+04,5.74872558e-25,5.29074643e-25,2.64441377e-10,2.43374336e-10,9.20333796e-01
wind,Rband,4.60000000e+14,4.68690419e+04,4.55776881e-25,4.19748899e-25,2.09657365e-10,1.93084493e-10,9.20952590e-01
wind,Rband,4.60000000e+14,5.26646239e+04,3.61221383e-25,3.32709192e-25,1.66161836e-10,1.53046228e-10,9.21067266e-01
wind,Rband,4.60000000e+14,5.91768575e+04,2.85856659e-25,2.63245000e-25,1.31494063e-10,1.21092700e-10,9.20898611e-01
wind,Rband,4.60000000e+14,6.64943600e+04,2.26389016e-25,2.08662541e-25,1.04138947e-10,9.59847690e-11,9.21699052e-01
wind,Rband,4.60000000e+14,7.47167068e+04,1.78843554e-25,1.64950629e-25,8.22680349e-11,7.58772894e-11,9.22318000e-01
wind,Rband,4.60000000e+14,8.39557862e+04,1.41358902e-25,1.30371944e-25,6.50250947e-11,5.99710941e-11,9.22276151e-01
wind,Rband,4.60000000e+14,9.43373222e+04,1.11604238e-25,1.02904709e-25,5.13379494e-11,4.73361662e-11,9.22050192e-01
wind,Rband,4.60000000e+14,1.06002585e+05,8.81596025e-26,8.13299968e-26,4.05534171e-11,3.74117985e-11,9.22531347e-01
wind,Rband,4.60000000e+14,1.19110313e+05,6.94456848e-26,6.41022078e-26,3.19450150e-11,2.94870156e-11,9.23055305e-01
wind,Rband,4.60000000e+14,1.33838875e+05,5.48565408e-26,5.06140416e-26,2.52340088e-11,2.32824591e-11,9.22661926e-01
wind,Rband,4.60000000e+14,1.50388695e+05,4.31828566e-26,3.98545885e-26,1.98641141e-11,1.83331107e-11,9.22926170e-01
wind,Rband,4.60000000e+14,1.68984979e+05,3.40519348e-26,3.14391201e-26,1.56638900e-11,1.44619952e-11,9.23269714e-01
wind,Rband,4.60000000e+14,1.89880782e+05,2.68168167e-26,2.47423381e-26,1.23357357e-11,1.13814755e-11,9.22642623e-01
wind,Rband,4.60000000e+14,2.13360453e+05,2.11178490e-26,1.94709815e-26,9.71421052e-12,8.95665148e-12,9.22015378e-01
wind,Rband,4.60000000e+14,2.39743497e+05,1.66150469e-26,1.53215661e-26,7.64292159e-12,7.04792041e-12,9.22150035e-01
wind,Rband,4.60000000e+14,2.69388931e+05,1.31015800e-26,1.20962097e-26,6.02672681e-12,5.56425646e-12,9.23263428e-01
wind,Rband,4.60000000e+14,3.02700165e+05,1.02835758e-26,9.50042221e-27,4.73044485e-12,4.37019422e-12,9.23844237e-01
wind,Rband,4.60000000e+14,3.40130494e+05,8.11789157e-27,7.49316529e-27,3.73423012e-12,3.44685603e-12,9.23043283e-01
wind,Rband,4.60000000e+14,3.82189262e+05,6.36465845e-27,5.87263470e-27,2.92774289e-12,2.70141196e-12,9.22694399e-01
wind,Rband,4.60000000e+14,4.29448799e+05,5.02386565e-27,4.63837562e-27,2.31097820e-12,2.13365278e-12,9.23268244e-01
wind,Rband,4.60000000e+14,4.82552204e+05,3.94279133e-27,3.64258751e-27,1.81368401e-12,1.67559025e-12,9.23860080e-01
wind,Rband,4.60000000e+14,5.42222101e+05,3.10728767e-27,2.86967604e-27,1.42935233e-12,1.32005098e-12,9.23530855e-01
wind,Rband,4.60000000e+14,6.09270466e+05,2.44245258e-27,2.25151456e-27,1.12352819e-12,1.03569670e-12,9.21825289e-01
wind,Rband,4.60000000e+14,6.84609684e+05,1.92183921e-27,1.77074676e-27,8.84046035e-13,8.14543511e-13,9.21381329e-01
wind,Rband,4.60000000e+14,7.69264957e+05,1.51178393e-27,1.39647376e-27,6.95420606e-13,6.42377927e-13,9.23725759e-01
wind,Rband,4.60000000e+14,8.64388262e+05,1.18922577e-27,1.09963772e-27,5.47043854e-13,5.05833352e-13,9.24666913e-01
wind,Rband,4.60000000e+14,9.71274020e+05,9.35287641e-28,8.63105529e-28,4.30232315e-13,3.97028543e-13,9.22823622e-01
wind,Rband,4.60000000e+14,1.09137671e+06,7.36574398e-28,6.79494985e-28,3.38824223e-13,3.12567693e-13,9.22506928e-01
wind,Rband,4.60000000e+14,1.22633068e+06,5.78529177e-28,5.34691545e-28,2.66123422e-13,2.45958111e-13,9.24225719e-01
wind,Rband,4.60000000e+14,1.37797236e+06,4.56787427e-28,4.22311968e-28,2.10122216e-13,1.94263505e-13,9.24526252e-01
wind,Rband,4.60000000e+14,1.54836526e+06,3.57814571e-28,3.30464817e-28,1.64594703e-13,1.52013816e-13,9.23564449e-01
wind,Rband,4.60000000e+14,1.73982805e+06,2.83323293e-28,2.61625472e-28,1.30328715e-13,1.20347717e-13,9.23416741e-01
wind,Rband,4.60000000e+14,1.95496614e+06,2.21361031e-28,2.04505060e-28,1.01826074e-13,9.40723274e-14,9.23853031e-01
wind,Rband,4.60000000e+14,2.19670709e+06,1.75742005e-28,1.62504580e-28,8.08413224e-14,7.47521068e-14,9.24676942e-01
wind,Rband,4.60000000e+14,2.46834047e+06,1.37020654e-28,1.26824150e-28,6.30295008e-14,5.83391090e-14,9.25584183e-01
wind,Rband,4.60000000e+14,2.77356261e+06,1.09037006e-28,1.00748153e-28,5.01570227e-14,4.63441504e-14,9.23981287e-01
wind,Rband,4.60000000e+14,3.11652694e+06,8.48779237e-29,7.82341853e-29,3.90438449e-14,3.59877253e-14,9.21725956e-01
wind,Rband,4.60000000e+14,3.50190046e+06,6.76780418e-29,6.25741026e-29,3.11318992e-14,2.87840872e-14,9.24585004e-01
wind,Rband,4.60000000e+14,3.93492726e+06,5.26261553e-29,4.88742803e-29,2.42080314e-14,2.24821689e-14,9.28707029e-01
wind,Rband,4.60000000e+14,4.42149991e+06,4.20301323e-29,3.89513317e-29,1.93338608e-14,1.79176126e-14,9.26747778e-01
wind,Rband,4.60000000e+14,4.96823959e+06,3.26645358e-29,3.01805857e-29,1.50256865e-14,1.38830694e-14,9.23955753e-01
wind,Rband,4.60000000e+14,5.58258627e+06,2.61198692e-29,2.41876561e-29,1.20151398e-14,1.11263218e-14,9.26025161e-01
wind,Rband,4.60000000e+14,6.27289986e+06,2.02994009e-29,1.88465240e-29,9.33772440e-15,8.66940104e-15,9.28427598e-01
wind,Rband,4.60000000e+14,7.04857404e+06,1.62454502e-29,1.50445545e-29,7.47290710e-15,6.92049509e-15,9.26078030e-01
wind,Rband,4.60000000e+14,7.92016405e+06,1.26323430e-29,1.16686788e-29,5.81087779e-15,5.36759226e-15,9.23714532e-01
wind,Rband,4.60000000e+14,8.89953035e+06,1.01133103e-29,9.36990293e-30,4.65212274e-15,4.31015535e-15,9.26492182e-01
wind,Rband,4.60000000e+14,1.00000000e+07,7.87301482e-30,7.31572806e-30,3.62158682e-15,3.36523491e-15,9.29215583e-01
wind,1keV,2.41798900e+17,1.00000000e+03,7.30783746e-25,6.27442839e-25,1.76702706e-07,1.51714988e-07,8.58588936e-01
wind,1keV,2.41798900e+17,1.12365480e+03,6.34481765e-25,5.43858523e-25,1.53416993e-07,1.31504393e-07,8.57169666e-01
wind,1keV,2.41798900e+17,1.26260011e+03,5.50384240e-25,4.71140278e-25,1.33082304e-07,1.13921201e-07,8.56020657e-01
wind,1keV,2.41798900e+17,1.41872667e+03,4.76728920e-25,4.07688999e-25,1.15272529e-07,9.85787514e-08,8.55179917e-01
wind,1keV,2.41798900e+17,1.59415904e+03,4.12766384e-25,3.52725019e-25,9.98064575e-08,8.52885216e-08,8.54539113e-01
wind,1keV,2.41798900e+17,1.79128445e+03,3.57043953e-25,3.04948313e-25,8.63328350e-08,7.37361666e-08,8.54091801e-01
wind,1keV,2.41798900e+17,2.01278538e+03,3.08771832e-25,2.63654994e-25,7.46606893e-08,6.37514875e-08,8.53882921e-01
wind,1keV,2.41798900e+17,2.26167595e+03,2.66814341e-25,2.27847373e-25,6.45154142e-08,5.50932441e-08,8.53954746e-01
wind,1keV,2.41798900e+17,2.54134304e+03,2.30525060e-25,1.96917487e-25,5.57407059e-08,4.76144317e-08,8.54212929e-01
wind,1keV,2.41798900e+17,2.85559230e+03,1.99036562e-25,1.70109216e-25,4.81268218e-08,4.11322212e-08,8.54663152e-01
wind,1keV,2.41798900e+17,3.20870000e+03,1.71781354e-25,1.46894765e-25,4.15365425e-08,3.55189926e-08,8.55126367e-01
wind,1keV,2.41798900e+17,3.60547115e+03,1.48107859e-25,1.26717083e-25,3.58123173e-08,3.06400514e-08,8.55572989e-01
wind,1keV,2.41798900e+17,4.05130497e+03,1.27605704e-25,1.09249729e-25,3.08549188e-08,2.64164642e-08,8.56150826e-01
wind,1keV,2.41798900e+17,4.55226828e+03,1.09730858e-25,9.40215384e-26,2.65328006e-08,2.27343046e-08,8.56837726e-01
wind,1keV,2.41798900e+17,5.11517810e+03,9.41495597e-26,8.07452827e-26,2.27652600e-08,1.95241205e-08,8.57627831e-01
wind,1keV,2.41798900e+17,5.74769442e+03,8.04303048e-26,6.90485266e-26,1.94479592e-08,1.66958578e-08,8.58488934e-01
wind,1keV,2.41798900e+17,6.45842443e+03,6.83064344e-26,5.86985342e-26,1.65164207e-08,1.41932410e-08,8.59341212e-01
wind,1keV,2.41798900e+17,7.25703961e+03,5.74667570e-26,4.94249089e-26,1.38953986e-08,1.19508886e-08,8.60060868e-01
wind,1keV,2.41798900e+17,8.15440740e+03,4.78188347e-26,4.11728765e-26,1.15625416e-08,9.95555625e-09,8.61017982e-01
wind,1keV,2.41798900e+17,9.16273901e+03,3.95742381e-26,3.41170786e-26,9.56900725e-09,8.24947207e-09,8.62103231e-01
wind,1keV,2.41798900e+17,1.02957557e+04,3.27418408e-26,2.82723414e-26,7.91694110e-09,6.83622105e-09,8.63492726e-01
wind,1keV,2.41798900e+17,1.15688753e+04,2.70543272e-26,2.33999870e-26,6.54170655e-09,5.65809112e-09,8.64925854e-01
wind,1keV,2.41798900e+17,1.29994222e+04,2.23414473e-26,1.93500871e-26,5.40213738e-09,4.67882978e-09,8.66107145e-01
wind,1keV,2.41798900e+17,1.46068632e+04,1.84180294e-26,1.59661684e-26,4.45345924e-09,3.86060195e-09,8.66877126e-01
wind,1keV,2.41798900e+17,1.64130720e+04,1.51693233e-26,1.31552254e-26,3.66792569e-09,3.18091904e-09,8.67225594e-01
wind,1keV,2.41798900e+17,1.84426271e+04,1.24668597e-26,1.08206075e-26,3.01447295e-09,2.61641100e-09,8.67949735e-01
wind,1keV,2.41798900e+17,2.07231465e+04,1.02347584e-26,8.89259070e-27,2.47475333e-09,2.15021865e-09,8.68861806e-01
wind,1keV,2.41798900e+17,2.32856630e+04,8.38228643e-27,7.29401720e-27,2.02682764e-09,1.76368534e-09,8.70170360e-01
wind,1keV,2.41798900e+17,2.61650470e+04,6.85731944e-27,5.97967441e-27,1.65809230e-09,1.44587870e-09,8.72013396e-01
wind,1keV,2.41798900e+17,2.94004806e+04,5.59530784e-27,4.88846930e-27,1.35293928e-09,1.18202650e-09,8.73672984e-01
wind,1keV,2.41798900e+17,3.30359912e+04,4.56123455e-27,3.99112528e-27,1.10290150e-09,9.65049703e-10,8.75009878e-01
wind,1keV,2.41798900e+17,3.71210501e+04,3.70914577e-27,3.25098118e-27,8.96867367e-10,7.86083672e-10,8.76477059e-01
wind,1keV,2.41798900e+17,4.17112461e+04,3.01396009e-27,2.64584316e-27,7.28772235e-10,6.39761965e-10,8.77862704e-01
wind,1keV,2.41798900e+17,4.68690419e+04,2.44258869e-27,2.14730517e-27,5.90615258e-10,5.19216029e-10,8.79110422e-01
wind,1keV,2.41798900e+17,5.26646239e+04,1.97779067e-27,1.73941072e-27,4.78227609e-10,4.20587599e-10,8.79471597e-01
wind,1keV,2.41798900e+17,5.91768575e+04,1.59781077e-27,1.40457487e-27,3.86348885e-10,3.39624660e-10,8.79062092e-01
wind,1keV,2.41798900e+17,6.64943600e+04,1.29069858e-27,1.13576646e-27,3.12089497e-10,2.74627082e-10,8.79962589e-01
wind,1keV,2.41798900e+17,7.47167068e+04,1.03960084e-27,9.15929589e-28,2.51374339e-10,2.21470767e-10,8.81039681e-01
wind,1keV,2.41798900e+17,8.39557862e+04,8.37294465e-28,7.38068974e-28,2.02456881e-10,1.78464266e-10,8.81492718e-01
wind,1keV,2.41798900e+17,9.43373222e+04,6.73157458e-28,5.93311515e-28,1.62768733e-10,1.43462072e-10,8.81385935e-01
wind,1keV,2.41798900e+17,1.06002585e+05,5.41254053e-28,4.77422630e-28,1.30874635e-10,1.15440267e-10,8.82067537e-01
wind,1keV,2.41798900e+17,1.19110313e+05,4.33901988e-28,3.83127232e-28,1.04917023e-10,9.26397432e-11,8.82981048e-01
wind,1keV,2.41798900e+17,1.33838875e+05,3.48500984e-28,3.07812071e-28,8.42671546e-11,7.44286201e-11,8.83245916e-01
wind,1keV,2.41798900e+17,1.50388695e+05,2.78967169e-28,2.46674446e-28,6.74539546e-11,5.96456096e-11,8.84241850e-01
wind,1keV,2.41798900e+17,1.68984979e+05,2.23567755e-28,1.97923920e-28,5.40584372e-11,4.78577861e-11,8.85297256e-01
wind,1keV,2.41798900e+17,1.89880782e+05,1.78875256e-28,1.58385751e-28,4.32518401e-11,3.82975004e-11,8.85453666e-01
wind,1keV,2.41798900e+17,2.13360453e+05,1.43106322e-28,1.26747364e-28,3.46029512e-11,3.06473732e-11,8.85686686e-01
wind,1keV,2.41798900e+17,2.39743497e+05,1.14331125e-28,1.01375448e-28,2.76451402e-11,2.45124718e-11,8.86682853e-01
wind,1keV,2.41798900e+17,2.69388931e+05,9.15073226e-29,8.13074669e-29,2.21263699e-11,1.96600561e-11,8.88535088e-01
wind,1keV,2.41798900e+17,3.02700165e+05,7.29198927e-29,6.48859993e-29,1.76319498e-11,1.56893633e-11,8.89825765e-01
wind,1keV,2.41798900e+17,3.40130494e+05,5.83796071e-29,5.19461639e-29,1.41161248e-11,1.25605253e-11,8.89799821e-01
wind,1keV,2.41798900e+17,3.82189262e+05,4.64472999e-29,4.13506334e-29,1.12309060e-11,9.99853767e-12,8.90269907e-01
wind,1keV,2.41798900e+17,4.29448799e+05,3.71503676e-29,3.31208977e-29,8.98291803e-12,8.00859663e-12,8.91536203e-01
wind,1keV,2.41798900e+17,4.82552204e+05,2.95541560e-29,2.63867507e-29,7.14616242e-12,6.38028728e-12,8.92827074e-01
wind,1keV,2.41798900e+17,5.42222101e+05,2.35921645e-29,2.10716491e-29,5.70455944e-12,5.09510157e-12,8.93163026e-01
wind,1keV,2.41798900e+17,6.09270466e+05,1.87839971e-29,1.67587842e-29,4.54194985e-12,4.05225557e-12,8.92184130e-01
wind,1keV,2.41798900e+17,6.84609684e+05,1.49690718e-29,1.33597661e-29,3.61950509e-12,3.23037675e-12,8.92491285e-01
wind,1keV,2.41798900e+17,7.69264957e+05,1.19208201e-29,1.06742919e-29,2.88244118e-12,2.58103205e-12,8.95432687e-01
wind,1keV,2.41798900e+17,8.64388262e+05,9.49448037e-30,8.51591616e-30,2.29575491e-12,2.05913916e-12,8.96933358e-01
wind,1keV,2.41798900e+17,9.71274020e+05,7.55674895e-30,6.76913138e-30,1.82721358e-12,1.63676852e-12,8.95772960e-01
wind,1keV,2.41798900e+17,1.09137671e+06,6.02276476e-30,5.39728663e-30,1.45629789e-12,1.30505797e-12,8.96147674e-01
wind,1keV,2.41798900e+17,1.22633068e+06,4.78644971e-30,4.30033930e-30,1.15735827e-12,1.03981731e-12,8.98440298e-01
wind,1keV,2.41798900e+17,1.37797236e+06,3.82240711e-30,3.43750300e-30,9.24253835e-13,8.31184445e-13,8.99303215e-01
wind,1keV,2.41798900e+17,1.54836526e+06,3.03014280e-30,2.72422522e-30,7.32685195e-13,6.58714662e-13,8.99041862e-01
wind,1keV,2.41798900e+17,1.73982805e+06,2.42533598e-30,2.18247122e-30,5.86443572e-13,5.27719140e-13,8.99863457e-01
wind,1keV,2.41798900e+17,1.95496614e+06,1.91773717e-30,1.72888931e-30,4.63706737e-13,4.18043533e-13,9.01525683e-01
wind,1keV,2.41798900e+17,2.19670709e+06,1.53810717e-30,1.38879299e-30,3.71912621e-13,3.35808617e-13,9.02923424e-01
wind,1keV,2.41798900e+17,2.46834047e+06,1.21362621e-30,1.09736638e-30,2.93453483e-13,2.65341984e-13,9.04204583e-01
wind,1keV,2.41798900e+17,2.77356261e+06,9.75134646e-31,8.80502336e-31,2.35786485e-13,2.12904496e-13,9.02954622e-01
wind,1keV,2.41798900e+17,3.11652694e+06,7.67991456e-31,6.92229265e-31,1.85699489e-13,1.67380275e-13,9.01350217e-01
wind,1keV,2.41798900e+17,3.50190046e+06,6.17734386e-31,5.59469507e-31,1.49367495e-13,1.35279111e-13,9.05679721e-01
wind,1keV,2.41798900e+17,3.93492726e+06,4.85793541e-31,4.42837721e-31,1.17464344e-13,1.07077674e-13,9.11575976e-01
wind,1keV,2.41798900e+17,4.42149991e+06,3.91237059e-31,3.55929367e-31,9.46006904e-14,8.60633295e-14,9.09753714e-01
wind,1keV,2.41798900e+17,4.96823959e+06,3.07456879e-31,2.78866523e-31,7.43427352e-14,6.74296184e-14,9.07010190e-01
wind,1keV,2.41798900e+17,5.58258627e+06,2.47840625e-31,2.25309612e-31,5.99275905e-14,5.44796163e-14,9.09090718e-01
wind,1keV,2.41798900e+17,6.27289986e+06,1.94726064e-31,1.77487245e-31,4.70845481e-14,4.29162206e-14,9.11471434e-01
wind,1keV,2.41798900e+17,7.04857404e+06,1.57057466e-31,1.42802453e-31,3.79763224e-14,3.45294761e-14,9.09236965e-01
wind,1keV,2.41798900e+17,7.92016405e+06,1.23435394e-31,1.11996192e-31,2.98465424e-14,2.70805560e-14,9.07326406e-01
wind,1keV,2.41798900e+17,8.89953035e+06,9.95753314e-32,9.07525148e-32,2.40772056e-14,2.19438582e-14,9.11395559e-01
wind,1keV,2.41798900e+17,1.00000000e+07,7.83239444e-32,7.17034106e-32,1.89386436e-14,1.73378058e-14,9.15472416e-01
wind,100MeV,2.41798900e+22,1.00000000e+03,1.81754323e-30,1.58542401e-30,4.39479953e-08,3.83353782e-08,8.72289576e-01
wind,100MeV,2.41798900e+22,1.12365480e+03,1.60513958e-30,1.41013008e-30,3.88120985e-08,3.40967903e-08,8.78509322e-01
wind,100MeV,2.41798900e+22,1.26260011e+03,1.42316785e-30,1.25954961e-30,3.44120422e-08,3.04557709e-08,8.85032360e-01
wind,100MeV,2.41798900e+22,1.41872667e+03,1.26582787e-30,1.12888236e-30,3.06075787e-08,2.72962512e-08,8.91813479e-01
wind,100MeV,2.41798900e+22,1.59415904e+03,1.13030530e-30,1.01592744e-30,2.73306578e-08,2.45650137e-08,8.98807994e-01
wind,100MeV,2.41798900e+22,1.79128445e+03,1.01258291e-30,9.17473709e-31,2.44841434e-08,2.21844134e-08,9.06072676e-01
wind,100MeV,2.41798900e+22,2.01278538e+03,9.10345374e-31,8.31673911e-31,2.20120510e-08,2.01097837e-08,9.13580642e-01
wind,100MeV,2.41798900e+22,2.26167595e+03,8.20578713e-31,7.55993105e-31,1.98415030e-08,1.82798301e-08,9.21292611e-01
wind,100MeV,2.41798900e+22,2.54134304e+03,7.41731299e-31,6.89024537e-31,1.79349812e-08,1.66605375e-08,9.28940895e-01
wind,100MeV,2.41798900e+22,2.85559230e+03,6.71648332e-31,6.28899346e-31,1.62403828e-08,1.52067170e-08,9.36352130e-01
wind,100MeV,2.41798900e+22,3.20870000e+03,6.09162001e-31,5.74570106e-31,1.47294702e-08,1.38930420e-08,9.43213964e-01
wind,100MeV,2.41798900e+22,3.60547115e+03,5.52729925e-31,5.24723750e-31,1.33649488e-08,1.26877626e-08,9.49331177e-01
wind,100MeV,2.41798900e+22,4.05130497e+03,5.01647674e-31,4.78869704e-31,1.21297856e-08,1.15790168e-08,9.54593689e-01
wind,100MeV,2.41798900e+22,4.55226828e+03,4.54691830e-31,4.35983407e-31,1.09943984e-08,1.05420308e-08,9.58854719e-01
wind,100MeV,2.41798900e+22,5.11517810e+03,4.11390099e-31,3.95762764e-31,9.94736734e-09,9.56950009e-09,9.62013341e-01
wind,100MeV,2.41798900e+22,5.74769442e+03,3.70743474e-31,3.57376573e-31,8.96453642e-09,8.64132622e-09,9.63945687e-01
wind,100MeV,2.41798900e+22,6.45842443e+03,3.32326231e-31,3.20637773e-31,8.03561172e-09,7.75298607e-09,9.64828359e-01
wind,100MeV,2.41798900e+22,7.25703961e+03,2.95184498e-31,2.84708708e-31,7.13752869e-09,6.88422524e-09,9.64511042e-01
wind,100MeV,2.41798900e+22,8.15440740e+03,2.59012010e-31,2.49490611e-31,6.26288190e-09,6.03265553e-09,9.63239547e-01
wind,100MeV,2.41798900e+22,9.16273901e+03,2.24422852e-31,2.15552535e-31,5.42651988e-09,5.21203658e-09,9.60474981e-01
wind,100MeV,2.41798900e+22,1.02957557e+04,1.92252790e-31,1.83684419e-31,4.64865130e-09,4.44146905e-09,9.55431751e-01
wind,100MeV,2.41798900e+22,1.15688753e+04,1.62590339e-31,1.54377953e-31,3.93141652e-09,3.73284192e-09,9.49490318e-01
wind,100MeV,2.41798900e+22,1.29994222e+04,1.35911303e-31,1.28205875e-31,3.28632037e-09,3.10000395e-09,9.43305462e-01
wind,100MeV,2.41798900e+22,1.46068632e+04,1.12295377e-31,1.05099543e-31,2.71528986e-09,2.54129538e-09,9.35920479e-01
wind,100MeV,2.41798900e+22,1.64130720e+04,9.19012071e-32,8.52134427e-32,2.22216108e-09,2.06045167e-09,9.27228765e-01
wind,100MeV,2.41798900e+22,1.84426271e+04,7.44831284e-32,6.84030836e-32,1.80099385e-09,1.65397904e-09,9.18370174e-01
wind,100MeV,2.41798900e+22,2.07231465e+04,5.99228945e-32,5.45582426e-32,1.44892900e-09,1.31921230e-09,9.10474087e-01
wind,100MeV,2.41798900e+22,2.32856630e+04,4.78611899e-32,4.32903352e-32,1.15727831e-09,1.04675554e-09,9.04497678e-01
wind,100MeV,2.41798900e+22,2.61650470e+04,3.80555302e-32,3.42510046e-32,9.20178533e-10,8.28185523e-10,9.00026998e-01
wind,100MeV,2.41798900e+22,2.94004806e+04,3.01148627e-32,2.69762356e-32,7.28174068e-10,6.52282409e-10,8.95778136e-01
wind,100MeV,2.41798900e+22,3.30359912e+04,2.37859186e-32,2.12054454e-32,5.75140896e-10,5.12745337e-10,8.91512568e-01
wind,100MeV,2.41798900e+22,3.71210501e+04,1.87355849e-32,1.66314753e-32,4.53024382e-10,4.02147242e-10,8.87694478e-01
wind,100MeV,2.41798900e+22,4.17112461e+04,1.47527996e-32,1.30427652e-32,3.56721071e-10,3.15372627e-10,8.84087466e-01
wind,100MeV,2.41798900e+22,4.68690419e+04,1.15918503e-32,1.02129117e-32,2.80289664e-10,2.46947082e-10,8.81042411e-01
wind,100MeV,2.41798900e+22,5.26646239e+04,9.10856129e-33,7.99620946e-33,2.20244010e-10,1.93347465e-10,8.77878427e-01
wind,100MeV,2.41798900e+22,5.91768575e+04,7.15189162e-33,6.25427160e-33,1.72931953e-10,1.51227599e-10,8.74491944e-01
wind,100MeV,2.41798900e+22,6.64943600e+04,5.62676340e-33,4.90816207e-33,1.36054520e-10,1.18678819e-10,8.72288689e-01
wind,100MeV,2.41798900e+22,7.47167068e+04,4.42059095e-33,3.84553032e-33,1.06889403e-10,9.29845002e-11,8.69913178e-01
wind,100MeV,2.41798900e+22,8.39557862e+04,3.47988641e-33,3.01622784e-33,8.41432705e-11,7.29320574e-11,8.66760431e-01
wind,100MeV,2.41798900e+22,9.43373222e+04,2.74058881e-33,2.36542964e-33,6.62671361e-11,5.71958284e-11,8.63110009e-01
wind,100MeV,2.41798900e+22,1.06002585e+05,2.16268420e-33,1.86139411e-33,5.22934659e-11,4.50083049e-11,8.60686973e-01
wind,100MeV,2.41798900e+22,1.19110313e+05,1.70455276e-33,1.46424754e-33,4.12158982e-11,3.54053444e-11,8.59021541e-01
wind,100MeV,2.41798900e+22,1.33838875e+05,1.34940947e-33,1.15677768e-33,3.26285725e-11,2.79707570e-11,8.57247342e-01
wind,100MeV,2.41798900e+22,1.50388695e+05,1.06637133e-33,9.13020851e-34,2.57847414e-11,2.20767437e-11,8.56194111e-01
wind,100MeV,2.41798900e+22,1.68984979e+05,8.45617000e-34,7.23225308e-34,2.04469260e-11,1.74875084e-11,8.55263444e-01
wind,100MeV,2.41798900e+22,1.89880782e+05,6.70889874e-34,5.72594781e-34,1.62220433e-11,1.38452788e-11,8.53485503e-01
wind,100MeV,2.41798900e+22,2.13360453e+05,5.33208651e-34,4.54194748e-34,1.28929265e-11,1.09823791e-11,8.51814290e-01
wind,100MeV,2.41798900e+22,2.39743497e+05,4.24035057e-34,3.60822866e-34,1.02531210e-11,8.72465722e-12,8.50926970e-01
wind,100MeV,2.41798900e+22,2.69388931e+05,3.38302447e-34,2.87886995e-34,8.18011596e-12,6.96107587e-12,8.50975207e-01
wind,100MeV,2.41798900e+22,3.02700165e+05,2.69065549e-34,2.28919220e-34,6.50597539e-12,5.53524157e-12,8.50793499e-01
wind,100MeV,2.41798900e+22,3.40130494e+05,2.15322056e-34,1.82996328e-34,5.20646363e-12,4.42483108e-12,8.49872658e-01
wind,100MeV,2.41798900e+22,3.82189262e+05,1.71504009e-34,1.45663732e-34,4.14694808e-12,3.52213302e-12,8.49331353e-01
wind,100MeV,2.41798900e+22,4.29448799e+05,1.37562949e-34,1.16804611e-34,3.32625698e-12,2.82432264e-12,8.49099351e-01
wind,100MeV,2.41798900e+22,4.82552204e+05,1.09933687e-34,9.32541060e-35,2.65818445e-12,2.25487403e-12,8.48275982e-01
wind,100MeV,2.41798900e+22,5.42222101e+05,8.82274610e-35,7.47161577e-35,2.13333030e-12,1.80662847e-12,8.46858300e-01
wind,100MeV,2.41798900e+22,6.09270466e+05,7.06392147e-35,5.97009760e-35,1.70804844e-12,1.44356303e-12,8.45153451e-01
wind,100MeV,2.41798900e+22,6.84609684e+05,5.66880525e-35,4.78668871e-35,1.37071087e-12,1.15741607e-12,8.44391102e-01
wind,100MeV,2.41798900e+22,7.69264957e+05,4.55497263e-35,3.84896769e-35,1.10138737e-12,9.30676154e-13,8.45003474e-01
wind,100MeV,2.41798900e+22,8.64388262e+05,3.66342924e-35,3.09362134e-35,8.85813161e-13,7.48034236e-13,8.44460513e-01
wind,100MeV,2.41798900e+22,9.71274020e+05,2.94450017e-35,2.47994923e-35,7.11976902e-13,5.99648995e-13,8.42230968e-01
wind,100MeV,2.41798900e+22,1.09137671e+06,2.37161994e-35,1.99590416e-35,5.73455093e-13,4.82607431e-13,8.41578420e-01
wind,100MeV,2.41798900e+22,1.22633068e+06,1.90605611e-35,1.60625468e-35,4.60882271e-13,3.88390614e-13,8.42711120e-01
wind,100MeV,2.41798900e+22,1.37797236e+06,1.53915700e-35,1.29732093e-35,3.72166468e-13,3.13690773e-13,8.42877583e-01
wind,100MeV,2.41798900e+22,1.54836526e+06,1.23507435e-35,1.04046469e-35,2.98639618e-13,2.51583217e-13,8.42430813e-01
wind,100MeV,2.41798900e+22,1.73982805e+06,1.00090466e-35,8.44417247e-36,2.42017647e-13,2.04179161e-13,8.43654023e-01
wind,100MeV,2.41798900e+22,1.95496614e+06,8.03353431e-36,6.79407003e-36,1.94249976e-13,1.64279866e-13,8.45713700e-01
wind,100MeV,2.41798900e+22,2.19670709e+06,6.52622011e-36,5.51368594e-36,1.57803284e-13,1.33320319e-13,8.44851360e-01
wind,100MeV,2.41798900e+22,2.46834047e+06,5.22924822e-36,4.40609260e-36,1.26442647e-13,1.06538834e-13,8.42586241e-01
wind,100MeV,2.41798900e+22,2.77356261e+06,4.25854207e-36,3.57832575e-36,1.02971079e-13,8.65235230e-14,8.40270141e-01
wind,100MeV,2.41798900e+22,3.11652694e+06,3.41083351e-36,2.86092114e-36,8.24735791e-14,6.91767586e-14,8.38774785e-01
wind,100MeV,2.41798900e+22,3.50190046e+06,2.77968263e-36,2.35450237e-36,6.72124203e-14,5.69316084e-14,8.47039999e-01
wind,100MeV,2.41798900e+22,3.93492726e+06,2.22428315e-36,1.90528765e-36,5.37829218e-14,4.60696457e-14,8.56585030e-01
wind,100MeV,2.41798900e+22,4.42149991e+06,1.81627582e-36,1.53901512e-36,4.39173496e-14,3.72132163e-14,8.47346587e-01
wind,100MeV,2.41798900e+22,4.96823959e+06,1.45423177e-36,1.21488089e-36,3.51631644e-14,2.93756862e-14,8.35410771e-01
wind,100MeV,2.41798900e+22,5.58258627e+06,1.18859085e-36,9.94158586e-37,2.87399960e-14,2.40386453e-14,8.36417836e-01
wind,100MeV,2.41798900e+22,6.27289986e+06,9.51588851e-37,7.97570979e-37,2.30093137e-14,1.92851785e-14,8.38146620e-01
wind,100MeV,2.41798900e+22,7.04857404e+06,7.77602890e-37,6.50258011e-37,1.88023523e-14,1.57231672e-14,8.36234046e-01
wind,100MeV,2.41798900e+22,7.92016405e+06,6.22349973e-37,5.20199178e-37,1.50483539e-14,1.25783589e-14,8.35862780e-01
wind,100MeV,2.41798900e+22,8.89953035e+06,5.08934757e-37,4.30221180e-37,1.23059864e-14,1.04027008e-14,8.45336607e-01
wind,100MeV,2.41798900e+22,1.00000000e+07,4.07970418e-37,3.47926734e-37,9.86467984e-15,8.41283016e-15,8.52823436e-01
