knot_index,source,source_cell_index,radius_cm,rho_g_cm3,proton_equivalent_n_cm3
0,analytic,,1.000000000000e+13,4.739280527625e-14,2.833443984263e+10
1,analytic,,1.320000000000e+16,2.719972754606e-20,1.626173085550e+04
2,pion_raw,40,1.340771484375e+16,2.635954549983e-20,1.575941647451e+04
3,pion_raw,78,2.598779296875e+16,7.022385996200e-21,4.198429960016e+03
4,pion_raw,79,2.631884765625e+16,6.749009377660e-21,4.034987992248e+03
5,pion_raw,80,2.664990234375e+16,6.750563395584e-21,4.035917083217e+03
6,pion_raw,81,2.698095703125e+16,9.323788811548e-20,5.574355255956e+04
7,pion_raw,82,2.731201171875e+16,1.270991586194e-18,7.598797840637e+05
8,pion_raw,83,2.764306640625e+16,5.108915315661e-18,3.054435221314e+06
9,pion_raw,84,2.797412109375e+16,7.354032685861e-18,4.396709490473e+06
10,pion_raw,85,2.830517578125e+16,6.877974578068e-18,4.112091609378e+06
11,pion_raw,86,2.863623046875e+16,4.894592661781e-18,2.926299477758e+06
12,pion_raw,87,2.896728515625e+16,2.744283553478e-18,1.640707630702e+06
13,pion_raw,88,2.929833984375e+16,1.906326343081e-18,1.139723398385e+06
14,pion_raw,89,2.962939453125e+16,1.606936399404e-18,9.607290067437e+05
15,pion_raw,90,2.996044921875e+16,1.491262566286e-18,8.915718161798e+05
16,pion_raw,91,3.029150390625e+16,1.433832719127e-18,8.572365929321e+05
17,pion_raw,92,3.062255859375e+16,1.394875399808e-18,8.339454242778e+05
18,pion_raw,107,3.558837890625e+16,1.030560852432e-18,6.161349662083e+05
19,pion_raw,109,3.625048828125e+16,9.871913745424e-19,5.902059279269e+05
20,pion_raw,111,3.691259765625e+16,9.371571382788e-19,5.602922722735e+05
21,pion_raw,112,3.724365234375e+16,9.076578864020e-19,5.426557391999e+05
22,pion_raw,113,3.757470703125e+16,8.739066536905e-19,5.224771009593e+05
23,pion_raw,114,3.790576171875e+16,8.349407043958e-19,4.991807727557e+05
24,pion_raw,115,3.823681640625e+16,7.899034893620e-19,4.722546549069e+05
25,pion_raw,116,3.856787109375e+16,7.381501911225e-19,4.413132344302e+05
26,pion_raw,117,3.889892578125e+16,6.793269877229e-19,4.061449740084e+05
27,pion_raw,118,3.922998046875e+16,6.133870167945e-19,3.667218563304e+05
28,pion_raw,119,3.956103515625e+16,5.405049179852e-19,3.231482921094e+05
29,pion_raw,120,3.989208984375e+16,4.608552241311e-19,2.755286281997e+05
30,pion_raw,121,4.022314453125e+16,3.790466427817e-19,2.266182437365e+05
31,pion_raw,122,4.055419921875e+16,3.087128622238e-19,1.845682265976e+05
32,pion_raw,123,4.088525390625e+16,2.502568389347e-19,1.496194898502e+05
33,pion_raw,126,4.187841796875e+16,1.329199139088e-19,7.946799693716e+04
34,pion_raw,127,4.220947265625e+16,1.083506500280e-19,6.477892492822e+04
35,pion_raw,128,4.254052734375e+16,8.889883747538e-20,5.314939151297e+04
36,pion_raw,129,4.287158203125e+16,7.352522810139e-20,4.395806790526e+04
37,pion_raw,130,4.320263671875e+16,6.136876914028e-20,3.669016187764e+04
38,pion_raw,131,4.353369140625e+16,5.173143472573e-20,3.092834907461e+04
39,pion_raw,132,4.386474609375e+16,4.405680071033e-20,2.633996367400e+04
40,pion_raw,133,4.419580078125e+16,3.790690967776e-20,2.266316681664e+04
41,pion_raw,134,4.452685546875e+16,3.294035203580e-20,1.969384208664e+04
42,pion_raw,135,4.485791015625e+16,2.889313980033e-20,1.727416064031e+04
43,pion_raw,136,4.518896484375e+16,2.556274117300e-20,1.528303605910e+04
44,pion_raw,137,4.552001953125e+16,2.279489938267e-20,1.362824381279e+04
45,pion_raw,138,4.585107421875e+16,2.047262865677e-20,1.223984234979e+04
46,pion_raw,139,4.618212890625e+16,1.850677542574e-20,1.106452998351e+04
47,pion_raw,140,4.651318359375e+16,1.682785932069e-20,1.006076692069e+04
48,pion_raw,141,4.684423828125e+16,1.537976730166e-20,9.195005209385e+03
49,pion_raw,143,4.750634765625e+16,1.301353292679e-20,7.780319474755e+03
50,pion_raw,144,4.783740234375e+16,1.203935887571e-20,7.197896132527e+03
51,pion_raw,146,4.849951171875e+16,1.041565379866e-20,6.227141741441e+03
52,pion_raw,148,4.916162109375e+16,9.143899545705e-21,5.466805986575e+03
53,pion_raw,149,4.949267578125e+16,8.618293361917e-21,5.152565107424e+03
54,pion_raw,150,4.982373046875e+16,8.157818463388e-21,4.877263862111e+03
55,pion_raw,151,5.015478515625e+16,7.757673244797e-21,4.638031544919e+03
56,pion_raw,152,5.048583984375e+16,7.413975883298e-21,4.432547354720e+03
57,pion_raw,153,5.081689453125e+16,7.123511824709e-21,4.258889426125e+03
58,pion_raw,154,5.114794921875e+16,6.883505426446e-21,4.115398303079e+03
59,pion_raw,155,5.147900390625e+16,6.691413714644e-21,4.000553633712e+03
60,pion_raw,156,5.181005859375e+16,6.544660849086e-21,3.912815416558e+03
61,pion_raw,157,5.214111328125e+16,6.440234611702e-21,3.850382755653e+03
62,pion_raw,158,5.247216796875e+16,6.374054887801e-21,3.810816298365e+03
63,pion_raw,160,5.313427734375e+16,6.329541545435e-21,3.784203384989e+03
64,pion_raw,163,5.412744140625e+16,6.362976169985e-21,3.804192734690e+03
65,pion_raw,165,5.478955078125e+16,6.469814579434e-21,3.868067545809e+03
66,pion_raw,166,5.512060546875e+16,6.561275623438e-21,3.922748787702e+03
67,pion_raw,167,5.545166015625e+16,6.684290755061e-21,3.996295074451e+03
68,pion_raw,168,5.578271484375e+16,6.844900388310e-21,4.092317750571e+03
69,pion_raw,169,5.611376953125e+16,7.050740801921e-21,4.215382270230e+03
70,pion_raw,170,5.644482421875e+16,7.311365715959e-21,4.371200456245e+03
71,pion_raw,171,5.677587890625e+16,7.638479621722e-21,4.566769999565e+03
72,pion_raw,172,5.710693359375e+16,8.046034341623e-21,4.810432188927e+03
73,pion_raw,173,5.743798828125e+16,8.550133735896e-21,5.111814938449e+03
74,pion_raw,174,5.776904296875e+16,9.168703776013e-21,5.481635536491e+03
75,pion_raw,175,5.810009765625e+16,9.920899978450e-21,5.931346371787e+03
76,pion_raw,176,5.843115234375e+16,1.082622558679e-20,6.472607726500e+03
77,pion_raw,177,5.876220703125e+16,1.190331962383e-20,7.116563196521e+03
78,pion_raw,178,5.909326171875e+16,1.316835522370e-20,7.872882112324e+03
79,pion_raw,179,5.942431640625e+16,1.463298764215e-20,8.748532728701e+03
80,pion_raw,181,6.008642578125e+16,1.816935311966e-20,1.086279742142e+04
81,pion_raw,182,6.041748046875e+16,2.013409917562e-20,1.203744784787e+04
82,pion_raw,183,6.074853515625e+16,2.183353905754e-20,1.305348133269e+04
83,pion_raw,184,6.107958984375e+16,2.323720685729e-20,1.389268341409e+04
84,pion_raw,185,6.141064453125e+16,2.436713986068e-20,1.456822938619e+04
85,pion_raw,186,6.174169921875e+16,2.524624218462e-20,1.509381279000e+04
86,pion_raw,187,6.207275390625e+16,2.590179813920e-20,1.548574592521e+04
87,pion_raw,188,6.240380859375e+16,2.636473903232e-20,1.576252149927e+04
88,pion_raw,189,6.273486328125e+16,2.666801068439e-20,1.594383662362e+04
89,pion_raw,191,6.339697265625e+16,2.692860489128e-20,1.609963645094e+04
90,pion_raw,193,6.405908203125e+16,2.694788893343e-20,1.611116568052e+04
91,pion_raw,195,6.472119140625e+16,2.683021835581e-20,1.604081470882e+04
92,pion_raw,197,6.538330078125e+16,2.644440737644e-20,1.581015231350e+04
93,pion_raw,201,6.670751953125e+16,2.511546876128e-20,1.501562810194e+04
94,pion_raw,207,6.869384765625e+16,2.361987246775e-20,1.412146530738e+04
95,pion_raw,1023,3.388344726562e+17,9.695875746300e-22,5.796812542616e+02
