kind,solver,t_obs_s,nearest_track_time_s,gamma_e,dnde,ratio_dg_to_fullhide
spectrum,fullhide_1d,1.00000000e+03,1.07221816e+03,3.00000000e+00,2.69932043e+39,
spectrum,fullhide_1d,1.00000000e+03,1.07221816e+03,3.63838409e+00,3.65449928e+39,
spectrum,fullhide_1d,1.00000000e+03,1.07221816e+03,4.41261293e+00,5.04417930e+39,
spectrum,fullhide_1d,1.00000000e+03,1.07221816e+03,5.35159355e+00,6.92215351e+39,
spectrum,fullhide_1d,1.00000000e+03,1.07221816e+03,6.49038428e+00,9.45475247e+39,
spectrum,fullhide_1d,1.00000000e+03,1.07221816e+03,7.87150363e+00,1.28834632e+40,
spectrum,fullhide_1d,1.00000000e+03,1.07221816e+03,9.54651785e+00,1.75614353e+40,
spectrum,fullhide_1d,1.00000000e+03,1.07221816e+03,1.15779662e+01,2.40074349e+40,
spectrum,fullhide_1d,1.00000000e+03,1.07221816e+03,1.40416960e+01,3.30009709e+40,
spectrum,fullhide_1d,1.00000000e+03,1.07221816e+03,1.70296945e+01,4.57309380e+40,
spectrum,fullhide_1d,1.00000000e+03,1.07221816e+03,2.06535231e+01,6.40308239e+40,
spectrum,fullhide_1d,1.00000000e+03,1.07221816e+03,2.50484833e+01,9.07521520e+40,
spectrum,fullhide_1d,1.00000000e+03,1.07221816e+03,3.03786677e+01,1.30357427e+41,
spectrum,fullhide_1d,1.00000000e+03,1.07221816e+03,3.68430870e+01,1.89860498e+41,
spectrum,fullhide_1d,1.00000000e+03,1.07221816e+03,4.46831005e+01,2.80313477e+41,
spectrum,fullhide_1d,1.00000000e+03,1.07221816e+03,5.41914274e+01,4.19145984e+41,
spectrum,fullhide_1d,1.00000000e+03,1.07221816e+03,6.57230757e+01,6.33818203e+41,
spectrum,fullhide_1d,1.00000000e+03,1.07221816e+03,7.97085976e+01,9.67469928e+41,
spectrum,fullhide_1d,1.00000000e+03,1.07221816e+03,9.66701644e+01,1.48754894e+42,
spectrum,fullhide_1d,1.00000000e+03,1.07221816e+03,1.17241063e+02,2.29879339e+42,
spectrum,fullhide_1d,1.00000000e+03,1.07221816e+03,1.42189339e+02,3.56240688e+42,
spectrum,fullhide_1d,1.00000000e+03,1.07221816e+03,1.72446476e+02,5.52417204e+42,
spectrum,fullhide_1d,1.00000000e+03,1.07221816e+03,2.09142172e+02,8.55151184e+42,
spectrum,fullhide_1d,1.00000000e+03,1.07221816e+03,2.53646517e+02,1.31837852e+43,
spectrum,fullhide_1d,1.00000000e+03,1.07221816e+03,3.07621150e+02,2.01988469e+43,
spectrum,fullhide_1d,1.00000000e+03,1.07221816e+03,3.73081299e+02,3.06955675e+43,
spectrum,fullhide_1d,1.00000000e+03,1.07221816e+03,4.52471021e+02,4.61929399e+43,
spectrum,fullhide_1d,1.00000000e+03,1.07221816e+03,5.48754454e+02,6.87456602e+43,
spectrum,fullhide_1d,1.00000000e+03,1.07221816e+03,6.65526492e+02,1.01079145e+44,
spectrum,fullhide_1d,1.00000000e+03,1.07221816e+03,8.07146999e+02,1.46758597e+44,
spectrum,fullhide_1d,1.00000000e+03,1.07221816e+03,9.78903599e+02,2.10437476e+44,
spectrum,fullhide_1d,1.00000000e+03,1.07221816e+03,1.18720909e+03,2.98302217e+44,
spectrum,fullhide_1d,1.00000000e+03,1.07221816e+03,1.43984089e+03,4.18990412e+44,
spectrum,fullhide_1d,1.00000000e+03,1.07221816e+03,1.74623140e+03,5.85677966e+44,
spectrum,fullhide_1d,1.00000000e+03,1.07221816e+03,2.11782018e+03,8.20681119e+44,
spectrum,fullhide_1d,1.00000000e+03,1.07221816e+03,2.56848108e+03,1.16468121e+45,
spectrum,fullhide_1d,1.00000000e+03,1.07221816e+03,3.11504023e+03,1.69881726e+45,
spectrum,fullhide_1d,1.00000000e+03,1.07221816e+03,3.77790427e+03,2.59637062e+45,
spectrum,fullhide_1d,1.00000000e+03,1.07221816e+03,4.58182226e+03,4.24840790e+45,
spectrum,fullhide_1d,1.00000000e+03,1.07221816e+03,5.55680973e+03,7.57806471e+45,
spectrum,fullhide_1d,1.00000000e+03,1.07221816e+03,6.73926937e+03,1.48037038e+46,
spectrum,fullhide_1d,1.00000000e+03,1.07221816e+03,8.17335015e+03,3.10470314e+46,
spectrum,fullhide_1d,1.00000000e+03,1.07221816e+03,9.91259571e+03,5.82724658e+46,
spectrum,fullhide_1d,1.00000000e+03,1.07221816e+03,1.20219435e+04,5.56712334e+46,
spectrum,fullhide_1d,1.00000000e+03,1.07221816e+03,1.45801493e+04,4.16356380e+46,
spectrum,fullhide_1d,1.00000000e+03,1.07221816e+03,1.76827278e+04,2.80113986e+46,
spectrum,fullhide_1d,1.00000000e+03,1.07221816e+03,2.14455184e+04,1.79286877e+46,
spectrum,fullhide_1d,1.00000000e+03,1.07221816e+03,2.60090110e+04,1.12311631e+46,
spectrum,fullhide_1d,1.00000000e+03,1.07221816e+03,3.15435906e+04,6.96772344e+45,
spectrum,fullhide_1d,1.00000000e+03,1.07221816e+03,3.82558994e+04,4.29324946e+45,
spectrum,fullhide_1d,1.00000000e+03,1.07221816e+03,4.63965519e+04,2.62677367e+45,
spectrum,fullhide_1d,1.00000000e+03,1.07221816e+03,5.62694921e+04,1.59481765e+45,
spectrum,fullhide_1d,1.00000000e+03,1.07221816e+03,6.82433415e+04,9.60267328e+44,
spectrum,fullhide_1d,1.00000000e+03,1.07221816e+03,8.27651627e+04,5.73131866e+44,
spectrum,fullhide_1d,1.00000000e+03,1.07221816e+03,1.00377150e+05,3.38955738e+44,
spectrum,fullhide_1d,1.00000000e+03,1.07221816e+03,1.21736876e+05,1.98594635e+44,
spectrum,fullhide_1d,1.00000000e+03,1.07221816e+03,1.47641837e+05,1.15268035e+44,
spectrum,fullhide_1d,1.00000000e+03,1.07221816e+03,1.79059237e+05,6.62856055e+43,
spectrum,fullhide_1d,1.00000000e+03,1.07221816e+03,2.17162093e+05,3.77761583e+43,
spectrum,fullhide_1d,1.00000000e+03,1.07221816e+03,2.63373034e+05,2.13443574e+43,
spectrum,fullhide_1d,1.00000000e+03,1.07221816e+03,3.19417419e+05,1.19630412e+43,
spectrum,fullhide_1d,1.00000000e+03,1.07221816e+03,3.87387752e+05,6.65510262e+42,
spectrum,fullhide_1d,1.00000000e+03,1.07221816e+03,4.69821811e+05,3.67710790e+42,
spectrum,fullhide_1d,1.00000000e+03,1.07221816e+03,5.69797400e+05,2.01924330e+42,
spectrum,fullhide_1d,1.00000000e+03,1.07221816e+03,6.91047265e+05,1.10277366e+42,
spectrum,fullhide_1d,1.00000000e+03,1.07221816e+03,8.38098457e+05,5.99339232e+41,
spectrum,fullhide_1d,1.00000000e+03,1.07221816e+03,1.01644136e+06,3.24358649e+41,
spectrum,fullhide_1d,1.00000000e+03,1.07221816e+03,1.23273470e+06,1.74915464e+41,
spectrum,fullhide_1d,1.00000000e+03,1.07221816e+03,1.49505410e+06,9.40415327e+40,
spectrum,fullhide_1d,1.00000000e+03,1.07221816e+03,1.81319368e+06,5.04252834e+40,
spectrum,fullhide_1d,1.00000000e+03,1.07221816e+03,2.19903168e+06,2.69712015e+40,
spectrum,fullhide_1d,1.00000000e+03,1.07221816e+03,2.66697396e+06,1.43932657e+40,
spectrum,fullhide_1d,1.00000000e+03,1.07221816e+03,3.23449187e+06,7.66521872e+39,
spectrum,fullhide_1d,1.00000000e+03,1.07221816e+03,3.92277459e+06,4.07466293e+39,
spectrum,fullhide_1d,1.00000000e+03,1.07221816e+03,4.75752022e+06,2.16240585e+39,
spectrum,fullhide_1d,1.00000000e+03,1.07221816e+03,5.76989529e+06,1.14581371e+39,
spectrum,fullhide_1d,1.00000000e+03,1.07221816e+03,6.99769840e+06,6.06250147e+38,
spectrum,fullhide_1d,1.00000000e+03,1.07221816e+03,8.48677151e+06,3.20300651e+38,
spectrum,fullhide_1d,1.00000000e+03,1.07221816e+03,1.02927115e+07,1.68972430e+38,
spectrum,fullhide_1d,1.00000000e+03,1.07221816e+03,1.24829459e+07,8.89989871e+37,
spectrum,fullhide_1d,1.00000000e+03,1.07221816e+03,1.51392506e+07,4.67946837e+37,
spectrum,fullhide_1d,1.00000000e+03,1.07221816e+03,1.83608028e+07,2.45554437e+37,
spectrum,fullhide_1d,1.00000000e+03,1.07221816e+03,2.22678842e+07,1.28556659e+37,
spectrum,fullhide_1d,1.00000000e+03,1.07221816e+03,2.70063719e+07,6.71178270e+36,
spectrum,fullhide_1d,1.00000000e+03,1.07221816e+03,3.27531846e+07,3.49224337e+36,
spectrum,fullhide_1d,1.00000000e+03,1.07221816e+03,3.97228885e+07,1.80932686e+36,
spectrum,fullhide_1d,1.00000000e+03,1.07221816e+03,4.81757085e+07,9.32281531e+35,
spectrum,fullhide_1d,1.00000000e+03,1.07221816e+03,5.84272438e+07,4.76913834e+35,
spectrum,fullhide_1d,1.00000000e+03,1.07221816e+03,7.08602514e+07,2.41595252e+35,
spectrum,fullhide_1d,1.00000000e+03,1.07221816e+03,8.59389371e+07,1.20728516e+35,
spectrum,fullhide_1d,1.00000000e+03,1.07221816e+03,1.04226287e+08,5.91453499e+34,
spectrum,fullhide_1d,1.00000000e+03,1.07221816e+03,1.26405088e+08,2.81085576e+34,
spectrum,fullhide_1d,1.00000000e+03,1.07221816e+03,1.53303421e+08,1.27033750e+34,
spectrum,fullhide_1d,1.00000000e+03,1.07221816e+03,1.85925575e+08,5.24663377e+33,
spectrum,fullhide_1d,1.00000000e+03,1.07221816e+03,2.25489552e+08,2.02440665e+33,
spectrum,fullhide_1d,1.00000000e+03,1.07221816e+03,2.73472532e+08,7.40686664e+32,
spectrum,fullhide_1d,1.00000000e+03,1.07221816e+03,3.31666037e+08,2.53962638e+32,
spectrum,fullhide_1d,1.00000000e+03,1.07221816e+03,4.02242810e+08,8.05735206e+31,
spectrum,fullhide_1d,1.00000000e+03,1.07221816e+03,4.87837947e+08,2.32921017e+31,
spectrum,fullhide_1d,1.00000000e+03,1.07221816e+03,5.91647274e+08,6.02128679e+30,
spectrum,fullhide_1d,1.00000000e+03,1.07221816e+03,7.17546676e+08,1.36067620e+30,
spectrum,fullhide_1d,1.00000000e+03,1.07221816e+03,8.70236803e+08,2.61448546e+29,
spectrum,fullhide_1d,1.00000000e+03,1.07221816e+03,1.05541858e+09,4.12992567e+28,
spectrum,fullhide_1d,1.00000000e+03,1.07221816e+03,1.28000606e+09,5.14709099e+27,
spectrum,fullhide_1d,1.00000000e+03,1.07221816e+03,1.55238456e+09,4.81316372e+26,
spectrum,fullhide_1d,1.00000000e+03,1.07221816e+03,1.88272375e+09,3.17602563e+25,
spectrum,fullhide_1d,1.00000000e+03,1.07221816e+03,2.28335738e+09,1.37188838e+24,
spectrum,fullhide_1d,1.00000000e+03,1.07221816e+03,2.76924373e+09,3.53899429e+22,
spectrum,fullhide_1d,1.00000000e+03,1.07221816e+03,3.35852410e+09,4.87392400e+20,
spectrum,fullhide_1d,1.00000000e+03,1.07221816e+03,4.07320022e+09,3.12522932e+18,
spectrum,fullhide_1d,1.00000000e+03,1.07221816e+03,4.93995562e+09,7.89551174e+15,
spectrum,fullhide_1d,1.00000000e+03,1.07221816e+03,5.99115198e+09,6.41117200e+12,
spectrum,fullhide_1d,1.00000000e+03,1.07221816e+03,7.26603734e+09,1.30538156e+09,
spectrum,fullhide_1d,1.00000000e+03,1.07221816e+03,8.81221155e+09,4.92624766e+04,
spectrum,fullhide_1d,1.00000000e+03,1.07221816e+03,1.06874034e+10,2.38710470e-01,
spectrum,fullhide_1d,1.00000000e+03,1.07221816e+03,1.29616262e+10,9.52364576e-08,
spectrum,fullhide_1d,1.00000000e+03,1.07221816e+03,1.57197915e+10,1.82840025e-15,
spectrum,fullhide_1d,1.00000000e+03,1.07221816e+03,1.90648798e+10,8.82699775e-25,
spectrum,fullhide_1d,1.00000000e+03,1.07221816e+03,2.31217851e+10,4.88638947e-36,
spectrum,fullhide_1d,1.00000000e+03,1.07221816e+03,2.80419783e+10,1.19786932e-49,
spectrum,fullhide_1d,1.00000000e+03,1.07221816e+03,3.40091625e+10,4.42916856e-60,
spectrum,fullhide_1d,1.00000000e+05,8.94667946e+04,3.00000000e+00,1.06815439e+41,
spectrum,fullhide_1d,1.00000000e+05,8.94667946e+04,3.63838409e+00,1.46640549e+41,
spectrum,fullhide_1d,1.00000000e+05,8.94667946e+04,4.41261293e+00,2.08838377e+41,
spectrum,fullhide_1d,1.00000000e+05,8.94667946e+04,5.35159355e+00,3.01295609e+41,
spectrum,fullhide_1d,1.00000000e+05,8.94667946e+04,6.49038428e+00,4.39813548e+41,
spectrum,fullhide_1d,1.00000000e+05,8.94667946e+04,7.87150363e+00,6.49353343e+41,
spectrum,fullhide_1d,1.00000000e+05,8.94667946e+04,9.54651785e+00,9.68875698e+41,
spectrum,fullhide_1d,1.00000000e+05,8.94667946e+04,1.15779662e+01,1.45903354e+42,
spectrum,fullhide_1d,1.00000000e+05,8.94667946e+04,1.40416960e+01,2.21390761e+42,
spectrum,fullhide_1d,1.00000000e+05,8.94667946e+04,1.70296945e+01,3.37867462e+42,
spectrum,fullhide_1d,1.00000000e+05,8.94667946e+04,2.06535231e+01,5.17586809e+42,
spectrum,fullhide_1d,1.00000000e+05,8.94667946e+04,2.50484833e+01,7.94387551e+42,
spectrum,fullhide_1d,1.00000000e+05,8.94667946e+04,3.03786677e+01,1.21929551e+43,
spectrum,fullhide_1d,1.00000000e+05,8.94667946e+04,3.68430870e+01,1.86787974e+43,
spectrum,fullhide_1d,1.00000000e+05,8.94667946e+04,4.46831005e+01,2.85079850e+43,
spectrum,fullhide_1d,1.00000000e+05,8.94667946e+04,5.41914274e+01,4.32817909e+43,
spectrum,fullhide_1d,1.00000000e+05,8.94667946e+04,6.57230757e+01,6.52922285e+43,
spectrum,fullhide_1d,1.00000000e+05,8.94667946e+04,7.97085976e+01,9.77972233e+43,
spectrum,fullhide_1d,1.00000000e+05,8.94667946e+04,9.66701644e+01,1.45435034e+44,
spectrum,fullhide_1d,1.00000000e+05,8.94667946e+04,1.17241063e+02,2.14933681e+44,
spectrum,fullhide_1d,1.00000000e+05,8.94667946e+04,1.42189339e+02,3.16586444e+44,
spectrum,fullhide_1d,1.00000000e+05,8.94667946e+04,1.72446476e+02,4.67639419e+44,
spectrum,fullhide_1d,1.00000000e+05,8.94667946e+04,2.09142172e+02,7.00405998e+44,
spectrum,fullhide_1d,1.00000000e+05,8.94667946e+04,2.53646517e+02,1.08493049e+45,
spectrum,fullhide_1d,1.00000000e+05,8.94667946e+04,3.07621150e+02,1.79479376e+45,
spectrum,fullhide_1d,1.00000000e+05,8.94667946e+04,3.73081299e+02,3.30895271e+45,
spectrum,fullhide_1d,1.00000000e+05,8.94667946e+04,4.52471021e+02,7.06428924e+45,
spectrum,fullhide_1d,1.00000000e+05,8.94667946e+04,5.48754454e+02,1.76772272e+46,
spectrum,fullhide_1d,1.00000000e+05,8.94667946e+04,6.65526492e+02,5.08296791e+46,
spectrum,fullhide_1d,1.00000000e+05,8.94667946e+04,8.07146999e+02,1.61828921e+47,
spectrum,fullhide_1d,1.00000000e+05,8.94667946e+04,9.78903599e+02,5.47232121e+47,
spectrum,fullhide_1d,1.00000000e+05,8.94667946e+04,1.18720909e+03,1.88597162e+48,
spectrum,fullhide_1d,1.00000000e+05,8.94667946e+04,1.43984089e+03,6.28962447e+48,
spectrum,fullhide_1d,1.00000000e+05,8.94667946e+04,1.74623140e+03,8.40715874e+48,
spectrum,fullhide_1d,1.00000000e+05,8.94667946e+04,2.11782018e+03,7.50112422e+48,
spectrum,fullhide_1d,1.00000000e+05,8.94667946e+04,2.56848108e+03,5.78042641e+48,
spectrum,fullhide_1d,1.00000000e+05,8.94667946e+04,3.11504023e+03,4.13087505e+48,
spectrum,fullhide_1d,1.00000000e+05,8.94667946e+04,3.77790427e+03,2.82421735e+48,
spectrum,fullhide_1d,1.00000000e+05,8.94667946e+04,4.58182226e+03,1.87829942e+48,
spectrum,fullhide_1d,1.00000000e+05,8.94667946e+04,5.55680973e+03,1.22726460e+48,
spectrum,fullhide_1d,1.00000000e+05,8.94667946e+04,6.73926937e+03,7.92815806e+47,
spectrum,fullhide_1d,1.00000000e+05,8.94667946e+04,8.17335015e+03,5.08511373e+47,
spectrum,fullhide_1d,1.00000000e+05,8.94667946e+04,9.91259571e+03,3.24711556e+47,
spectrum,fullhide_1d,1.00000000e+05,8.94667946e+04,1.20219435e+04,2.06739166e+47,
spectrum,fullhide_1d,1.00000000e+05,8.94667946e+04,1.45801493e+04,1.31323494e+47,
spectrum,fullhide_1d,1.00000000e+05,8.94667946e+04,1.76827278e+04,8.32275143e+46,
spectrum,fullhide_1d,1.00000000e+05,8.94667946e+04,2.14455184e+04,5.26102001e+46,
spectrum,fullhide_1d,1.00000000e+05,8.94667946e+04,2.60090110e+04,3.31561164e+46,
spectrum,fullhide_1d,1.00000000e+05,8.94667946e+04,3.15435906e+04,2.08223561e+46,
spectrum,fullhide_1d,1.00000000e+05,8.94667946e+04,3.82558994e+04,1.30235305e+46,
spectrum,fullhide_1d,1.00000000e+05,8.94667946e+04,4.63965519e+04,8.10777924e+45,
spectrum,fullhide_1d,1.00000000e+05,8.94667946e+04,5.62694921e+04,5.02084765e+45,
spectrum,fullhide_1d,1.00000000e+05,8.94667946e+04,6.82433415e+04,3.09082335e+45,
spectrum,fullhide_1d,1.00000000e+05,8.94667946e+04,8.27651627e+04,1.89022859e+45,
spectrum,fullhide_1d,1.00000000e+05,8.94667946e+04,1.00377150e+05,1.14770299e+45,
spectrum,fullhide_1d,1.00000000e+05,8.94667946e+04,1.21736876e+05,6.91471228e+44,
spectrum,fullhide_1d,1.00000000e+05,8.94667946e+04,1.47641837e+05,4.13177359e+44,
spectrum,fullhide_1d,1.00000000e+05,8.94667946e+04,1.79059237e+05,2.44765488e+44,
spectrum,fullhide_1d,1.00000000e+05,8.94667946e+04,2.17162093e+05,1.43715300e+44,
spectrum,fullhide_1d,1.00000000e+05,8.94667946e+04,2.63373034e+05,8.36265107e+43,
spectrum,fullhide_1d,1.00000000e+05,8.94667946e+04,3.19417419e+05,4.82265645e+43,
spectrum,fullhide_1d,1.00000000e+05,8.94667946e+04,3.87387752e+05,2.75680943e+43,
spectrum,fullhide_1d,1.00000000e+05,8.94667946e+04,4.69821811e+05,1.56257471e+43,
spectrum,fullhide_1d,1.00000000e+05,8.94667946e+04,5.69797400e+05,8.78567088e+42,
spectrum,fullhide_1d,1.00000000e+05,8.94667946e+04,6.91047265e+05,4.90270927e+42,
spectrum,fullhide_1d,1.00000000e+05,8.94667946e+04,8.38098457e+05,2.71694319e+42,
spectrum,fullhide_1d,1.00000000e+05,8.94667946e+04,1.01644136e+06,1.49617440e+42,
spectrum,fullhide_1d,1.00000000e+05,8.94667946e+04,1.23273470e+06,8.19255368e+41,
spectrum,fullhide_1d,1.00000000e+05,8.94667946e+04,1.49505410e+06,4.46331685e+41,
spectrum,fullhide_1d,1.00000000e+05,8.94667946e+04,1.81319368e+06,2.42076851e+41,
spectrum,fullhide_1d,1.00000000e+05,8.94667946e+04,2.19903168e+06,1.30792124e+41,
spectrum,fullhide_1d,1.00000000e+05,8.94667946e+04,2.66697396e+06,7.04424409e+40,
spectrum,fullhide_1d,1.00000000e+05,8.94667946e+04,3.23449187e+06,3.78390902e+40,
spectrum,fullhide_1d,1.00000000e+05,8.94667946e+04,3.92277459e+06,2.02773073e+40,
spectrum,fullhide_1d,1.00000000e+05,8.94667946e+04,4.75752022e+06,1.08414037e+40,
spectrum,fullhide_1d,1.00000000e+05,8.94667946e+04,5.76989529e+06,5.78393659e+39,
spectrum,fullhide_1d,1.00000000e+05,8.94667946e+04,6.99769840e+06,3.07973261e+39,
spectrum,fullhide_1d,1.00000000e+05,8.94667946e+04,8.48677151e+06,1.63699053e+39,
spectrum,fullhide_1d,1.00000000e+05,8.94667946e+04,1.02927115e+07,8.68756233e+38,
spectrum,fullhide_1d,1.00000000e+05,8.94667946e+04,1.24829459e+07,4.60384918e+38,
spectrum,fullhide_1d,1.00000000e+05,8.94667946e+04,1.51392506e+07,2.43638951e+38,
spectrum,fullhide_1d,1.00000000e+05,8.94667946e+04,1.83608028e+07,1.28761158e+38,
spectrum,fullhide_1d,1.00000000e+05,8.94667946e+04,2.22678842e+07,6.79554659e+37,
spectrum,fullhide_1d,1.00000000e+05,8.94667946e+04,2.70063719e+07,3.58122581e+37,
spectrum,fullhide_1d,1.00000000e+05,8.94667946e+04,3.27531846e+07,1.88429216e+37,
spectrum,fullhide_1d,1.00000000e+05,8.94667946e+04,3.97228885e+07,9.89660263e+36,
spectrum,fullhide_1d,1.00000000e+05,8.94667946e+04,4.81757085e+07,5.18706196e+36,
spectrum,fullhide_1d,1.00000000e+05,8.94667946e+04,5.84272438e+07,2.71196306e+36,
spectrum,fullhide_1d,1.00000000e+05,8.94667946e+04,7.08602514e+07,1.41364621e+36,
spectrum,fullhide_1d,1.00000000e+05,8.94667946e+04,8.59389371e+07,7.34131994e+35,
spectrum,fullhide_1d,1.00000000e+05,8.94667946e+04,1.04226287e+08,3.79440276e+35,
spectrum,fullhide_1d,1.00000000e+05,8.94667946e+04,1.26405088e+08,1.94907115e+35,
spectrum,fullhide_1d,1.00000000e+05,8.94667946e+04,1.53303421e+08,9.92958843e+34,
spectrum,fullhide_1d,1.00000000e+05,8.94667946e+04,1.85925575e+08,5.00174645e+34,
spectrum,fullhide_1d,1.00000000e+05,8.94667946e+04,2.25489552e+08,2.47932952e+34,
spectrum,fullhide_1d,1.00000000e+05,8.94667946e+04,2.73472532e+08,1.20000650e+34,
spectrum,fullhide_1d,1.00000000e+05,8.94667946e+04,3.31666037e+08,5.59308863e+33,
spectrum,fullhide_1d,1.00000000e+05,8.94667946e+04,4.02242810e+08,2.44152874e+33,
spectrum,fullhide_1d,1.00000000e+05,8.94667946e+04,4.87837947e+08,9.69553303e+32,
spectrum,fullhide_1d,1.00000000e+05,8.94667946e+04,5.91647274e+08,3.65803608e+32,
spectrum,fullhide_1d,1.00000000e+05,8.94667946e+04,7.17546676e+08,1.30144590e+32,
spectrum,fullhide_1d,1.00000000e+05,8.94667946e+04,8.70236803e+08,4.31560401e+31,
spectrum,fullhide_1d,1.00000000e+05,8.94667946e+04,1.05541858e+09,1.31545192e+31,
spectrum,fullhide_1d,1.00000000e+05,8.94667946e+04,1.28000606e+09,3.62423343e+30,
spectrum,fullhide_1d,1.00000000e+05,8.94667946e+04,1.55238456e+09,8.84270551e+29,
spectrum,fullhide_1d,1.00000000e+05,8.94667946e+04,1.88272375e+09,1.86374416e+29,
spectrum,fullhide_1d,1.00000000e+05,8.94667946e+04,2.28335738e+09,3.29214259e+28,
spectrum,fullhide_1d,1.00000000e+05,8.94667946e+04,2.76924373e+09,4.69725289e+27,
spectrum,fullhide_1d,1.00000000e+05,8.94667946e+04,3.35852410e+09,5.17524116e+26,
spectrum,fullhide_1d,1.00000000e+05,8.94667946e+04,4.07320022e+09,4.16724719e+25,
spectrum,fullhide_1d,1.00000000e+05,8.94667946e+04,4.93995562e+09,2.29294233e+24,
spectrum,fullhide_1d,1.00000000e+05,8.94667946e+04,5.99115198e+09,7.94057724e+22,
spectrum,fullhide_1d,1.00000000e+05,8.94667946e+04,7.26603734e+09,1.56525125e+21,
spectrum,fullhide_1d,1.00000000e+05,8.94667946e+04,8.81221155e+09,1.55343598e+19,
spectrum,fullhide_1d,1.00000000e+05,8.94667946e+04,1.06874034e+10,6.68254122e+16,
spectrum,fullhide_1d,1.00000000e+05,8.94667946e+04,1.29616262e+10,1.03799137e+14,
spectrum,fullhide_1d,1.00000000e+05,8.94667946e+04,1.57197915e+10,4.65908086e+10,
spectrum,fullhide_1d,1.00000000e+05,8.94667946e+04,1.90648798e+10,4.60643490e+06,
spectrum,fullhide_1d,1.00000000e+05,8.94667946e+04,2.31217851e+10,7.21106365e+01,
spectrum,fullhide_1d,1.00000000e+05,8.94667946e+04,2.80419783e+10,1.19761704e-04,
spectrum,fullhide_1d,1.00000000e+05,8.94667946e+04,3.40091625e+10,1.42197500e-09,
spectrum,fullhide_1d,1.00000000e+07,9.42249237e+06,3.00000000e+00,1.35177351e+43,
spectrum,fullhide_1d,1.00000000e+07,9.42249237e+06,3.63838409e+00,1.99097891e+43,
spectrum,fullhide_1d,1.00000000e+07,9.42249237e+06,4.41261293e+00,3.02735222e+43,
spectrum,fullhide_1d,1.00000000e+07,9.42249237e+06,5.35159355e+00,4.62093121e+43,
spectrum,fullhide_1d,1.00000000e+07,9.42249237e+06,6.49038428e+00,7.09948691e+43,
spectrum,fullhide_1d,1.00000000e+07,9.42249237e+06,7.87150363e+00,1.11176391e+44,
spectrum,fullhide_1d,1.00000000e+07,9.42249237e+06,9.54651785e+00,1.83162859e+44,
spectrum,fullhide_1d,1.00000000e+07,9.42249237e+06,1.15779662e+01,3.39417803e+44,
spectrum,fullhide_1d,1.00000000e+07,9.42249237e+06,1.40416960e+01,7.80400872e+44,
spectrum,fullhide_1d,1.00000000e+07,9.42249237e+06,1.70296945e+01,2.36553499e+45,
spectrum,fullhide_1d,1.00000000e+07,9.42249237e+06,2.06535231e+01,9.10046513e+45,
spectrum,fullhide_1d,1.00000000e+07,9.42249237e+06,2.50484833e+01,4.07171917e+46,
spectrum,fullhide_1d,1.00000000e+07,9.42249237e+06,3.03786677e+01,1.97177919e+47,
spectrum,fullhide_1d,1.00000000e+07,9.42249237e+06,3.68430870e+01,9.91844373e+47,
spectrum,fullhide_1d,1.00000000e+07,9.42249237e+06,4.46831005e+01,5.08952994e+48,
spectrum,fullhide_1d,1.00000000e+07,9.42249237e+06,5.41914274e+01,2.64810368e+49,
spectrum,fullhide_1d,1.00000000e+07,9.42249237e+06,6.57230757e+01,1.38687619e+50,
spectrum,fullhide_1d,1.00000000e+07,9.42249237e+06,7.97085976e+01,6.93878305e+50,
spectrum,fullhide_1d,1.00000000e+07,9.42249237e+06,9.66701644e+01,3.11777994e+51,
spectrum,fullhide_1d,1.00000000e+07,9.42249237e+06,1.17241063e+02,4.02429303e+51,
spectrum,fullhide_1d,1.00000000e+07,9.42249237e+06,1.42189339e+02,3.74528025e+51,
spectrum,fullhide_1d,1.00000000e+07,9.42249237e+06,1.72446476e+02,3.09532990e+51,
spectrum,fullhide_1d,1.00000000e+07,9.42249237e+06,2.09142172e+02,2.39928276e+51,
spectrum,fullhide_1d,1.00000000e+07,9.42249237e+06,2.53646517e+02,1.77793646e+51,
spectrum,fullhide_1d,1.00000000e+07,9.42249237e+06,3.07621150e+02,1.27316388e+51,
spectrum,fullhide_1d,1.00000000e+07,9.42249237e+06,3.73081299e+02,8.88951426e+50,
spectrum,fullhide_1d,1.00000000e+07,9.42249237e+06,4.52471021e+02,6.08728285e+50,
spectrum,fullhide_1d,1.00000000e+07,9.42249237e+06,5.48754454e+02,4.10226026e+50,
spectrum,fullhide_1d,1.00000000e+07,9.42249237e+06,6.65526492e+02,2.72999955e+50,
spectrum,fullhide_1d,1.00000000e+07,9.42249237e+06,8.07146999e+02,1.79858710e+50,
spectrum,fullhide_1d,1.00000000e+07,9.42249237e+06,9.78903599e+02,1.17572460e+50,
spectrum,fullhide_1d,1.00000000e+07,9.42249237e+06,1.18720909e+03,7.63958126e+49,
spectrum,fullhide_1d,1.00000000e+07,9.42249237e+06,1.43984089e+03,4.94174056e+49,
spectrum,fullhide_1d,1.00000000e+07,9.42249237e+06,1.74623140e+03,3.18604125e+49,
spectrum,fullhide_1d,1.00000000e+07,9.42249237e+06,2.11782018e+03,2.04923821e+49,
spectrum,fullhide_1d,1.00000000e+07,9.42249237e+06,2.56848108e+03,1.31585112e+49,
spectrum,fullhide_1d,1.00000000e+07,9.42249237e+06,3.11504023e+03,8.43929470e+48,
spectrum,fullhide_1d,1.00000000e+07,9.42249237e+06,3.77790427e+03,5.40788784e+48,
spectrum,fullhide_1d,1.00000000e+07,9.42249237e+06,4.58182226e+03,3.46296466e+48,
spectrum,fullhide_1d,1.00000000e+07,9.42249237e+06,5.55680973e+03,2.21613561e+48,
spectrum,fullhide_1d,1.00000000e+07,9.42249237e+06,6.73926937e+03,1.41731082e+48,
spectrum,fullhide_1d,1.00000000e+07,9.42249237e+06,8.17335015e+03,9.05774855e+47,
spectrum,fullhide_1d,1.00000000e+07,9.42249237e+06,9.91259571e+03,5.78373320e+47,
spectrum,fullhide_1d,1.00000000e+07,9.42249237e+06,1.20219435e+04,3.68943949e+47,
spectrum,fullhide_1d,1.00000000e+07,9.42249237e+06,1.45801493e+04,2.35068528e+47,
spectrum,fullhide_1d,1.00000000e+07,9.42249237e+06,1.76827278e+04,1.49559709e+47,
spectrum,fullhide_1d,1.00000000e+07,9.42249237e+06,2.14455184e+04,9.49970177e+46,
spectrum,fullhide_1d,1.00000000e+07,9.42249237e+06,2.60090110e+04,6.02217697e+46,
spectrum,fullhide_1d,1.00000000e+07,9.42249237e+06,3.15435906e+04,3.80890887e+46,
spectrum,fullhide_1d,1.00000000e+07,9.42249237e+06,3.82558994e+04,2.40263481e+46,
spectrum,fullhide_1d,1.00000000e+07,9.42249237e+06,4.63965519e+04,1.51088739e+46,
spectrum,fullhide_1d,1.00000000e+07,9.42249237e+06,5.62694921e+04,9.46740056e+45,
spectrum,fullhide_1d,1.00000000e+07,9.42249237e+06,6.82433415e+04,5.90828613e+45,
spectrum,fullhide_1d,1.00000000e+07,9.42249237e+06,8.27651627e+04,3.67015397e+45,
spectrum,fullhide_1d,1.00000000e+07,9.42249237e+06,1.00377150e+05,2.26800455e+45,
spectrum,fullhide_1d,1.00000000e+07,9.42249237e+06,1.21736876e+05,1.39339716e+45,
spectrum,fullhide_1d,1.00000000e+07,9.42249237e+06,1.47641837e+05,8.50566089e+44,
spectrum,fullhide_1d,1.00000000e+07,9.42249237e+06,1.79059237e+05,5.15560111e+44,
spectrum,fullhide_1d,1.00000000e+07,9.42249237e+06,2.17162093e+05,3.10127823e+44,
spectrum,fullhide_1d,1.00000000e+07,9.42249237e+06,2.63373034e+05,1.85043139e+44,
spectrum,fullhide_1d,1.00000000e+07,9.42249237e+06,3.19417419e+05,1.09470796e+44,
spectrum,fullhide_1d,1.00000000e+07,9.42249237e+06,3.87387752e+05,6.41936958e+43,
spectrum,fullhide_1d,1.00000000e+07,9.42249237e+06,4.69821811e+05,3.73073264e+43,
spectrum,fullhide_1d,1.00000000e+07,9.42249237e+06,5.69797400e+05,2.14887372e+43,
spectrum,fullhide_1d,1.00000000e+07,9.42249237e+06,6.91047265e+05,1.22692818e+43,
spectrum,fullhide_1d,1.00000000e+07,9.42249237e+06,8.38098457e+05,6.94640174e+42,
spectrum,fullhide_1d,1.00000000e+07,9.42249237e+06,1.01644136e+06,3.90148444e+42,
spectrum,fullhide_1d,1.00000000e+07,9.42249237e+06,1.23273470e+06,2.17505147e+42,
spectrum,fullhide_1d,1.00000000e+07,9.42249237e+06,1.49505410e+06,1.20434133e+42,
spectrum,fullhide_1d,1.00000000e+07,9.42249237e+06,1.81319368e+06,6.62763337e+41,
spectrum,fullhide_1d,1.00000000e+07,9.42249237e+06,2.19903168e+06,3.62738180e+41,
spectrum,fullhide_1d,1.00000000e+07,9.42249237e+06,2.66697396e+06,1.97580953e+41,
spectrum,fullhide_1d,1.00000000e+07,9.42249237e+06,3.23449187e+06,1.07168025e+41,
spectrum,fullhide_1d,1.00000000e+07,9.42249237e+06,3.92277459e+06,5.79119734e+40,
spectrum,fullhide_1d,1.00000000e+07,9.42249237e+06,4.75752022e+06,3.11998305e+40,
spectrum,fullhide_1d,1.00000000e+07,9.42249237e+06,5.76989529e+06,1.67753310e+40,
spectrum,fullhide_1d,1.00000000e+07,9.42249237e+06,6.99769840e+06,9.00974106e+39,
spectrum,fullhide_1d,1.00000000e+07,9.42249237e+06,8.48677151e+06,4.83400060e+39,
spectrum,fullhide_1d,1.00000000e+07,9.42249237e+06,1.02927115e+07,2.58945707e+39,
spectrum,fullhide_1d,1.00000000e+07,9.42249237e+06,1.24829459e+07,1.38425334e+39,
spectrum,fullhide_1d,1.00000000e+07,9.42249237e+06,1.51392506e+07,7.38422406e+38,
spectrum,fullhide_1d,1.00000000e+07,9.42249237e+06,1.83608028e+07,3.93149073e+38,
spectrum,fullhide_1d,1.00000000e+07,9.42249237e+06,2.22678842e+07,2.08961566e+38,
spectrum,fullhide_1d,1.00000000e+07,9.42249237e+06,2.70063719e+07,1.10893825e+38,
spectrum,fullhide_1d,1.00000000e+07,9.42249237e+06,3.27531846e+07,5.87669029e+37,
spectrum,fullhide_1d,1.00000000e+07,9.42249237e+06,3.97228885e+07,3.11009865e+37,
spectrum,fullhide_1d,1.00000000e+07,9.42249237e+06,4.81757085e+07,1.64377515e+37,
spectrum,fullhide_1d,1.00000000e+07,9.42249237e+06,5.84272438e+07,8.67616836e+36,
spectrum,fullhide_1d,1.00000000e+07,9.42249237e+06,7.08602514e+07,4.57298387e+36,
spectrum,fullhide_1d,1.00000000e+07,9.42249237e+06,8.59389371e+07,2.40659173e+36,
spectrum,fullhide_1d,1.00000000e+07,9.42249237e+06,1.04226287e+08,1.26430903e+36,
spectrum,fullhide_1d,1.00000000e+07,9.42249237e+06,1.26405088e+08,6.62880089e+35,
spectrum,fullhide_1d,1.00000000e+07,9.42249237e+06,1.53303421e+08,3.46726226e+35,
spectrum,fullhide_1d,1.00000000e+07,9.42249237e+06,1.85925575e+08,1.80837763e+35,
spectrum,fullhide_1d,1.00000000e+07,9.42249237e+06,2.25489552e+08,9.39815238e+34,
spectrum,fullhide_1d,1.00000000e+07,9.42249237e+06,2.73472532e+08,4.86219263e+34,
spectrum,fullhide_1d,1.00000000e+07,9.42249237e+06,3.31666037e+08,2.50077468e+34,
spectrum,fullhide_1d,1.00000000e+07,9.42249237e+06,4.02242810e+08,1.27622952e+34,
spectrum,fullhide_1d,1.00000000e+07,9.42249237e+06,4.87837947e+08,6.44386573e+33,
spectrum,fullhide_1d,1.00000000e+07,9.42249237e+06,5.91647274e+08,3.20480501e+33,
spectrum,fullhide_1d,1.00000000e+07,9.42249237e+06,7.17546676e+08,1.55870734e+33,
spectrum,fullhide_1d,1.00000000e+07,9.42249237e+06,8.70236803e+08,7.32088756e+32,
spectrum,fullhide_1d,1.00000000e+07,9.42249237e+06,1.05541858e+09,3.23979639e+32,
spectrum,fullhide_1d,1.00000000e+07,9.42249237e+06,1.28000606e+09,1.30296532e+32,
spectrum,fullhide_1d,1.00000000e+07,9.42249237e+06,1.55238456e+09,4.95706199e+31,
spectrum,fullhide_1d,1.00000000e+07,9.42249237e+06,1.88272375e+09,1.78164036e+31,
spectrum,fullhide_1d,1.00000000e+07,9.42249237e+06,2.28335738e+09,5.97969361e+30,
spectrum,fullhide_1d,1.00000000e+07,9.42249237e+06,2.76924373e+09,1.84918285e+30,
spectrum,fullhide_1d,1.00000000e+07,9.42249237e+06,3.35852410e+09,5.18386996e+29,
spectrum,fullhide_1d,1.00000000e+07,9.42249237e+06,4.07320022e+09,1.29155267e+29,
spectrum,fullhide_1d,1.00000000e+07,9.42249237e+06,4.93995562e+09,2.79194598e+28,
spectrum,fullhide_1d,1.00000000e+07,9.42249237e+06,5.99115198e+09,5.08532267e+27,
spectrum,fullhide_1d,1.00000000e+07,9.42249237e+06,7.26603734e+09,7.53076255e+26,
spectrum,fullhide_1d,1.00000000e+07,9.42249237e+06,8.81221155e+09,8.68039663e+25,
spectrum,fullhide_1d,1.00000000e+07,9.42249237e+06,1.06874034e+10,7.38402224e+24,
spectrum,fullhide_1d,1.00000000e+07,9.42249237e+06,1.29616262e+10,4.34335019e+23,
spectrum,fullhide_1d,1.00000000e+07,9.42249237e+06,1.57197915e+10,1.63141466e+22,
spectrum,fullhide_1d,1.00000000e+07,9.42249237e+06,1.90648798e+10,3.55024790e+20,
spectrum,fullhide_1d,1.00000000e+07,9.42249237e+06,2.31217851e+10,3.97468975e+18,
spectrum,fullhide_1d,1.00000000e+07,9.42249237e+06,2.80419783e+10,1.98023511e+16,
spectrum,fullhide_1d,1.00000000e+07,9.42249237e+06,3.40091625e+10,1.14990797e+14,
spectrum,dg_1d,1.00000000e+03,1.07221816e+03,3.00000000e+00,0.00000000e+00,
spectrum,dg_1d,1.00000000e+03,1.07221816e+03,3.63838409e+00,4.33405504e+35,
spectrum,dg_1d,1.00000000e+03,1.07221816e+03,4.41261293e+00,0.00000000e+00,
spectrum,dg_1d,1.00000000e+03,1.07221816e+03,5.35159355e+00,1.26214387e+34,
spectrum,dg_1d,1.00000000e+03,1.07221816e+03,6.49038428e+00,2.44712575e+35,
spectrum,dg_1d,1.00000000e+03,1.07221816e+03,7.87150363e+00,0.00000000e+00,
spectrum,dg_1d,1.00000000e+03,1.07221816e+03,9.54651785e+00,5.36604306e+36,
spectrum,dg_1d,1.00000000e+03,1.07221816e+03,1.15779662e+01,0.00000000e+00,
spectrum,dg_1d,1.00000000e+03,1.07221816e+03,1.40416960e+01,0.00000000e+00,
spectrum,dg_1d,1.00000000e+03,1.07221816e+03,1.70296945e+01,1.04252674e+37,
spectrum,dg_1d,1.00000000e+03,1.07221816e+03,2.06535231e+01,0.00000000e+00,
spectrum,dg_1d,1.00000000e+03,1.07221816e+03,2.50484833e+01,4.14040867e+37,
spectrum,dg_1d,1.00000000e+03,1.07221816e+03,3.03786677e+01,8.47135047e+37,
spectrum,dg_1d,1.00000000e+03,1.07221816e+03,3.68430870e+01,4.04843228e+38,
spectrum,dg_1d,1.00000000e+03,1.07221816e+03,4.46831005e+01,3.03440347e+39,
spectrum,dg_1d,1.00000000e+03,1.07221816e+03,5.41914274e+01,4.00453518e+39,
spectrum,dg_1d,1.00000000e+03,1.07221816e+03,6.57230757e+01,1.29964016e+40,
spectrum,dg_1d,1.00000000e+03,1.07221816e+03,7.97085976e+01,2.41727706e+40,
spectrum,dg_1d,1.00000000e+03,1.07221816e+03,9.66701644e+01,3.10840682e+40,
spectrum,dg_1d,1.00000000e+03,1.07221816e+03,1.17241063e+02,4.66827686e+40,
spectrum,dg_1d,1.00000000e+03,1.07221816e+03,1.42189339e+02,6.49361054e+40,
spectrum,dg_1d,1.00000000e+03,1.07221816e+03,1.72446476e+02,4.97639965e+41,
spectrum,dg_1d,1.00000000e+03,1.07221816e+03,2.09142172e+02,0.00000000e+00,
spectrum,dg_1d,1.00000000e+03,1.07221816e+03,2.53646517e+02,2.27492428e+41,
spectrum,dg_1d,1.00000000e+03,1.07221816e+03,3.07621150e+02,5.97875479e+41,
spectrum,dg_1d,1.00000000e+03,1.07221816e+03,3.73081299e+02,0.00000000e+00,
spectrum,dg_1d,1.00000000e+03,1.07221816e+03,4.52471021e+02,2.64028243e+42,
spectrum,dg_1d,1.00000000e+03,1.07221816e+03,5.48754454e+02,4.10767914e+42,
spectrum,dg_1d,1.00000000e+03,1.07221816e+03,6.65526492e+02,3.15045945e+43,
spectrum,dg_1d,1.00000000e+03,1.07221816e+03,8.07146999e+02,0.00000000e+00,
spectrum,dg_1d,1.00000000e+03,1.07221816e+03,9.78903599e+02,3.68724620e+43,
spectrum,dg_1d,1.00000000e+03,1.07221816e+03,1.18720909e+03,5.60759486e+43,
spectrum,dg_1d,1.00000000e+03,1.07221816e+03,1.43984089e+03,8.53408240e+43,
spectrum,dg_1d,1.00000000e+03,1.07221816e+03,1.74623140e+03,2.39295932e+44,
spectrum,dg_1d,1.00000000e+03,1.07221816e+03,2.11782018e+03,3.21109753e+44,
spectrum,dg_1d,1.00000000e+03,1.07221816e+03,2.56848108e+03,9.21840530e+44,
spectrum,dg_1d,1.00000000e+03,1.07221816e+03,3.11504023e+03,1.86570780e+44,
spectrum,dg_1d,1.00000000e+03,1.07221816e+03,3.77790427e+03,1.37085695e+45,
spectrum,dg_1d,1.00000000e+03,1.07221816e+03,4.58182226e+03,1.37249524e+45,
spectrum,dg_1d,1.00000000e+03,1.07221816e+03,5.55680973e+03,2.05030768e+45,
spectrum,dg_1d,1.00000000e+03,1.07221816e+03,6.73926937e+03,3.88282462e+45,
spectrum,dg_1d,1.00000000e+03,1.07221816e+03,8.17335015e+03,1.04611978e+46,
spectrum,dg_1d,1.00000000e+03,1.07221816e+03,9.91259571e+03,9.57830633e+46,
spectrum,dg_1d,1.00000000e+03,1.07221816e+03,1.20219435e+04,6.92483608e+46,
spectrum,dg_1d,1.00000000e+03,1.07221816e+03,1.45801493e+04,4.34988149e+46,
spectrum,dg_1d,1.00000000e+03,1.07221816e+03,1.76827278e+04,2.74243918e+46,
spectrum,dg_1d,1.00000000e+03,1.07221816e+03,2.14455184e+04,1.71226542e+46,
spectrum,dg_1d,1.00000000e+03,1.07221816e+03,2.60090110e+04,1.06347732e+46,
spectrum,dg_1d,1.00000000e+03,1.07221816e+03,3.15435906e+04,6.56511084e+45,
spectrum,dg_1d,1.00000000e+03,1.07221816e+03,3.82558994e+04,4.02462342e+45,
spectrum,dg_1d,1.00000000e+03,1.07221816e+03,4.63965519e+04,2.44831655e+45,
spectrum,dg_1d,1.00000000e+03,1.07221816e+03,5.62694921e+04,1.47705338e+45,
spectrum,dg_1d,1.00000000e+03,1.07221816e+03,6.82433415e+04,8.83228951e+44,
spectrum,dg_1d,1.00000000e+03,1.07221816e+03,8.27651627e+04,5.23275130e+44,
spectrum,dg_1d,1.00000000e+03,1.07221816e+03,1.00377150e+05,3.07086203e+44,
spectrum,dg_1d,1.00000000e+03,1.07221816e+03,1.21736876e+05,1.78500099e+44,
spectrum,dg_1d,1.00000000e+03,1.07221816e+03,1.47641837e+05,1.02782548e+44,
spectrum,dg_1d,1.00000000e+03,1.07221816e+03,1.79059237e+05,5.86454170e+43,
spectrum,dg_1d,1.00000000e+03,1.07221816e+03,2.17162093e+05,3.31726613e+43,
spectrum,dg_1d,1.00000000e+03,1.07221816e+03,2.63373034e+05,1.86126797e+43,
spectrum,dg_1d,1.00000000e+03,1.07221816e+03,3.19417419e+05,1.03659786e+43,
spectrum,dg_1d,1.00000000e+03,1.07221816e+03,3.87387752e+05,5.73443195e+42,
spectrum,dg_1d,1.00000000e+03,1.07221816e+03,4.69821811e+05,3.15332873e+42,
spectrum,dg_1d,1.00000000e+03,1.07221816e+03,5.69797400e+05,1.72482817e+42,
spectrum,dg_1d,1.00000000e+03,1.07221816e+03,6.91047265e+05,9.38940115e+41,
spectrum,dg_1d,1.00000000e+03,1.07221816e+03,8.38098457e+05,5.08929077e+41,
spectrum,dg_1d,1.00000000e+03,1.07221816e+03,1.01644136e+06,2.74818858e+41,
spectrum,dg_1d,1.00000000e+03,1.07221816e+03,1.23273470e+06,1.47921112e+41,
spectrum,dg_1d,1.00000000e+03,1.07221816e+03,1.49505410e+06,7.93942912e+40,
spectrum,dg_1d,1.00000000e+03,1.07221816e+03,1.81319368e+06,4.25084580e+40,
spectrum,dg_1d,1.00000000e+03,1.07221816e+03,2.19903168e+06,2.27104464e+40,
spectrum,dg_1d,1.00000000e+03,1.07221816e+03,2.66697396e+06,1.21105780e+40,
spectrum,dg_1d,1.00000000e+03,1.07221816e+03,3.23449187e+06,6.44762912e+39,
spectrum,dg_1d,1.00000000e+03,1.07221816e+03,3.92277459e+06,3.42781490e+39,
spectrum,dg_1d,1.00000000e+03,1.07221816e+03,4.75752022e+06,1.82003945e+39,
spectrum,dg_1d,1.00000000e+03,1.07221816e+03,5.76989529e+06,9.65232712e+38,
spectrum,dg_1d,1.00000000e+03,1.07221816e+03,6.99769840e+06,5.11317083e+38,
spectrum,dg_1d,1.00000000e+03,1.07221816e+03,8.48677151e+06,2.70552450e+38,
spectrum,dg_1d,1.00000000e+03,1.07221816e+03,1.02927115e+07,1.42983465e+38,
spectrum,dg_1d,1.00000000e+03,1.07221816e+03,1.24829459e+07,7.54630532e+37,
spectrum,dg_1d,1.00000000e+03,1.07221816e+03,1.51392506e+07,3.97651995e+37,
spectrum,dg_1d,1.00000000e+03,1.07221816e+03,1.83608028e+07,2.09148503e+37,
spectrum,dg_1d,1.00000000e+03,1.07221816e+03,2.22678842e+07,1.09747848e+37,
spectrum,dg_1d,1.00000000e+03,1.07221816e+03,2.70063719e+07,5.74196237e+36,
spectrum,dg_1d,1.00000000e+03,1.07221816e+03,3.27531846e+07,2.99282795e+36,
spectrum,dg_1d,1.00000000e+03,1.07221816e+03,3.97228885e+07,1.55222993e+36,
spectrum,dg_1d,1.00000000e+03,1.07221816e+03,4.81757085e+07,7.99799519e+35,
spectrum,dg_1d,1.00000000e+03,1.07221816e+03,5.84272438e+07,4.08471121e+35,
spectrum,dg_1d,1.00000000e+03,1.07221816e+03,7.08602514e+07,2.06085098e+35,
spectrum,dg_1d,1.00000000e+03,1.07221816e+03,8.59389371e+07,1.02198289e+35,
spectrum,dg_1d,1.00000000e+03,1.07221816e+03,1.04226287e+08,4.94144565e+34,
spectrum,dg_1d,1.00000000e+03,1.07221816e+03,1.26405088e+08,2.29747637e+34,
spectrum,dg_1d,1.00000000e+03,1.07221816e+03,1.53303421e+08,9.99915185e+33,
spectrum,dg_1d,1.00000000e+03,1.07221816e+03,1.85925575e+08,3.97629503e+33,
spectrum,dg_1d,1.00000000e+03,1.07221816e+03,2.25489552e+08,1.49944751e+33,
spectrum,dg_1d,1.00000000e+03,1.07221816e+03,2.73472532e+08,5.32742348e+32,
spectrum,dg_1d,1.00000000e+03,1.07221816e+03,3.31666037e+08,1.76352450e+32,
spectrum,dg_1d,1.00000000e+03,1.07221816e+03,4.02242810e+08,5.36624595e+31,
spectrum,dg_1d,1.00000000e+03,1.07221816e+03,4.87837947e+08,1.47677395e+31,
spectrum,dg_1d,1.00000000e+03,1.07221816e+03,5.91647274e+08,3.60378052e+30,
spectrum,dg_1d,1.00000000e+03,1.07221816e+03,7.17546676e+08,7.61452642e+29,
spectrum,dg_1d,1.00000000e+03,1.07221816e+03,8.70236803e+08,1.35333769e+29,
spectrum,dg_1d,1.00000000e+03,1.07221816e+03,1.05541858e+09,1.95347367e+28,
spectrum,dg_1d,1.00000000e+03,1.07221816e+03,1.28000606e+09,2.19456015e+27,
spectrum,dg_1d,1.00000000e+03,1.07221816e+03,1.55238456e+09,1.82206842e+26,
spectrum,dg_1d,1.00000000e+03,1.07221816e+03,1.88272375e+09,1.04999043e+25,
spectrum,dg_1d,1.00000000e+03,1.07221816e+03,2.28335738e+09,3.89151132e+23,
spectrum,dg_1d,1.00000000e+03,1.07221816e+03,2.76924373e+09,8.45453451e+21,
spectrum,dg_1d,1.00000000e+03,1.07221816e+03,3.35852410e+09,9.65701935e+19,
spectrum,dg_1d,1.00000000e+03,1.07221816e+03,4.07320022e+09,1.07547403e+18,
spectrum,dg_1d,1.00000000e+03,1.07221816e+03,4.93995562e+09,4.26310441e+17,
spectrum,dg_1d,1.00000000e+03,1.07221816e+03,5.99115198e+09,0.00000000e+00,
spectrum,dg_1d,1.00000000e+03,1.07221816e+03,7.26603734e+09,0.00000000e+00,
spectrum,dg_1d,1.00000000e+03,1.07221816e+03,8.81221155e+09,0.00000000e+00,
spectrum,dg_1d,1.00000000e+03,1.07221816e+03,1.06874034e+10,0.00000000e+00,
spectrum,dg_1d,1.00000000e+03,1.07221816e+03,1.29616262e+10,0.00000000e+00,
spectrum,dg_1d,1.00000000e+03,1.07221816e+03,1.57197915e+10,0.00000000e+00,
spectrum,dg_1d,1.00000000e+03,1.07221816e+03,1.90648798e+10,1.71230248e-16,
spectrum,dg_1d,1.00000000e+03,1.07221816e+03,2.31217851e+10,4.27995640e-17,
spectrum,dg_1d,1.00000000e+03,1.07221816e+03,2.80419783e+10,0.00000000e+00,
spectrum,dg_1d,1.00000000e+03,1.07221816e+03,3.40091625e+10,0.00000000e+00,
spectrum,dg_1d,1.00000000e+05,8.94667946e+04,3.00000000e+00,6.12965035e+36,
spectrum,dg_1d,1.00000000e+05,8.94667946e+04,3.63838409e+00,0.00000000e+00,
spectrum,dg_1d,1.00000000e+05,8.94667946e+04,4.41261293e+00,0.00000000e+00,
spectrum,dg_1d,1.00000000e+05,8.94667946e+04,5.35159355e+00,6.07176775e+37,
spectrum,dg_1d,1.00000000e+05,8.94667946e+04,6.49038428e+00,0.00000000e+00,
spectrum,dg_1d,1.00000000e+05,8.94667946e+04,7.87150363e+00,0.00000000e+00,
spectrum,dg_1d,1.00000000e+05,8.94667946e+04,9.54651785e+00,0.00000000e+00,
spectrum,dg_1d,1.00000000e+05,8.94667946e+04,1.15779662e+01,2.01775370e+39,
spectrum,dg_1d,1.00000000e+05,8.94667946e+04,1.40416960e+01,5.91331995e+39,
spectrum,dg_1d,1.00000000e+05,8.94667946e+04,1.70296945e+01,1.24950209e+40,
spectrum,dg_1d,1.00000000e+05,8.94667946e+04,2.06535231e+01,3.23598292e+40,
spectrum,dg_1d,1.00000000e+05,8.94667946e+04,2.50484833e+01,1.40294423e+40,
spectrum,dg_1d,1.00000000e+05,8.94667946e+04,3.03786677e+01,1.38441712e+41,
spectrum,dg_1d,1.00000000e+05,8.94667946e+04,3.68430870e+01,3.72050228e+41,
spectrum,dg_1d,1.00000000e+05,8.94667946e+04,4.46831005e+01,0.00000000e+00,
spectrum,dg_1d,1.00000000e+05,8.94667946e+04,5.41914274e+01,0.00000000e+00,
spectrum,dg_1d,1.00000000e+05,8.94667946e+04,6.57230757e+01,3.23599394e+43,
spectrum,dg_1d,1.00000000e+05,8.94667946e+04,7.97085976e+01,3.27986285e+43,
spectrum,dg_1d,1.00000000e+05,8.94667946e+04,9.66701644e+01,0.00000000e+00,
spectrum,dg_1d,1.00000000e+05,8.94667946e+04,1.17241063e+02,2.68341635e+42,
spectrum,dg_1d,1.00000000e+05,8.94667946e+04,1.42189339e+02,8.92698440e+43,
spectrum,dg_1d,1.00000000e+05,8.94667946e+04,1.72446476e+02,0.00000000e+00,
spectrum,dg_1d,1.00000000e+05,8.94667946e+04,2.09142172e+02,0.00000000e+00,
spectrum,dg_1d,1.00000000e+05,8.94667946e+04,2.53646517e+02,4.97719244e+44,
spectrum,dg_1d,1.00000000e+05,8.94667946e+04,3.07621150e+02,1.08844557e+45,
spectrum,dg_1d,1.00000000e+05,8.94667946e+04,3.73081299e+02,0.00000000e+00,
spectrum,dg_1d,1.00000000e+05,8.94667946e+04,4.52471021e+02,0.00000000e+00,
spectrum,dg_1d,1.00000000e+05,8.94667946e+04,5.48754454e+02,3.39747540e+46,
spectrum,dg_1d,1.00000000e+05,8.94667946e+04,6.65526492e+02,3.23285906e+46,
spectrum,dg_1d,1.00000000e+05,8.94667946e+04,8.07146999e+02,0.00000000e+00,
spectrum,dg_1d,1.00000000e+05,8.94667946e+04,9.78903599e+02,0.00000000e+00,
spectrum,dg_1d,1.00000000e+05,8.94667946e+04,1.18720909e+03,0.00000000e+00,
spectrum,dg_1d,1.00000000e+05,8.94667946e+04,1.43984089e+03,6.78082474e+48,
spectrum,dg_1d,1.00000000e+05,8.94667946e+04,1.74623140e+03,9.81461129e+48,
spectrum,dg_1d,1.00000000e+05,8.94667946e+04,2.11782018e+03,8.68854547e+48,
spectrum,dg_1d,1.00000000e+05,8.94667946e+04,2.56848108e+03,6.48352226e+48,
spectrum,dg_1d,1.00000000e+05,8.94667946e+04,3.11504023e+03,4.46924373e+48,
spectrum,dg_1d,1.00000000e+05,8.94667946e+04,3.77790427e+03,2.89973967e+48,
spectrum,dg_1d,1.00000000e+05,8.94667946e+04,4.58182226e+03,1.85641109e+48,
spectrum,dg_1d,1.00000000e+05,8.94667946e+04,5.55680973e+03,1.18653815e+48,
spectrum,dg_1d,1.00000000e+05,8.94667946e+04,6.73926937e+03,7.57527833e+47,
spectrum,dg_1d,1.00000000e+05,8.94667946e+04,8.17335015e+03,4.82951900e+47,
spectrum,dg_1d,1.00000000e+05,8.94667946e+04,9.91259571e+03,3.07465643e+47,
spectrum,dg_1d,1.00000000e+05,8.94667946e+04,1.20219435e+04,1.95413949e+47,
spectrum,dg_1d,1.00000000e+05,8.94667946e+04,1.45801493e+04,1.23983526e+47,
spectrum,dg_1d,1.00000000e+05,8.94667946e+04,1.76827278e+04,7.84488792e+46,
spectrum,dg_1d,1.00000000e+05,8.94667946e+04,2.14455184e+04,4.94964879e+46,
spectrum,dg_1d,1.00000000e+05,8.94667946e+04,2.60090110e+04,3.11283171e+46,
spectrum,dg_1d,1.00000000e+05,8.94667946e+04,3.15435906e+04,1.94978259e+46,
spectrum,dg_1d,1.00000000e+05,8.94667946e+04,3.82558994e+04,1.21537259e+46,
spectrum,dg_1d,1.00000000e+05,8.94667946e+04,4.63965519e+04,7.54005077e+45,
spectrum,dg_1d,1.00000000e+05,8.94667946e+04,5.62694921e+04,4.64995551e+45,
spectrum,dg_1d,1.00000000e+05,8.94667946e+04,6.82433415e+04,2.84912188e+45,
spectrum,dg_1d,1.00000000e+05,8.94667946e+04,8.27651627e+04,1.73315285e+45,
spectrum,dg_1d,1.00000000e+05,8.94667946e+04,1.00377150e+05,1.04611564e+45,
spectrum,dg_1d,1.00000000e+05,8.94667946e+04,1.21736876e+05,6.26231325e+44,
spectrum,dg_1d,1.00000000e+05,8.94667946e+04,1.47641837e+05,3.71609902e+44,
spectrum,dg_1d,1.00000000e+05,8.94667946e+04,1.79059237e+05,2.18506302e+44,
spectrum,dg_1d,1.00000000e+05,8.94667946e+04,2.17162093e+05,1.27269602e+44,
spectrum,dg_1d,1.00000000e+05,8.94667946e+04,2.63373034e+05,7.34395487e+43,
spectrum,dg_1d,1.00000000e+05,8.94667946e+04,3.19417419e+05,4.20085027e+43,
spectrum,dg_1d,1.00000000e+05,8.94667946e+04,3.87387752e+05,2.38262223e+43,
spectrum,dg_1d,1.00000000e+05,8.94667946e+04,4.69821811e+05,1.34031700e+43,
spectrum,dg_1d,1.00000000e+05,8.94667946e+04,5.69797400e+05,7.48207261e+42,
spectrum,dg_1d,1.00000000e+05,8.94667946e+04,6.91047265e+05,4.14737850e+42,
spectrum,dg_1d,1.00000000e+05,8.94667946e+04,8.38098457e+05,2.28426891e+42,
spectrum,dg_1d,1.00000000e+05,8.94667946e+04,1.01644136e+06,1.25098781e+42,
spectrum,dg_1d,1.00000000e+05,8.94667946e+04,1.23273470e+06,6.81678758e+41,
spectrum,dg_1d,1.00000000e+05,8.94667946e+04,1.49505410e+06,3.69796437e+41,
spectrum,dg_1d,1.00000000e+05,8.94667946e+04,1.81319368e+06,1.99845928e+41,
spectrum,dg_1d,1.00000000e+05,8.94667946e+04,2.19903168e+06,1.07671795e+41,
spectrum,dg_1d,1.00000000e+05,8.94667946e+04,2.66697396e+06,5.78644590e+40,
spectrum,dg_1d,1.00000000e+05,8.94667946e+04,3.23449187e+06,3.10268482e+40,
spectrum,dg_1d,1.00000000e+05,8.94667946e+04,3.92277459e+06,1.66014136e+40,
spectrum,dg_1d,1.00000000e+05,8.94667946e+04,4.75752022e+06,8.86560379e+39,
spectrum,dg_1d,1.00000000e+05,8.94667946e+04,5.76989529e+06,4.72625925e+39,
spectrum,dg_1d,1.00000000e+05,8.94667946e+04,6.99769840e+06,2.51573230e+39,
spectrum,dg_1d,1.00000000e+05,8.94667946e+04,8.48677151e+06,1.33730085e+39,
spectrum,dg_1d,1.00000000e+05,8.94667946e+04,1.02927115e+07,7.10025536e+38,
spectrum,dg_1d,1.00000000e+05,8.94667946e+04,1.24829459e+07,3.76566370e+38,
spectrum,dg_1d,1.00000000e+05,8.94667946e+04,1.51392506e+07,1.99505100e+38,
spectrum,dg_1d,1.00000000e+05,8.94667946e+04,1.83608028e+07,1.05587465e+38,
spectrum,dg_1d,1.00000000e+05,8.94667946e+04,2.22678842e+07,5.58206288e+37,
spectrum,dg_1d,1.00000000e+05,8.94667946e+04,2.70063719e+07,2.94749623e+37,
spectrum,dg_1d,1.00000000e+05,8.94667946e+04,3.27531846e+07,1.55420920e+37,
spectrum,dg_1d,1.00000000e+05,8.94667946e+04,3.97228885e+07,8.18176947e+36,
spectrum,dg_1d,1.00000000e+05,8.94667946e+04,4.81757085e+07,4.29835800e+36,
spectrum,dg_1d,1.00000000e+05,8.94667946e+04,5.84272438e+07,2.25241876e+36,
spectrum,dg_1d,1.00000000e+05,8.94667946e+04,7.08602514e+07,1.17645963e+36,
spectrum,dg_1d,1.00000000e+05,8.94667946e+04,8.59389371e+07,6.11873653e+35,
spectrum,dg_1d,1.00000000e+05,8.94667946e+04,1.04226287e+08,3.16458745e+35,
spectrum,dg_1d,1.00000000e+05,8.94667946e+04,1.26405088e+08,1.62450735e+35,
spectrum,dg_1d,1.00000000e+05,8.94667946e+04,1.53303421e+08,8.25464861e+34,
spectrum,dg_1d,1.00000000e+05,8.94667946e+04,1.85925575e+08,4.13530529e+34,
spectrum,dg_1d,1.00000000e+05,8.94667946e+04,2.25489552e+08,2.02982781e+34,
spectrum,dg_1d,1.00000000e+05,8.94667946e+04,2.73472532e+08,9.66335669e+33,
spectrum,dg_1d,1.00000000e+05,8.94667946e+04,3.31666037e+08,4.38054133e+33,
spectrum,dg_1d,1.00000000e+05,8.94667946e+04,4.02242810e+08,1.82391636e+33,
spectrum,dg_1d,1.00000000e+05,8.94667946e+04,4.87837947e+08,7.07699585e+32,
spectrum,dg_1d,1.00000000e+05,8.94667946e+04,5.91647274e+08,2.60091570e+32,
spectrum,dg_1d,1.00000000e+05,8.94667946e+04,7.17546676e+08,8.96293264e+31,
spectrum,dg_1d,1.00000000e+05,8.94667946e+04,8.70236803e+08,2.86112902e+31,
spectrum,dg_1d,1.00000000e+05,8.94667946e+04,1.05541858e+09,8.33706265e+30,
spectrum,dg_1d,1.00000000e+05,8.94667946e+04,1.28000606e+09,2.17856689e+30,
spectrum,dg_1d,1.00000000e+05,8.94667946e+04,1.55238456e+09,4.99669506e+29,
spectrum,dg_1d,1.00000000e+05,8.94667946e+04,1.88272375e+09,9.80042257e+28,
spectrum,dg_1d,1.00000000e+05,8.94667946e+04,2.28335738e+09,1.59274622e+28,
spectrum,dg_1d,1.00000000e+05,8.94667946e+04,2.76924373e+09,2.06419189e+27,
spectrum,dg_1d,1.00000000e+05,8.94667946e+04,3.35852410e+09,2.03636913e+26,
spectrum,dg_1d,1.00000000e+05,8.94667946e+04,4.07320022e+09,1.44523971e+25,
spectrum,dg_1d,1.00000000e+05,8.94667946e+04,4.93995562e+09,6.88998734e+23,
spectrum,dg_1d,1.00000000e+05,8.94667946e+04,5.99115198e+09,2.03016342e+22,
spectrum,dg_1d,1.00000000e+05,8.94667946e+04,7.26603734e+09,3.34326048e+20,
spectrum,dg_1d,1.00000000e+05,8.94667946e+04,8.81221155e+09,2.71844774e+18,
spectrum,dg_1d,1.00000000e+05,8.94667946e+04,1.06874034e+10,9.32087172e+15,
spectrum,dg_1d,1.00000000e+05,8.94667946e+04,1.29616262e+10,0.00000000e+00,
spectrum,dg_1d,1.00000000e+05,8.94667946e+04,1.57197915e+10,0.00000000e+00,
spectrum,dg_1d,1.00000000e+05,8.94667946e+04,1.90648798e+10,3.48601747e+05,
spectrum,dg_1d,1.00000000e+05,8.94667946e+04,2.31217851e+10,0.00000000e+00,
spectrum,dg_1d,1.00000000e+05,8.94667946e+04,2.80419783e+10,0.00000000e+00,
spectrum,dg_1d,1.00000000e+05,8.94667946e+04,3.40091625e+10,0.00000000e+00,
spectrum,dg_1d,1.00000000e+07,9.42249237e+06,3.00000000e+00,2.65271836e+39,
spectrum,dg_1d,1.00000000e+07,9.42249237e+06,3.63838409e+00,9.52039812e+39,
spectrum,dg_1d,1.00000000e+07,9.42249237e+06,4.41261293e+00,3.01710459e+40,
spectrum,dg_1d,1.00000000e+07,9.42249237e+06,5.35159355e+00,7.74022804e+40,
spectrum,dg_1d,1.00000000e+07,9.42249237e+06,6.49038428e+00,1.54704832e+41,
spectrum,dg_1d,1.00000000e+07,9.42249237e+06,7.87150363e+00,2.14634702e+41,
spectrum,dg_1d,1.00000000e+07,9.42249237e+06,9.54651785e+00,3.16190009e+41,
spectrum,dg_1d,1.00000000e+07,9.42249237e+06,1.15779662e+01,1.10318436e+42,
spectrum,dg_1d,1.00000000e+07,9.42249237e+06,1.40416960e+01,9.10607144e+41,
spectrum,dg_1d,1.00000000e+07,9.42249237e+06,1.70296945e+01,0.00000000e+00,
spectrum,dg_1d,1.00000000e+07,9.42249237e+06,2.06535231e+01,4.21772568e+43,
spectrum,dg_1d,1.00000000e+07,9.42249237e+06,2.50484833e+01,0.00000000e+00,
spectrum,dg_1d,1.00000000e+07,9.42249237e+06,3.03786677e+01,0.00000000e+00,
spectrum,dg_1d,1.00000000e+07,9.42249237e+06,3.68430870e+01,1.34315363e+46,
spectrum,dg_1d,1.00000000e+07,9.42249237e+06,4.46831005e+01,0.00000000e+00,
spectrum,dg_1d,1.00000000e+07,9.42249237e+06,5.41914274e+01,0.00000000e+00,
spectrum,dg_1d,1.00000000e+07,9.42249237e+06,6.57230757e+01,3.86469617e+48,
spectrum,dg_1d,1.00000000e+07,9.42249237e+06,7.97085976e+01,0.00000000e+00,
spectrum,dg_1d,1.00000000e+07,9.42249237e+06,9.66701644e+01,3.10925187e+51,
spectrum,dg_1d,1.00000000e+07,9.42249237e+06,1.17241063e+02,4.26931717e+51,
spectrum,dg_1d,1.00000000e+07,9.42249237e+06,1.42189339e+02,3.99517546e+51,
spectrum,dg_1d,1.00000000e+07,9.42249237e+06,1.72446476e+02,3.36489177e+51,
spectrum,dg_1d,1.00000000e+07,9.42249237e+06,2.09142172e+02,2.58417222e+51,
spectrum,dg_1d,1.00000000e+07,9.42249237e+06,2.53646517e+02,1.90472319e+51,
spectrum,dg_1d,1.00000000e+07,9.42249237e+06,3.07621150e+02,1.35448655e+51,
spectrum,dg_1d,1.00000000e+07,9.42249237e+06,3.73081299e+02,9.34728624e+50,
spectrum,dg_1d,1.00000000e+07,9.42249237e+06,4.52471021e+02,6.29767270e+50,
spectrum,dg_1d,1.00000000e+07,9.42249237e+06,5.48754454e+02,4.20174776e+50,
spectrum,dg_1d,1.00000000e+07,9.42249237e+06,6.65526492e+02,2.74793575e+50,
spectrum,dg_1d,1.00000000e+07,9.42249237e+06,8.07146999e+02,1.78667720e+50,
spectrum,dg_1d,1.00000000e+07,9.42249237e+06,9.78903599e+02,1.15126027e+50,
spectrum,dg_1d,1.00000000e+07,9.42249237e+06,1.18720909e+03,7.39556379e+49,
spectrum,dg_1d,1.00000000e+07,9.42249237e+06,1.43984089e+03,4.73625198e+49,
spectrum,dg_1d,1.00000000e+07,9.42249237e+06,1.74623140e+03,3.04074564e+49,
spectrum,dg_1d,1.00000000e+07,9.42249237e+06,2.11782018e+03,1.94674230e+49,
spectrum,dg_1d,1.00000000e+07,9.42249237e+06,2.56848108e+03,1.24647565e+49,
spectrum,dg_1d,1.00000000e+07,9.42249237e+06,3.11504023e+03,7.99011887e+48,
spectrum,dg_1d,1.00000000e+07,9.42249237e+06,3.77790427e+03,5.11987502e+48,
spectrum,dg_1d,1.00000000e+07,9.42249237e+06,4.58182226e+03,3.27429244e+48,
spectrum,dg_1d,1.00000000e+07,9.42249237e+06,5.55680973e+03,2.09627593e+48,
spectrum,dg_1d,1.00000000e+07,9.42249237e+06,6.73926937e+03,1.33898632e+48,
spectrum,dg_1d,1.00000000e+07,9.42249237e+06,8.17335015e+03,8.56102310e+47,
spectrum,dg_1d,1.00000000e+07,9.42249237e+06,9.91259571e+03,5.45514839e+47,
spectrum,dg_1d,1.00000000e+07,9.42249237e+06,1.20219435e+04,3.48373786e+47,
spectrum,dg_1d,1.00000000e+07,9.42249237e+06,1.45801493e+04,2.21598334e+47,
spectrum,dg_1d,1.00000000e+07,9.42249237e+06,1.76827278e+04,1.40856394e+47,
spectrum,dg_1d,1.00000000e+07,9.42249237e+06,2.14455184e+04,8.93573315e+46,
spectrum,dg_1d,1.00000000e+07,9.42249237e+06,2.60090110e+04,5.65717442e+46,
spectrum,dg_1d,1.00000000e+07,9.42249237e+06,3.15435906e+04,3.57194076e+46,
spectrum,dg_1d,1.00000000e+07,9.42249237e+06,3.82558994e+04,2.24895168e+46,
spectrum,dg_1d,1.00000000e+07,9.42249237e+06,4.63965519e+04,1.41096754e+46,
spectrum,dg_1d,1.00000000e+07,9.42249237e+06,5.62694921e+04,8.81944766e+45,
spectrum,dg_1d,1.00000000e+07,9.42249237e+06,6.82433415e+04,5.48796380e+45,
spectrum,dg_1d,1.00000000e+07,9.42249237e+06,8.27651627e+04,3.39688280e+45,
spectrum,dg_1d,1.00000000e+07,9.42249237e+06,1.00377150e+05,2.09081681e+45,
spectrum,dg_1d,1.00000000e+07,9.42249237e+06,1.21736876e+05,1.27889938e+45,
spectrum,dg_1d,1.00000000e+07,9.42249237e+06,1.47641837e+05,7.76823026e+44,
spectrum,dg_1d,1.00000000e+07,9.42249237e+06,1.79059237e+05,4.68251415e+44,
spectrum,dg_1d,1.00000000e+07,9.42249237e+06,2.17162093e+05,2.79970202e+44,
spectrum,dg_1d,1.00000000e+07,9.42249237e+06,2.63373034e+05,1.65966881e+44,
spectrum,dg_1d,1.00000000e+07,9.42249237e+06,3.19417419e+05,9.75367231e+43,
spectrum,dg_1d,1.00000000e+07,9.42249237e+06,3.87387752e+05,5.68000336e+43,
spectrum,dg_1d,1.00000000e+07,9.42249237e+06,4.69821811e+05,3.27818600e+43,
spectrum,dg_1d,1.00000000e+07,9.42249237e+06,5.69797400e+05,1.87465925e+43,
spectrum,dg_1d,1.00000000e+07,9.42249237e+06,6.91047265e+05,1.06251244e+43,
spectrum,dg_1d,1.00000000e+07,9.42249237e+06,8.38098457e+05,5.97436186e+42,
spectrum,dg_1d,1.00000000e+07,9.42249237e+06,1.01644136e+06,3.33524181e+42,
spectrum,dg_1d,1.00000000e+07,9.42249237e+06,1.23273470e+06,1.84927742e+42,
spectrum,dg_1d,1.00000000e+07,9.42249237e+06,1.49505410e+06,1.01897568e+42,
spectrum,dg_1d,1.00000000e+07,9.42249237e+06,1.81319368e+06,5.58329889e+41,
spectrum,dg_1d,1.00000000e+07,9.42249237e+06,2.19903168e+06,3.04439533e+41,
spectrum,dg_1d,1.00000000e+07,9.42249237e+06,2.66697396e+06,1.65313049e+41,
spectrum,dg_1d,1.00000000e+07,9.42249237e+06,3.23449187e+06,8.94217848e+40,
spectrum,dg_1d,1.00000000e+07,9.42249237e+06,3.92277459e+06,4.82152534e+40,
spectrum,dg_1d,1.00000000e+07,9.42249237e+06,4.75752022e+06,2.59437427e+40,
spectrum,dg_1d,1.00000000e+07,9.42249237e+06,5.76989529e+06,1.39422776e+40,
spectrum,dg_1d,1.00000000e+07,9.42249237e+06,6.99769840e+06,7.48338336e+39,
spectrum,dg_1d,1.00000000e+07,9.42249237e+06,8.48677151e+06,4.01028502e+39,
spectrum,dg_1d,1.00000000e+07,9.42249237e+06,1.02927115e+07,2.14515915e+39,
spectrum,dg_1d,1.00000000e+07,9.42249237e+06,1.24829459e+07,1.14537446e+39,
spectrum,dg_1d,1.00000000e+07,9.42249237e+06,1.51392506e+07,6.10523864e+38,
spectrum,dg_1d,1.00000000e+07,9.42249237e+06,1.83608028e+07,3.24944360e+38,
spectrum,dg_1d,1.00000000e+07,9.42249237e+06,2.22678842e+07,1.72720793e+38,
spectrum,dg_1d,1.00000000e+07,9.42249237e+06,2.70063719e+07,9.17004065e+37,
spectrum,dg_1d,1.00000000e+07,9.42249237e+06,3.27531846e+07,4.86330543e+37,
spectrum,dg_1d,1.00000000e+07,9.42249237e+06,3.97228885e+07,2.57660748e+37,
spectrum,dg_1d,1.00000000e+07,9.42249237e+06,4.81757085e+07,1.36371503e+37,
spectrum,dg_1d,1.00000000e+07,9.42249237e+06,5.84272438e+07,7.21004016e+36,
spectrum,dg_1d,1.00000000e+07,9.42249237e+06,7.08602514e+07,3.80754879e+36,
spectrum,dg_1d,1.00000000e+07,9.42249237e+06,8.59389371e+07,2.00804098e+36,
spectrum,dg_1d,1.00000000e+07,9.42249237e+06,1.04226287e+08,1.05732478e+36,
spectrum,dg_1d,1.00000000e+07,9.42249237e+06,1.26405088e+08,5.55644116e+35,
spectrum,dg_1d,1.00000000e+07,9.42249237e+06,1.53303421e+08,2.91287412e+35,
spectrum,dg_1d,1.00000000e+07,9.42249237e+06,1.85925575e+08,1.52225784e+35,
spectrum,dg_1d,1.00000000e+07,9.42249237e+06,2.25489552e+08,7.92305089e+34,
spectrum,dg_1d,1.00000000e+07,9.42249237e+06,2.73472532e+08,4.10183402e+34,
spectrum,dg_1d,1.00000000e+07,9.42249237e+06,3.31666037e+08,2.10847303e+34,
spectrum,dg_1d,1.00000000e+07,9.42249237e+06,4.02242810e+08,1.07338075e+34,
spectrum,dg_1d,1.00000000e+07,9.42249237e+06,4.87837947e+08,5.39145432e+33,
spectrum,dg_1d,1.00000000e+07,9.42249237e+06,5.91647274e+08,2.65660525e+33,
spectrum,dg_1d,1.00000000e+07,9.42249237e+06,7.17546676e+08,1.27220168e+33,
spectrum,dg_1d,1.00000000e+07,9.42249237e+06,8.70236803e+08,5.82361544e+32,
spectrum,dg_1d,1.00000000e+07,9.42249237e+06,1.05541858e+09,2.46422861e+32,
spectrum,dg_1d,1.00000000e+07,9.42249237e+06,1.28000606e+09,9.63781008e+31,
spectrum,dg_1d,1.00000000e+07,9.42249237e+06,1.55238456e+09,3.57558323e+31,
spectrum,dg_1d,1.00000000e+07,9.42249237e+06,1.88272375e+09,1.24603125e+31,
spectrum,dg_1d,1.00000000e+07,9.42249237e+06,2.28335738e+09,4.03086982e+30,
spectrum,dg_1d,1.00000000e+07,9.42249237e+06,2.76924373e+09,1.19336431e+30,
spectrum,dg_1d,1.00000000e+07,9.42249237e+06,3.35852410e+09,3.17818668e+29,
spectrum,dg_1d,1.00000000e+07,9.42249237e+06,4.07320022e+09,7.45717965e+28,
spectrum,dg_1d,1.00000000e+07,9.42249237e+06,4.93995562e+09,1.50314726e+28,
spectrum,dg_1d,1.00000000e+07,9.42249237e+06,5.99115198e+09,2.52448276e+27,
spectrum,dg_1d,1.00000000e+07,9.42249237e+06,7.26603734e+09,3.40379210e+26,
spectrum,dg_1d,1.00000000e+07,9.42249237e+06,8.81221155e+09,3.52208170e+25,
spectrum,dg_1d,1.00000000e+07,9.42249237e+06,1.06874034e+10,2.64798030e+24,
spectrum,dg_1d,1.00000000e+07,9.42249237e+06,1.29616262e+10,1.35347126e+23,
spectrum,dg_1d,1.00000000e+07,9.42249237e+06,1.57197915e+10,4.33869277e+21,
spectrum,dg_1d,1.00000000e+07,9.42249237e+06,1.90648798e+10,7.90861171e+19,
spectrum,dg_1d,1.00000000e+07,9.42249237e+06,2.31217851e+10,7.27779594e+17,
spectrum,dg_1d,1.00000000e+07,9.42249237e+06,2.80419783e+10,2.94344625e+15,
spectrum,dg_1d,1.00000000e+07,9.42249237e+06,3.40091625e+10,0.00000000e+00,
ratio,dg_1d/fullhide_1d,1.00000000e+03,1.07221816e+03,3.00000000e+00,,0.00000000e+00
ratio,dg_1d/fullhide_1d,1.00000000e+03,1.07221816e+03,3.63838409e+00,,1.18595044e-04
ratio,dg_1d/fullhide_1d,1.00000000e+03,1.07221816e+03,4.41261293e+00,,0.00000000e+00
ratio,dg_1d/fullhide_1d,1.00000000e+03,1.07221816e+03,5.35159355e+00,,1.82333990e-06
ratio,dg_1d/fullhide_1d,1.00000000e+03,1.07221816e+03,6.49038428e+00,,2.58824941e-05
ratio,dg_1d/fullhide_1d,1.00000000e+03,1.07221816e+03,7.87150363e+00,,0.00000000e+00
ratio,dg_1d/fullhide_1d,1.00000000e+03,1.07221816e+03,9.54651785e+00,,3.05558343e-04
ratio,dg_1d/fullhide_1d,1.00000000e+03,1.07221816e+03,1.15779662e+01,,0.00000000e+00
ratio,dg_1d/fullhide_1d,1.00000000e+03,1.07221816e+03,1.40416960e+01,,0.00000000e+00
ratio,dg_1d/fullhide_1d,1.00000000e+03,1.07221816e+03,1.70296945e+01,,2.27969681e-04
ratio,dg_1d/fullhide_1d,1.00000000e+03,1.07221816e+03,2.06535231e+01,,0.00000000e+00
ratio,dg_1d/fullhide_1d,1.00000000e+03,1.07221816e+03,2.50484833e+01,,4.56232561e-04
ratio,dg_1d/fullhide_1d,1.00000000e+03,1.07221816e+03,3.03786677e+01,,6.49855604e-04
ratio,dg_1d/fullhide_1d,1.00000000e+03,1.07221816e+03,3.68430870e+01,,2.13231942e-03
ratio,dg_1d/fullhide_1d,1.00000000e+03,1.07221816e+03,4.46831005e+01,,1.08250360e-02
ratio,dg_1d/fullhide_1d,1.00000000e+03,1.07221816e+03,5.41914274e+01,,9.55403447e-03
ratio,dg_1d/fullhide_1d,1.00000000e+03,1.07221816e+03,6.57230757e+01,,2.05049358e-02
ratio,dg_1d/fullhide_1d,1.00000000e+03,1.07221816e+03,7.97085976e+01,,2.49855524e-02
ratio,dg_1d/fullhide_1d,1.00000000e+03,1.07221816e+03,9.66701644e+01,,2.08961650e-02
ratio,dg_1d/fullhide_1d,1.00000000e+03,1.07221816e+03,1.17241063e+02,,2.03075095e-02
ratio,dg_1d/fullhide_1d,1.00000000e+03,1.07221816e+03,1.42189339e+02,,1.82281551e-02
ratio,dg_1d/fullhide_1d,1.00000000e+03,1.07221816e+03,1.72446476e+02,,9.00840815e-02
ratio,dg_1d/fullhide_1d,1.00000000e+03,1.07221816e+03,2.09142172e+02,,0.00000000e+00
ratio,dg_1d/fullhide_1d,1.00000000e+03,1.07221816e+03,2.53646517e+02,,1.72554713e-02
ratio,dg_1d/fullhide_1d,1.00000000e+03,1.07221816e+03,3.07621150e+02,,2.95994857e-02
ratio,dg_1d/fullhide_1d,1.00000000e+03,1.07221816e+03,3.73081299e+02,,0.00000000e+00
ratio,dg_1d/fullhide_1d,1.00000000e+03,1.07221816e+03,4.52471021e+02,,5.71577051e-02
ratio,dg_1d/fullhide_1d,1.00000000e+03,1.07221816e+03,5.48754454e+02,,5.97518320e-02
ratio,dg_1d/fullhide_1d,1.00000000e+03,1.07221816e+03,6.65526492e+02,,3.11682441e-01
ratio,dg_1d/fullhide_1d,1.00000000e+03,1.07221816e+03,8.07146999e+02,,0.00000000e+00
ratio,dg_1d/fullhide_1d,1.00000000e+03,1.07221816e+03,9.78903599e+02,,1.75218134e-01
ratio,dg_1d/fullhide_1d,1.00000000e+03,1.07221816e+03,1.18720909e+03,,1.87983680e-01
ratio,dg_1d/fullhide_1d,1.00000000e+03,1.07221816e+03,1.43984089e+03,,2.03682045e-01
ratio,dg_1d/fullhide_1d,1.00000000e+03,1.07221816e+03,1.74623140e+03,,4.08579366e-01
ratio,dg_1d/fullhide_1d,1.00000000e+03,1.07221816e+03,2.11782018e+03,,3.91272257e-01
ratio,dg_1d/fullhide_1d,1.00000000e+03,1.07221816e+03,2.56848108e+03,,7.91496009e-01
ratio,dg_1d/fullhide_1d,1.00000000e+03,1.07221816e+03,3.11504023e+03,,1.09823925e-01
ratio,dg_1d/fullhide_1d,1.00000000e+03,1.07221816e+03,3.77790427e+03,,5.27989702e-01
ratio,dg_1d/fullhide_1d,1.00000000e+03,1.07221816e+03,4.58182226e+03,,3.23061079e-01
ratio,dg_1d/fullhide_1d,1.00000000e+03,1.07221816e+03,5.55680973e+03,,2.70558217e-01
ratio,dg_1d/fullhide_1d,1.00000000e+03,1.07221816e+03,6.73926937e+03,,2.62287375e-01
ratio,dg_1d/fullhide_1d,1.00000000e+03,1.07221816e+03,8.17335015e+03,,3.36946798e-01
ratio,dg_1d/fullhide_1d,1.00000000e+03,1.07221816e+03,9.91259571e+03,,1.64371049e+00
ratio,dg_1d/fullhide_1d,1.00000000e+03,1.07221816e+03,1.20219435e+04,,1.24388048e+00
ratio,dg_1d/fullhide_1d,1.00000000e+03,1.07221816e+03,1.45801493e+04,,1.04474957e+00
ratio,dg_1d/fullhide_1d,1.00000000e+03,1.07221816e+03,1.76827278e+04,,9.79044002e-01
ratio,dg_1d/fullhide_1d,1.00000000e+03,1.07221816e+03,2.14455184e+04,,9.55042249e-01
ratio,dg_1d/fullhide_1d,1.00000000e+03,1.07221816e+03,2.60090110e+04,,9.46898644e-01
ratio,dg_1d/fullhide_1d,1.00000000e+03,1.07221816e+03,3.15435906e+04,,9.42217482e-01
ratio,dg_1d/fullhide_1d,1.00000000e+03,1.07221816e+03,3.82558994e+04,,9.37430603e-01
ratio,dg_1d/fullhide_1d,1.00000000e+03,1.07221816e+03,4.63965519e+04,,9.32062238e-01
ratio,dg_1d/fullhide_1d,1.00000000e+03,1.07221816e+03,5.62694921e+04,,9.26158160e-01
ratio,dg_1d/fullhide_1d,1.00000000e+03,1.07221816e+03,6.82433415e+04,,9.19774031e-01
ratio,dg_1d/fullhide_1d,1.00000000e+03,1.07221816e+03,8.27651627e+04,,9.13010008e-01
ratio,dg_1d/fullhide_1d,1.00000000e+03,1.07221816e+03,1.00377150e+05,,9.05977297e-01
ratio,dg_1d/fullhide_1d,1.00000000e+03,1.07221816e+03,1.21736876e+05,,8.98816321e-01
ratio,dg_1d/fullhide_1d,1.00000000e+03,1.07221816e+03,1.47641837e+05,,8.91683007e-01
ratio,dg_1d/fullhide_1d,1.00000000e+03,1.07221816e+03,1.79059237e+05,,8.84738347e-01
ratio,dg_1d/fullhide_1d,1.00000000e+03,1.07221816e+03,2.17162093e+05,,8.78137501e-01
ratio,dg_1d/fullhide_1d,1.00000000e+03,1.07221816e+03,2.63373034e+05,,8.72018741e-01
ratio,dg_1d/fullhide_1d,1.00000000e+03,1.07221816e+03,3.19417419e+05,,8.66500286e-01
ratio,dg_1d/fullhide_1d,1.00000000e+03,1.07221816e+03,3.87387752e+05,,8.61659433e-01
ratio,dg_1d/fullhide_1d,1.00000000e+03,1.07221816e+03,4.69821811e+05,,8.57556759e-01
ratio,dg_1d/fullhide_1d,1.00000000e+03,1.07221816e+03,5.69797400e+05,,8.54195319e-01
ratio,dg_1d/fullhide_1d,1.00000000e+03,1.07221816e+03,6.91047265e+05,,8.51435023e-01
ratio,dg_1d/fullhide_1d,1.00000000e+03,1.07221816e+03,8.38098457e+05,,8.49150280e-01
ratio,dg_1d/fullhide_1d,1.00000000e+03,1.07221816e+03,1.01644136e+06,,8.47268475e-01
ratio,dg_1d/fullhide_1d,1.00000000e+03,1.07221816e+03,1.23273470e+06,,8.45672011e-01
ratio,dg_1d/fullhide_1d,1.00000000e+03,1.07221816e+03,1.49505410e+06,,8.44247100e-01
ratio,dg_1d/fullhide_1d,1.00000000e+03,1.07221816e+03,1.81319368e+06,,8.42998893e-01
ratio,dg_1d/fullhide_1d,1.00000000e+03,1.07221816e+03,2.19903168e+06,,8.42025755e-01
ratio,dg_1d/fullhide_1d,1.00000000e+03,1.07221816e+03,2.66697396e+06,,8.41405848e-01
ratio,dg_1d/fullhide_1d,1.00000000e+03,1.07221816e+03,3.23449187e+06,,8.41153965e-01
ratio,dg_1d/fullhide_1d,1.00000000e+03,1.07221816e+03,3.92277459e+06,,8.41251156e-01
ratio,dg_1d/fullhide_1d,1.00000000e+03,1.07221816e+03,4.75752022e+06,,8.41673385e-01
ratio,dg_1d/fullhide_1d,1.00000000e+03,1.07221816e+03,5.76989529e+06,,8.42399339e-01
ratio,dg_1d/fullhide_1d,1.00000000e+03,1.07221816e+03,6.99769840e+06,,8.43409416e-01
ratio,dg_1d/fullhide_1d,1.00000000e+03,1.07221816e+03,8.48677151e+06,,8.44682796e-01
ratio,dg_1d/fullhide_1d,1.00000000e+03,1.07221816e+03,1.02927115e+07,,8.46194051e-01
ratio,dg_1d/fullhide_1d,1.00000000e+03,1.07221816e+03,1.24829459e+07,,8.47909125e-01
ratio,dg_1d/fullhide_1d,1.00000000e+03,1.07221816e+03,1.51392506e+07,,8.49780282e-01
ratio,dg_1d/fullhide_1d,1.00000000e+03,1.07221816e+03,1.83608028e+07,,8.51739864e-01
ratio,dg_1d/fullhide_1d,1.00000000e+03,1.07221816e+03,2.22678842e+07,,8.53692445e-01
ratio,dg_1d/fullhide_1d,1.00000000e+03,1.07221816e+03,2.70063719e+07,,8.55504807e-01
ratio,dg_1d/fullhide_1d,1.00000000e+03,1.07221816e+03,3.27531846e+07,,8.56992950e-01
ratio,dg_1d/fullhide_1d,1.00000000e+03,1.07221816e+03,3.97228885e+07,,8.57904651e-01
ratio,dg_1d/fullhide_1d,1.00000000e+03,1.07221816e+03,4.81757085e+07,,8.57894844e-01
ratio,dg_1d/fullhide_1d,1.00000000e+03,1.07221816e+03,5.84272438e+07,,8.56488303e-01
ratio,dg_1d/fullhide_1d,1.00000000e+03,1.07221816e+03,7.08602514e+07,,8.53017996e-01
ratio,dg_1d/fullhide_1d,1.00000000e+03,1.07221816e+03,8.59389371e+07,,8.46513254e-01
ratio,dg_1d/fullhide_1d,1.00000000e+03,1.07221816e+03,1.04226287e+08,,8.35474920e-01
ratio,dg_1d/fullhide_1d,1.00000000e+03,1.07221816e+03,1.26405088e+08,,8.17358330e-01
ratio,dg_1d/fullhide_1d,1.00000000e+03,1.07221816e+03,1.53303421e+08,,7.87125616e-01
ratio,dg_1d/fullhide_1d,1.00000000e+03,1.07221816e+03,1.85925575e+08,,7.57875470e-01
ratio,dg_1d/fullhide_1d,1.00000000e+03,1.07221816e+03,2.25489552e+08,,7.40684938e-01
ratio,dg_1d/fullhide_1d,1.00000000e+03,1.07221816e+03,2.73472532e+08,,7.19254678e-01
ratio,dg_1d/fullhide_1d,1.00000000e+03,1.07221816e+03,3.31666037e+08,,6.94403125e-01
ratio,dg_1d/fullhide_1d,1.00000000e+03,1.07221816e+03,4.02242810e+08,,6.66006141e-01
ratio,dg_1d/fullhide_1d,1.00000000e+03,1.07221816e+03,4.87837947e+08,,6.34023488e-01
ratio,dg_1d/fullhide_1d,1.00000000e+03,1.07221816e+03,5.91647274e+08,,5.98506706e-01
ratio,dg_1d/fullhide_1d,1.00000000e+03,1.07221816e+03,7.17546676e+08,,5.59613406e-01
ratio,dg_1d/fullhide_1d,1.00000000e+03,1.07221816e+03,8.70236803e+08,,5.17630604e-01
ratio,dg_1d/fullhide_1d,1.00000000e+03,1.07221816e+03,1.05541858e+09,,4.73004558e-01
ratio,dg_1d/fullhide_1d,1.00000000e+03,1.07221816e+03,1.28000606e+09,,4.26369021e-01
ratio,dg_1d/fullhide_1d,1.00000000e+03,1.07221816e+03,1.55238456e+09,,3.78559410e-01
ratio,dg_1d/fullhide_1d,1.00000000e+03,1.07221816e+03,1.88272375e+09,,3.30598855e-01
ratio,dg_1d/fullhide_1d,1.00000000e+03,1.07221816e+03,2.28335738e+09,,2.83660928e-01
ratio,dg_1d/fullhide_1d,1.00000000e+03,1.07221816e+03,2.76924373e+09,,2.38896529e-01
ratio,dg_1d/fullhide_1d,1.00000000e+03,1.07221816e+03,3.35852410e+09,,1.98136437e-01
ratio,dg_1d/fullhide_1d,1.00000000e+03,1.07221816e+03,4.07320022e+09,,3.44126436e-01
ratio,dg_1d/fullhide_1d,1.00000000e+03,1.07221816e+03,4.93995562e+09,,5.39940228e+01
ratio,dg_1d/fullhide_1d,1.00000000e+03,1.07221816e+03,5.99115198e+09,,0.00000000e+00
ratio,dg_1d/fullhide_1d,1.00000000e+03,1.07221816e+03,7.26603734e+09,,0.00000000e+00
ratio,dg_1d/fullhide_1d,1.00000000e+03,1.07221816e+03,8.81221155e+09,,0.00000000e+00
ratio,dg_1d/fullhide_1d,1.00000000e+03,1.07221816e+03,1.06874034e+10,,0.00000000e+00
ratio,dg_1d/fullhide_1d,1.00000000e+03,1.07221816e+03,1.29616262e+10,,0.00000000e+00
ratio,dg_1d/fullhide_1d,1.00000000e+03,1.07221816e+03,1.57197915e+10,,0.00000000e+00
ratio,dg_1d/fullhide_1d,1.00000000e+03,1.07221816e+03,1.90648798e+10,,1.93984697e+08
ratio,dg_1d/fullhide_1d,1.00000000e+03,1.07221816e+03,2.31217851e+10,,8.75893422e+18
ratio,dg_1d/fullhide_1d,1.00000000e+03,1.07221816e+03,2.80419783e+10,,0.00000000e+00
ratio,dg_1d/fullhide_1d,1.00000000e+03,1.07221816e+03,3.40091625e+10,,0.00000000e+00
ratio,dg_1d/fullhide_1d,1.00000000e+05,8.94667946e+04,3.00000000e+00,,5.73854344e-05
ratio,dg_1d/fullhide_1d,1.00000000e+05,8.94667946e+04,3.63838409e+00,,0.00000000e+00
ratio,dg_1d/fullhide_1d,1.00000000e+05,8.94667946e+04,4.41261293e+00,,0.00000000e+00
ratio,dg_1d/fullhide_1d,1.00000000e+05,8.94667946e+04,5.35159355e+00,,2.01521946e-04
ratio,dg_1d/fullhide_1d,1.00000000e+05,8.94667946e+04,6.49038428e+00,,0.00000000e+00
ratio,dg_1d/fullhide_1d,1.00000000e+05,8.94667946e+04,7.87150363e+00,,0.00000000e+00
ratio,dg_1d/fullhide_1d,1.00000000e+05,8.94667946e+04,9.54651785e+00,,0.00000000e+00
ratio,dg_1d/fullhide_1d,1.00000000e+05,8.94667946e+04,1.15779662e+01,,1.38293852e-03
ratio,dg_1d/fullhide_1d,1.00000000e+05,8.94667946e+04,1.40416960e+01,,2.67098768e-03
ratio,dg_1d/fullhide_1d,1.00000000e+05,8.94667946e+04,1.70296945e+01,,3.69820191e-03
ratio,dg_1d/fullhide_1d,1.00000000e+05,8.94667946e+04,2.06535231e+01,,6.25205832e-03
ratio,dg_1d/fullhide_1d,1.00000000e+05,8.94667946e+04,2.50484833e+01,,1.76607026e-03
ratio,dg_1d/fullhide_1d,1.00000000e+05,8.94667946e+04,3.03786677e+01,,1.13542379e-02
ratio,dg_1d/fullhide_1d,1.00000000e+05,8.94667946e+04,3.68430870e+01,,1.99183181e-02
ratio,dg_1d/fullhide_1d,1.00000000e+05,8.94667946e+04,4.46831005e+01,,0.00000000e+00
ratio,dg_1d/fullhide_1d,1.00000000e+05,8.94667946e+04,5.41914274e+01,,0.00000000e+00
ratio,dg_1d/fullhide_1d,1.00000000e+05,8.94667946e+04,6.57230757e+01,,4.95617015e-01
ratio,dg_1d/fullhide_1d,1.00000000e+05,8.94667946e+04,7.97085976e+01,,3.35373821e-01
ratio,dg_1d/fullhide_1d,1.00000000e+05,8.94667946e+04,9.66701644e+01,,0.00000000e+00
ratio,dg_1d/fullhide_1d,1.00000000e+05,8.94667946e+04,1.17241063e+02,,1.24848574e-02
ratio,dg_1d/fullhide_1d,1.00000000e+05,8.94667946e+04,1.42189339e+02,,2.81976205e-01
ratio,dg_1d/fullhide_1d,1.00000000e+05,8.94667946e+04,1.72446476e+02,,0.00000000e+00
ratio,dg_1d/fullhide_1d,1.00000000e+05,8.94667946e+04,2.09142172e+02,,0.00000000e+00
ratio,dg_1d/fullhide_1d,1.00000000e+05,8.94667946e+04,2.53646517e+02,,4.58756802e-01
ratio,dg_1d/fullhide_1d,1.00000000e+05,8.94667946e+04,3.07621150e+02,,6.06446041e-01
ratio,dg_1d/fullhide_1d,1.00000000e+05,8.94667946e+04,3.73081299e+02,,0.00000000e+00
ratio,dg_1d/fullhide_1d,1.00000000e+05,8.94667946e+04,4.52471021e+02,,0.00000000e+00
ratio,dg_1d/fullhide_1d,1.00000000e+05,8.94667946e+04,5.48754454e+02,,1.92195041e+00
ratio,dg_1d/fullhide_1d,1.00000000e+05,8.94667946e+04,6.65526492e+02,,6.36017996e-01
ratio,dg_1d/fullhide_1d,1.00000000e+05,8.94667946e+04,8.07146999e+02,,0.00000000e+00
ratio,dg_1d/fullhide_1d,1.00000000e+05,8.94667946e+04,9.78903599e+02,,0.00000000e+00
ratio,dg_1d/fullhide_1d,1.00000000e+05,8.94667946e+04,1.18720909e+03,,0.00000000e+00
ratio,dg_1d/fullhide_1d,1.00000000e+05,8.94667946e+04,1.43984089e+03,,1.07809691e+00
ratio,dg_1d/fullhide_1d,1.00000000e+05,8.94667946e+04,1.74623140e+03,,1.16741120e+00
ratio,dg_1d/fullhide_1d,1.00000000e+05,8.94667946e+04,2.11782018e+03,,1.15829910e+00
ratio,dg_1d/fullhide_1d,1.00000000e+05,8.94667946e+04,2.56848108e+03,,1.12163391e+00
ratio,dg_1d/fullhide_1d,1.00000000e+05,8.94667946e+04,3.11504023e+03,,1.08191211e+00
ratio,dg_1d/fullhide_1d,1.00000000e+05,8.94667946e+04,3.77790427e+03,,1.02674097e+00
ratio,dg_1d/fullhide_1d,1.00000000e+05,8.94667946e+04,4.58182226e+03,,9.88346732e-01
ratio,dg_1d/fullhide_1d,1.00000000e+05,8.94667946e+04,5.55680973e+03,,9.66815268e-01
ratio,dg_1d/fullhide_1d,1.00000000e+05,8.94667946e+04,6.73926937e+03,,9.55490326e-01
ratio,dg_1d/fullhide_1d,1.00000000e+05,8.94667946e+04,8.17335015e+03,,9.49736675e-01
ratio,dg_1d/fullhide_1d,1.00000000e+05,8.94667946e+04,9.91259571e+03,,9.46888515e-01
ratio,dg_1d/fullhide_1d,1.00000000e+05,8.94667946e+04,1.20219435e+04,,9.45219781e-01
ratio,dg_1d/fullhide_1d,1.00000000e+05,8.94667946e+04,1.45801493e+04,,9.44107732e-01
ratio,dg_1d/fullhide_1d,1.00000000e+05,8.94667946e+04,1.76827278e+04,,9.42583470e-01
ratio,dg_1d/fullhide_1d,1.00000000e+05,8.94667946e+04,2.14455184e+04,,9.40815428e-01
ratio,dg_1d/fullhide_1d,1.00000000e+05,8.94667946e+04,2.60090110e+04,,9.38840868e-01
ratio,dg_1d/fullhide_1d,1.00000000e+05,8.94667946e+04,3.15435906e+04,,9.36389032e-01
ratio,dg_1d/fullhide_1d,1.00000000e+05,8.94667946e+04,3.82558994e+04,,9.33212836e-01
ratio,dg_1d/fullhide_1d,1.00000000e+05,8.94667946e+04,4.63965519e+04,,9.29977316e-01
ratio,dg_1d/fullhide_1d,1.00000000e+05,8.94667946e+04,5.62694921e+04,,9.26129577e-01
ratio,dg_1d/fullhide_1d,1.00000000e+05,8.94667946e+04,6.82433415e+04,,9.21800294e-01
ratio,dg_1d/fullhide_1d,1.00000000e+05,8.94667946e+04,8.27651627e+04,,9.16901198e-01
ratio,dg_1d/fullhide_1d,1.00000000e+05,8.94667946e+04,1.00377150e+05,,9.11486375e-01
ratio,dg_1d/fullhide_1d,1.00000000e+05,8.94667946e+04,1.21736876e+05,,9.05650589e-01
ratio,dg_1d/fullhide_1d,1.00000000e+05,8.94667946e+04,1.47641837e+05,,8.99395609e-01
ratio,dg_1d/fullhide_1d,1.00000000e+05,8.94667946e+04,1.79059237e+05,,8.92716957e-01
ratio,dg_1d/fullhide_1d,1.00000000e+05,8.94667946e+04,2.17162093e+05,,8.85567521e-01
ratio,dg_1d/fullhide_1d,1.00000000e+05,8.94667946e+04,2.63373034e+05,,8.78185016e-01
ratio,dg_1d/fullhide_1d,1.00000000e+05,8.94667946e+04,3.19417419e+05,,8.71065628e-01
ratio,dg_1d/fullhide_1d,1.00000000e+05,8.94667946e+04,3.87387752e+05,,8.64268023e-01
ratio,dg_1d/fullhide_1d,1.00000000e+05,8.94667946e+04,4.69821811e+05,,8.57761864e-01
ratio,dg_1d/fullhide_1d,1.00000000e+05,8.94667946e+04,5.69797400e+05,,8.51622229e-01
ratio,dg_1d/fullhide_1d,1.00000000e+05,8.94667946e+04,6.91047265e+05,,8.45936048e-01
ratio,dg_1d/fullhide_1d,1.00000000e+05,8.94667946e+04,8.38098457e+05,,8.40749603e-01
ratio,dg_1d/fullhide_1d,1.00000000e+05,8.94667946e+04,1.01644136e+06,,8.36124326e-01
ratio,dg_1d/fullhide_1d,1.00000000e+05,8.94667946e+04,1.23273470e+06,,8.32071152e-01
ratio,dg_1d/fullhide_1d,1.00000000e+05,8.94667946e+04,1.49505410e+06,,8.28523830e-01
ratio,dg_1d/fullhide_1d,1.00000000e+05,8.94667946e+04,1.81319368e+06,,8.25547454e-01
ratio,dg_1d/fullhide_1d,1.00000000e+05,8.94667946e+04,2.19903168e+06,,8.23228424e-01
ratio,dg_1d/fullhide_1d,1.00000000e+05,8.94667946e+04,2.66697396e+06,,8.21443128e-01
ratio,dg_1d/fullhide_1d,1.00000000e+05,8.94667946e+04,3.23449187e+06,,8.19968136e-01
ratio,dg_1d/fullhide_1d,1.00000000e+05,8.94667946e+04,3.92277459e+06,,8.18718844e-01
ratio,dg_1d/fullhide_1d,1.00000000e+05,8.94667946e+04,4.75752022e+06,,8.17754237e-01
ratio,dg_1d/fullhide_1d,1.00000000e+05,8.94667946e+04,5.76989529e+06,,8.17135385e-01
ratio,dg_1d/fullhide_1d,1.00000000e+05,8.94667946e+04,6.99769840e+06,,8.16867117e-01
ratio,dg_1d/fullhide_1d,1.00000000e+05,8.94667946e+04,8.48677151e+06,,8.16926443e-01
ratio,dg_1d/fullhide_1d,1.00000000e+05,8.94667946e+04,1.02927115e+07,,8.17289717e-01
ratio,dg_1d/fullhide_1d,1.00000000e+05,8.94667946e+04,1.24829459e+07,,8.17938111e-01
ratio,dg_1d/fullhide_1d,1.00000000e+05,8.94667946e+04,1.51392506e+07,,8.18855519e-01
ratio,dg_1d/fullhide_1d,1.00000000e+05,8.94667946e+04,1.83608028e+07,,8.20025751e-01
ratio,dg_1d/fullhide_1d,1.00000000e+05,8.94667946e+04,2.22678842e+07,,8.21429565e-01
ratio,dg_1d/fullhide_1d,1.00000000e+05,8.94667946e+04,2.70063719e+07,,8.23041156e-01
ratio,dg_1d/fullhide_1d,1.00000000e+05,8.94667946e+04,3.27531846e+07,,8.24823898e-01
ratio,dg_1d/fullhide_1d,1.00000000e+05,8.94667946e+04,3.97228885e+07,,8.26725067e-01
ratio,dg_1d/fullhide_1d,1.00000000e+05,8.94667946e+04,4.81757085e+07,,8.28669106e-01
ratio,dg_1d/fullhide_1d,1.00000000e+05,8.94667946e+04,5.84272438e+07,,8.30549201e-01
ratio,dg_1d/fullhide_1d,1.00000000e+05,8.94667946e+04,7.08602514e+07,,8.32216453e-01
ratio,dg_1d/fullhide_1d,1.00000000e+05,8.94667946e+04,8.59389371e+07,,8.33465450e-01
ratio,dg_1d/fullhide_1d,1.00000000e+05,8.94667946e+04,1.04226287e+08,,8.34014638e-01
ratio,dg_1d/fullhide_1d,1.00000000e+05,8.94667946e+04,1.26405088e+08,,8.33477707e-01
ratio,dg_1d/fullhide_1d,1.00000000e+05,8.94667946e+04,1.53303421e+08,,8.31318304e-01
ratio,dg_1d/fullhide_1d,1.00000000e+05,8.94667946e+04,1.85925575e+08,,8.26772274e-01
ratio,dg_1d/fullhide_1d,1.00000000e+05,8.94667946e+04,2.25489552e+08,,8.18700294e-01
ratio,dg_1d/fullhide_1d,1.00000000e+05,8.94667946e+04,2.73472532e+08,,8.05275361e-01
ratio,dg_1d/fullhide_1d,1.00000000e+05,8.94667946e+04,3.31666037e+08,,7.83206136e-01
ratio,dg_1d/fullhide_1d,1.00000000e+05,8.94667946e+04,4.02242810e+08,,7.47038661e-01
ratio,dg_1d/fullhide_1d,1.00000000e+05,8.94667946e+04,4.87837947e+08,,7.29923340e-01
ratio,dg_1d/fullhide_1d,1.00000000e+05,8.94667946e+04,5.91647274e+08,,7.11014229e-01
ratio,dg_1d/fullhide_1d,1.00000000e+05,8.94667946e+04,7.17546676e+08,,6.88690374e-01
ratio,dg_1d/fullhide_1d,1.00000000e+05,8.94667946e+04,8.70236803e+08,,6.62973019e-01
ratio,dg_1d/fullhide_1d,1.00000000e+05,8.94667946e+04,1.05541858e+09,,6.33779350e-01
ratio,dg_1d/fullhide_1d,1.00000000e+05,8.94667946e+04,1.28000606e+09,,6.01111085e-01
ratio,dg_1d/fullhide_1d,1.00000000e+05,8.94667946e+04,1.55238456e+09,,5.65064058e-01
ratio,dg_1d/fullhide_1d,1.00000000e+05,8.94667946e+04,1.88272375e+09,,5.25845917e-01
ratio,dg_1d/fullhide_1d,1.00000000e+05,8.94667946e+04,2.28335738e+09,,4.83802319e-01
ratio,dg_1d/fullhide_1d,1.00000000e+05,8.94667946e+04,2.76924373e+09,,4.39446617e-01
ratio,dg_1d/fullhide_1d,1.00000000e+05,8.94667946e+04,3.35852410e+09,,3.93482945e-01
ratio,dg_1d/fullhide_1d,1.00000000e+05,8.94667946e+04,4.07320022e+09,,3.46809210e-01
ratio,dg_1d/fullhide_1d,1.00000000e+05,8.94667946e+04,4.93995562e+09,,3.00486726e-01
ratio,dg_1d/fullhide_1d,1.00000000e+05,8.94667946e+04,5.99115198e+09,,2.55669501e-01
ratio,dg_1d/fullhide_1d,1.00000000e+05,8.94667946e+04,7.26603734e+09,,2.13592577e-01
ratio,dg_1d/fullhide_1d,1.00000000e+05,8.94667946e+04,8.81221155e+09,,1.74995801e-01
ratio,dg_1d/fullhide_1d,1.00000000e+05,8.94667946e+04,1.06874034e+10,,1.39480946e-01
ratio,dg_1d/fullhide_1d,1.00000000e+05,8.94667946e+04,1.29616262e+10,,0.00000000e+00
ratio,dg_1d/fullhide_1d,1.00000000e+05,8.94667946e+04,1.57197915e+10,,0.00000000e+00
ratio,dg_1d/fullhide_1d,1.00000000e+05,8.94667946e+04,1.90648798e+10,,7.56771244e-02
ratio,dg_1d/fullhide_1d,1.00000000e+05,8.94667946e+04,2.31217851e+10,,0.00000000e+00
ratio,dg_1d/fullhide_1d,1.00000000e+05,8.94667946e+04,2.80419783e+10,,0.00000000e+00
ratio,dg_1d/fullhide_1d,1.00000000e+05,8.94667946e+04,3.40091625e+10,,0.00000000e+00
ratio,dg_1d/fullhide_1d,1.00000000e+07,9.42249237e+06,3.00000000e+00,,1.96239854e-04
ratio,dg_1d/fullhide_1d,1.00000000e+07,9.42249237e+06,3.63838409e+00,,4.78176744e-04
ratio,dg_1d/fullhide_1d,1.00000000e+07,9.42249237e+06,4.41261293e+00,,9.96614984e-04
ratio,dg_1d/fullhide_1d,1.00000000e+07,9.42249237e+06,5.35159355e+00,,1.67503641e-03
ratio,dg_1d/fullhide_1d,1.00000000e+07,9.42249237e+06,6.49038428e+00,,2.17909877e-03
ratio,dg_1d/fullhide_1d,1.00000000e+07,9.42249237e+06,7.87150363e+00,,1.93057806e-03
ratio,dg_1d/fullhide_1d,1.00000000e+07,9.42249237e+06,9.54651785e+00,,1.72627797e-03
ratio,dg_1d/fullhide_1d,1.00000000e+07,9.42249237e+06,1.15779662e+01,,3.25022538e-03
ratio,dg_1d/fullhide_1d,1.00000000e+07,9.42249237e+06,1.40416960e+01,,1.16684537e-03
ratio,dg_1d/fullhide_1d,1.00000000e+07,9.42249237e+06,1.70296945e+01,,0.00000000e+00
ratio,dg_1d/fullhide_1d,1.00000000e+07,9.42249237e+06,2.06535231e+01,,4.63462650e-03
ratio,dg_1d/fullhide_1d,1.00000000e+07,9.42249237e+06,2.50484833e+01,,0.00000000e+00
ratio,dg_1d/fullhide_1d,1.00000000e+07,9.42249237e+06,3.03786677e+01,,0.00000000e+00
ratio,dg_1d/fullhide_1d,1.00000000e+07,9.42249237e+06,3.68430870e+01,,1.35419797e-02
ratio,dg_1d/fullhide_1d,1.00000000e+07,9.42249237e+06,4.46831005e+01,,0.00000000e+00
ratio,dg_1d/fullhide_1d,1.00000000e+07,9.42249237e+06,5.41914274e+01,,0.00000000e+00
ratio,dg_1d/fullhide_1d,1.00000000e+07,9.42249237e+06,6.57230757e+01,,2.78661946e-02
ratio,dg_1d/fullhide_1d,1.00000000e+07,9.42249237e+06,7.97085976e+01,,0.00000000e+00
ratio,dg_1d/fullhide_1d,1.00000000e+07,9.42249237e+06,9.66701644e+01,,9.97264699e-01
ratio,dg_1d/fullhide_1d,1.00000000e+07,9.42249237e+06,1.17241063e+02,,1.06088626e+00
ratio,dg_1d/fullhide_1d,1.00000000e+07,9.42249237e+06,1.42189339e+02,,1.06672270e+00
ratio,dg_1d/fullhide_1d,1.00000000e+07,9.42249237e+06,1.72446476e+02,,1.08708664e+00
ratio,dg_1d/fullhide_1d,1.00000000e+07,9.42249237e+06,2.09142172e+02,,1.07706030e+00
ratio,dg_1d/fullhide_1d,1.00000000e+07,9.42249237e+06,2.53646517e+02,,1.07131117e+00
ratio,dg_1d/fullhide_1d,1.00000000e+07,9.42249237e+06,3.07621150e+02,,1.06387447e+00
ratio,dg_1d/fullhide_1d,1.00000000e+07,9.42249237e+06,3.73081299e+02,,1.05149573e+00
ratio,dg_1d/fullhide_1d,1.00000000e+07,9.42249237e+06,4.52471021e+02,,1.03456219e+00
ratio,dg_1d/fullhide_1d,1.00000000e+07,9.42249237e+06,5.48754454e+02,,1.02425187e+00
ratio,dg_1d/fullhide_1d,1.00000000e+07,9.42249237e+06,6.65526492e+02,,1.00657004e+00
ratio,dg_1d/fullhide_1d,1.00000000e+07,9.42249237e+06,8.07146999e+02,,9.93378195e-01
ratio,dg_1d/fullhide_1d,1.00000000e+07,9.42249237e+06,9.78903599e+02,,9.79192125e-01
ratio,dg_1d/fullhide_1d,1.00000000e+07,9.42249237e+06,1.18720909e+03,,9.68058790e-01
ratio,dg_1d/fullhide_1d,1.00000000e+07,9.42249237e+06,1.43984089e+03,,9.58417774e-01
ratio,dg_1d/fullhide_1d,1.00000000e+07,9.42249237e+06,1.74623140e+03,,9.54396192e-01
ratio,dg_1d/fullhide_1d,1.00000000e+07,9.42249237e+06,2.11782018e+03,,9.49983406e-01
ratio,dg_1d/fullhide_1d,1.00000000e+07,9.42249237e+06,2.56848108e+03,,9.47277115e-01
ratio,dg_1d/fullhide_1d,1.00000000e+07,9.42249237e+06,3.11504023e+03,,9.46775667e-01
ratio,dg_1d/fullhide_1d,1.00000000e+07,9.42249237e+06,3.77790427e+03,,9.46742087e-01
ratio,dg_1d/fullhide_1d,1.00000000e+07,9.42249237e+06,4.58182226e+03,,9.45517142e-01
ratio,dg_1d/fullhide_1d,1.00000000e+07,9.42249237e+06,5.55680973e+03,,9.45915009e-01
ratio,dg_1d/fullhide_1d,1.00000000e+07,9.42249237e+06,6.73926937e+03,,9.44737244e-01
ratio,dg_1d/fullhide_1d,1.00000000e+07,9.42249237e+06,8.17335015e+03,,9.45160163e-01
ratio,dg_1d/fullhide_1d,1.00000000e+07,9.42249237e+06,9.91259571e+03,,9.43188111e-01
ratio,dg_1d/fullhide_1d,1.00000000e+07,9.42249237e+06,1.20219435e+04,,9.44245833e-01
ratio,dg_1d/fullhide_1d,1.00000000e+07,9.42249237e+06,1.45801493e+04,,9.42696732e-01
ratio,dg_1d/fullhide_1d,1.00000000e+07,9.42249237e+06,1.76827278e+04,,9.41807082e-01
ratio,dg_1d/fullhide_1d,1.00000000e+07,9.42249237e+06,2.14455184e+04,,9.40633018e-01
ratio,dg_1d/fullhide_1d,1.00000000e+07,9.42249237e+06,2.60090110e+04,,9.39390264e-01
ratio,dg_1d/fullhide_1d,1.00000000e+07,9.42249237e+06,3.15435906e+04,,9.37785830e-01
ratio,dg_1d/fullhide_1d,1.00000000e+07,9.42249237e+06,3.82558994e+04,,9.36035586e-01
ratio,dg_1d/fullhide_1d,1.00000000e+07,9.42249237e+06,4.63965519e+04,,9.33866782e-01
ratio,dg_1d/fullhide_1d,1.00000000e+07,9.42249237e+06,5.62694921e+04,,9.31559577e-01
ratio,dg_1d/fullhide_1d,1.00000000e+07,9.42249237e+06,6.82433415e+04,,9.28858840e-01
ratio,dg_1d/fullhide_1d,1.00000000e+07,9.42249237e+06,8.27651627e+04,,9.25542315e-01
ratio,dg_1d/fullhide_1d,1.00000000e+07,9.42249237e+06,1.00377150e+05,,9.21875052e-01
ratio,dg_1d/fullhide_1d,1.00000000e+07,9.42249237e+06,1.21736876e+05,,9.17828322e-01
ratio,dg_1d/fullhide_1d,1.00000000e+07,9.42249237e+06,1.47641837e+05,,9.13301196e-01
ratio,dg_1d/fullhide_1d,1.00000000e+07,9.42249237e+06,1.79059237e+05,,9.08238253e-01
ratio,dg_1d/fullhide_1d,1.00000000e+07,9.42249237e+06,2.17162093e+05,,9.02757450e-01
ratio,dg_1d/fullhide_1d,1.00000000e+07,9.42249237e+06,2.63373034e+05,,8.96909131e-01
ratio,dg_1d/fullhide_1d,1.00000000e+07,9.42249237e+06,3.19417419e+05,,8.90983955e-01
ratio,dg_1d/fullhide_1d,1.00000000e+07,9.42249237e+06,3.87387752e+05,,8.84822613e-01
ratio,dg_1d/fullhide_1d,1.00000000e+07,9.42249237e+06,4.69821811e+05,,8.78697649e-01
ratio,dg_1d/fullhide_1d,1.00000000e+07,9.42249237e+06,5.69797400e+05,,8.72391540e-01
ratio,dg_1d/fullhide_1d,1.00000000e+07,9.42249237e+06,6.91047265e+05,,8.65994001e-01
ratio,dg_1d/fullhide_1d,1.00000000e+07,9.42249237e+06,8.38098457e+05,,8.60065698e-01
ratio,dg_1d/fullhide_1d,1.00000000e+07,9.42249237e+06,1.01644136e+06,,8.54864825e-01
ratio,dg_1d/fullhide_1d,1.00000000e+07,9.42249237e+06,1.23273470e+06,,8.50222374e-01
ratio,dg_1d/fullhide_1d,1.00000000e+07,9.42249237e+06,1.49505410e+06,,8.46085452e-01
ratio,dg_1d/fullhide_1d,1.00000000e+07,9.42249237e+06,1.81319368e+06,,8.42427240e-01
ratio,dg_1d/fullhide_1d,1.00000000e+07,9.42249237e+06,2.19903168e+06,,8.39281745e-01
ratio,dg_1d/fullhide_1d,1.00000000e+07,9.42249237e+06,2.66697396e+06,,8.36685150e-01
ratio,dg_1d/fullhide_1d,1.00000000e+07,9.42249237e+06,3.23449187e+06,,8.34407322e-01
ratio,dg_1d/fullhide_1d,1.00000000e+07,9.42249237e+06,3.92277459e+06,,8.32561050e-01
ratio,dg_1d/fullhide_1d,1.00000000e+07,9.42249237e+06,4.75752022e+06,,8.31534733e-01
ratio,dg_1d/fullhide_1d,1.00000000e+07,9.42249237e+06,5.76989529e+06,,8.31117882e-01
ratio,dg_1d/fullhide_1d,1.00000000e+07,9.42249237e+06,6.99769840e+06,,8.30588061e-01
ratio,dg_1d/fullhide_1d,1.00000000e+07,9.42249237e+06,8.48677151e+06,,8.29599611e-01
ratio,dg_1d/fullhide_1d,1.00000000e+07,9.42249237e+06,1.02927115e+07,,8.28420434e-01
ratio,dg_1d/fullhide_1d,1.00000000e+07,9.42249237e+06,1.24829459e+07,,8.27431243e-01
ratio,dg_1d/fullhide_1d,1.00000000e+07,9.42249237e+06,1.51392506e+07,,8.26794879e-01
ratio,dg_1d/fullhide_1d,1.00000000e+07,9.42249237e+06,1.83608028e+07,,8.26516918e-01
ratio,dg_1d/fullhide_1d,1.00000000e+07,9.42249237e+06,2.22678842e+07,,8.26567279e-01
ratio,dg_1d/fullhide_1d,1.00000000e+07,9.42249237e+06,2.70063719e+07,,8.26920761e-01
ratio,dg_1d/fullhide_1d,1.00000000e+07,9.42249237e+06,3.27531846e+07,,8.27558572e-01
ratio,dg_1d/fullhide_1d,1.00000000e+07,9.42249237e+06,3.97228885e+07,,8.28464872e-01
ratio,dg_1d/fullhide_1d,1.00000000e+07,9.42249237e+06,4.81757085e+07,,8.29623825e-01
ratio,dg_1d/fullhide_1d,1.00000000e+07,9.42249237e+06,5.84272438e+07,,8.31016626e-01
ratio,dg_1d/fullhide_1d,1.00000000e+07,9.42249237e+06,7.08602514e+07,,8.32618023e-01
ratio,dg_1d/fullhide_1d,1.00000000e+07,9.42249237e+06,8.59389371e+07,,8.34392041e-01
ratio,dg_1d/fullhide_1d,1.00000000e+07,9.42249237e+06,1.04226287e+08,,8.36286667e-01
ratio,dg_1d/fullhide_1d,1.00000000e+07,9.42249237e+06,1.26405088e+08,,8.38227194e-01
ratio,dg_1d/fullhide_1d,1.00000000e+07,9.42249237e+06,1.53303421e+08,,8.40107815e-01
ratio,dg_1d/fullhide_1d,1.00000000e+07,9.42249237e+06,1.85925575e+08,,8.41780955e-01
ratio,dg_1d/fullhide_1d,1.00000000e+07,9.42249237e+06,2.25489552e+08,,8.43043459e-01
ratio,dg_1d/fullhide_1d,1.00000000e+07,9.42249237e+06,2.73472532e+08,,8.43618164e-01
ratio,dg_1d/fullhide_1d,1.00000000e+07,9.42249237e+06,3.31666037e+08,,8.43127949e-01
ratio,dg_1d/fullhide_1d,1.00000000e+07,9.42249237e+06,4.02242810e+08,,8.41056199e-01
ratio,dg_1d/fullhide_1d,1.00000000e+07,9.42249237e+06,4.87837947e+08,,8.36680115e-01
ratio,dg_1d/fullhide_1d,1.00000000e+07,9.42249237e+06,5.91647274e+08,,8.28944426e-01
ratio,dg_1d/fullhide_1d,1.00000000e+07,9.42249237e+06,7.17546676e+08,,8.16190220e-01
ratio,dg_1d/fullhide_1d,1.00000000e+07,9.42249237e+06,8.70236803e+08,,7.95479426e-01
ratio,dg_1d/fullhide_1d,1.00000000e+07,9.42249237e+06,1.05541858e+09,,7.60612186e-01
ratio,dg_1d/fullhide_1d,1.00000000e+07,9.42249237e+06,1.28000606e+09,,7.39682777e-01
ratio,dg_1d/fullhide_1d,1.00000000e+07,9.42249237e+06,1.55238456e+09,,7.21310976e-01
ratio,dg_1d/fullhide_1d,1.00000000e+07,9.42249237e+06,1.88272375e+09,,6.99373049e-01
ratio,dg_1d/fullhide_1d,1.00000000e+07,9.42249237e+06,2.28335738e+09,,6.74093037e-01
ratio,dg_1d/fullhide_1d,1.00000000e+07,9.42249237e+06,2.76924373e+09,,6.45346842e-01
ratio,dg_1d/fullhide_1d,1.00000000e+07,9.42249237e+06,3.35852410e+09,,6.13091513e-01
ratio,dg_1d/fullhide_1d,1.00000000e+07,9.42249237e+06,4.07320022e+09,,5.77380995e-01
ratio,dg_1d/fullhide_1d,1.00000000e+07,9.42249237e+06,4.93995562e+09,,5.38386944e-01
ratio,dg_1d/fullhide_1d,1.00000000e+07,9.42249237e+06,5.99115198e+09,,4.96425286e-01
ratio,dg_1d/fullhide_1d,1.00000000e+07,9.42249237e+06,7.26603734e+09,,4.51985052e-01
ratio,dg_1d/fullhide_1d,1.00000000e+07,9.42249237e+06,8.81221155e+09,,4.05751240e-01
ratio,dg_1d/fullhide_1d,1.00000000e+07,9.42249237e+06,1.06874034e+10,,3.58609470e-01
ratio,dg_1d/fullhide_1d,1.00000000e+07,9.42249237e+06,1.29616262e+10,,3.11619188e-01
ratio,dg_1d/fullhide_1d,1.00000000e+07,9.42249237e+06,1.57197915e+10,,2.65946658e-01
ratio,dg_1d/fullhide_1d,1.00000000e+07,9.42249237e+06,1.90648798e+10,,2.22762239e-01
ratio,dg_1d/fullhide_1d,1.00000000e+07,9.42249237e+06,2.31217851e+10,,1.83103497e-01
ratio,dg_1d/fullhide_1d,1.00000000e+07,9.42249237e+06,2.80419783e+10,,1.48641252e-01
ratio,dg_1d/fullhide_1d,1.00000000e+07,9.42249237e+06,3.40091625e+10,,0.00000000e+00
