shell_index,tobs_s,radius_cm,gamma,fullhide_gamma2_dndgamma,dg_gamma2_dndgamma,dg_over_fullhide
1,2.3650391685e-01,1.0198243832e+14,1.0000000000e+00,1.9832641879e+47,1.0829732934e+47,5.4605599194e-01
1,2.3650391685e-01,1.0198243832e+14,1.1769974920e+00,1.2146760477e+47,1.5407670469e+47,1.2684592323e+00
1,2.3650391685e-01,1.0198243832e+14,1.3853230963e+00,1.8697780075e+46,4.1604996787e+46,2.2251302892e+00
1,2.3650391685e-01,1.0198243832e+14,1.6305218099e+00,7.7390038461e+45,1.1918766121e+46,1.5400904764e+00
1,2.3650391685e-01,1.0198243832e+14,1.9191200810e+00,4.3056016304e+45,5.4688535347e+45,1.2701717447e+00
1,2.3650391685e-01,1.0198243832e+14,2.2587995223e+00,2.7951614498e+45,4.2218579431e+45,1.5104164890e+00
1,2.3650391685e-01,1.0198243832e+14,2.6586013727e+00,1.9943884191e+45,2.2572138790e+45,1.1317824840e+00
1,2.3650391685e-01,1.0198243832e+14,3.1291671480e+00,1.5159373471e+45,2.2078259360e+45,1.4564097521e+00
1,2.3650391685e-01,1.0198243832e+14,3.6830218853e+00,1.2051192747e+45,1.4678566984e+45,1.2180177756e+00
1,2.3650391685e-01,1.0198243832e+14,4.3349075221e+00,9.9026245043e+44,1.2634688506e+45,1.2758929212e+00
1,2.3650391685e-01,1.0198243832e+14,5.1021752817e+00,8.3442278084e+44,1.0674830419e+45,1.2793071647e+00
1,2.3650391685e-01,1.0198243832e+14,6.0052475105e+00,7.1696043246e+44,9.1073118987e+44,1.2702670170e+00
1,2.3650391685e-01,1.0198243832e+14,7.0681612589e+00,6.2559449257e+44,7.9101572309e+44,1.2644224533e+00
1,2.3650391685e-01,1.0198243832e+14,8.3192080750e+00,5.5263804945e+44,6.9774931877e+44,1.2625792224e+00
1,2.3650391685e-01,1.0198243832e+14,9.7916870400e+00,4.9307541430e+44,6.2296867206e+44,1.2634348702e+00
1,2.3650391685e-01,1.0198243832e+14,1.1524791089e+01,4.4351823327e+44,5.6284076890e+44,1.2690363703e+00
1,2.3650391685e-01,1.0198243832e+14,1.3564650208e+01,4.0160914995e+44,5.0682776581e+44,1.2619925763e+00
1,2.3650391685e-01,1.0198243832e+14,1.5965559275e+01,3.6566613490e+44,4.6256728084e+44,1.2649989613e+00
1,2.3650391685e-01,1.0198243832e+14,1.8791423225e+01,3.3446236886e+44,4.2158174015e+44,1.2604758544e+00
1,2.3650391685e-01,1.0198243832e+14,2.2117458008e+01,3.0708558402e+44,3.8759556291e+44,1.2621744005e+00
1,2.3650391685e-01,1.0198243832e+14,2.6032192606e+01,2.8284562981e+44,3.5687881686e+44,1.2617441433e+00
1,2.3650391685e-01,1.0198243832e+14,3.0639825409e+01,2.6121221603e+44,3.2878328765e+44,1.2586826629e+00
1,2.3650391685e-01,1.0198243832e+14,3.6062997662e+01,2.4177205910e+44,3.0470373468e+44,1.2602934178e+00
1,2.3650391685e-01,1.0198243832e+14,4.2446057804e+01,2.2419880927e+44,2.8308081894e+44,1.2626330169e+00
1,2.3650391685e-01,1.0198243832e+14,4.9958903582e+01,2.0823158150e+44,2.6246297137e+44,1.2604378715e+00
1,2.3650391685e-01,1.0198243832e+14,5.8801504221e+01,1.9365939188e+44,2.4341871772e+44,1.2569424873e+00
1,2.3650391685e-01,1.0198243832e+14,6.9209222995e+01,1.8030971974e+44,2.2674948695e+44,1.2575555399e+00
1,2.3650391685e-01,1.0198243832e+14,8.1459081891e+01,1.6803999802e+44,2.1174018295e+44,1.2600582328e+00
1,2.3650391685e-01,1.0198243832e+14,9.5877135089e+01,1.5673121205e+44,1.9713581878e+44,1.2577955354e+00
1,2.3650391685e-01,1.0198243832e+14,1.1284714754e+02,1.4628303611e+44,1.8318899799e+44,1.2522914677e+00
1,2.3650391685e-01,1.0198243832e+14,1.3282080964e+02,1.3661010492e+44,1.7120583866e+44,1.2532443245e+00
1,2.3650391685e-01,1.0198243832e+14,1.5632975984e+02,1.2763913127e+44,1.6078831440e+44,1.2597101907e+00
1,2.3650391685e-01,1.0198243832e+14,1.8399973526e+02,1.1930666081e+44,1.5019297793e+44,1.2588817499e+00
1,2.3650391685e-01,1.0198243832e+14,2.1656722693e+02,1.1155731049e+44,1.4038760400e+44,1.2584348205e+00
1,2.3650391685e-01,1.0198243832e+14,2.5489908296e+02,1.0434237715e+44,1.3130442656e+44,1.2583998002e+00
1,2.3650391685e-01,1.0198243832e+14,3.0001558136e+02,9.7618731168e+43,1.2292477323e+44,1.2592334664e+00
1,2.3650391685e-01,1.0198243832e+14,3.5311758683e+02,9.1347931242e+43,1.1504601556e+44,1.2594266121e+00
1,2.3650391685e-01,1.0198243832e+14,4.1561851410e+02,8.5495511610e+43,1.0773509168e+44,1.2601257031e+00
1,2.3650391685e-01,1.0198243832e+14,4.8918194873e+02,8.0030404459e+43,1.0048760980e+44,1.2556179177e+00
1,2.3650391685e-01,1.0198243832e+14,5.7576592681e+02,7.4924468902e+43,9.3860926035e+43,1.2527406255e+00
1,2.3650391685e-01,1.0198243832e+14,6.7767505185e+02,7.0152104358e+43,8.8061298471e+43,1.2552909036e+00
1,2.3650391685e-01,1.0198243832e+14,7.9762183644e+02,6.5689931076e+43,8.2620629267e+43,1.2577365802e+00
1,2.3650391685e-01,1.0198243832e+14,9.3879890108e+02,6.1516524346e+43,7.7259466890e+43,1.2559140444e+00
1,2.3650391685e-01,1.0198243832e+14,1.1049639521e+03,5.7612191816e+43,7.2275260961e+43,1.2545133015e+00
1,2.3650391685e-01,1.0198243832e+14,1.3005398004e+03,5.3958785598e+43,6.7898289433e+43,1.2583361297e+00
1,2.3650391685e-01,1.0198243832e+14,1.5307320834e+03,5.0539542587e+43,6.3763525654e+43,1.2616561684e+00
1,2.3650391685e-01,1.0198243832e+14,1.8016678231e+03,4.7338947755e+43,5.9560930753e+43,1.2581802845e+00
1,2.3650391685e-01,1.0198243832e+14,2.1205585093e+03,4.4342616288e+43,5.5746291286e+43,1.2571719026e+00
1,2.3650391685e-01,1.0198243832e+14,2.4958920471e+03,4.1537191226e+43,5.2413125452e+43,1.2618360536e+00
1,2.3650391685e-01,1.0198243832e+14,2.9376586798e+03,3.8910253972e+43,4.8978547850e+43,1.2587568276e+00
1,2.3650391685e-01,1.0198243832e+14,3.4576168986e+03,3.6450245509e+43,4.5795867300e+43,1.2563939326e+00
1,2.3650391685e-01,1.0198243832e+14,4.0696064181e+03,3.4146396611e+43,4.2867978926e+43,1.2554173553e+00
1,2.3650391685e-01,1.0198243832e+14,4.7899165476e+03,3.1988665654e+43,4.0197027152e+43,1.2566021849e+00
1,2.3650391685e-01,1.0198243832e+14,5.6377197636e+03,2.9967682878e+43,3.7678735363e+43,1.2573122693e+00
1,2.3650391685e-01,1.0198243832e+14,6.6355820225e+03,2.8074700185e+43,3.5349511386e+43,1.2591233799e+00
1,2.3650391685e-01,1.0198243832e+14,7.8100633987e+03,2.6301545701e+43,3.3149024261e+43,1.2603451006e+00
1,2.3650391685e-01,1.0198243832e+14,9.1924250329e+03,2.4640582474e+43,3.1054714253e+43,1.2603076362e+00
1,2.3650391685e-01,1.0198243832e+14,1.0819461209e+04,2.3084670791e+43,2.9093470855e+43,1.2602939465e+00
1,2.3650391685e-01,1.0198243832e+14,1.2734478709e+04,2.1627133675e+43,2.7268085943e+43,1.2608275490e+00
1,2.3650391685e-01,1.0198243832e+14,1.4988449502e+04,2.0261725198e+43,2.5547340992e+43,1.2608670161e+00
1,2.3650391685e-01,1.0198243832e+14,1.7641367474e+04,1.8982601303e+43,2.3920466535e+43,1.2601258465e+00
1,2.3650391685e-01,1.0198243832e+14,2.0763845273e+04,1.7784292865e+43,2.2399433959e+43,1.2595065842e+00
1,2.3650391685e-01,1.0198243832e+14,2.4438993811e+04,1.6661680784e+43,2.0961103782e+43,1.2580425740e+00
1,2.3650391685e-01,1.0198243832e+14,2.8764634423e+04,1.5609972896e+43,1.9594172500e+43,1.2552342423e+00
1,2.3650391685e-01,1.0198243832e+14,3.3855902575e+04,1.4624682548e+43,1.8369192875e+43,1.2560404518e+00
1,2.3650391685e-01,1.0198243832e+14,3.9848312421e+04,1.3701608688e+43,1.7195684856e+43,1.2550121119e+00
1,2.3650391685e-01,1.0198243832e+14,4.6901363782e+04,1.2836817341e+43,1.6170053173e+43,1.2596621688e+00
1,2.3650391685e-01,1.0198243832e+14,5.5202787544e+04,1.2026624350e+43,1.5147435073e+43,1.2594918269e+00
1,2.3650391685e-01,1.0198243832e+14,6.4973542493e+04,1.1267579295e+43,1.4167460771e+43,1.2573650826e+00
1,2.3650391685e-01,1.0198243832e+14,7.6473696562e+04,1.0556450493e+43,1.3290354931e+43,1.2589795159e+00
1,2.3650391685e-01,1.0198243832e+14,9.0009349060e+04,9.8902109837e+42,1.2470752191e+43,1.2609187217e+00
1,2.3650391685e-01,1.0198243832e+14,1.0594077810e+05,9.2660254576e+42,1.1667374550e+43,1.2591563236e+00
1,2.3650391685e-01,1.0198243832e+14,1.2469203013e+05,8.6812380291e+42,1.0907309106e+43,1.2564232278e+00
1,2.3650391685e-01,1.0198243832e+14,1.4676220674e+05,8.1333608132e+42,1.0223386066e+43,1.2569694498e+00
1,2.3650391685e-01,1.0198243832e+14,1.7273874926e+05,7.6200632418e+42,9.5934092999e+42,1.2589671497e+00
1,2.3650391685e-01,1.0198243832e+14,2.0331307466e+05,7.1391620715e+42,8.9746808736e+42,1.2571056356e+00
1,2.3650391685e-01,1.0198243832e+14,2.3929897897e+05,6.6886120345e+42,8.3778103916e+42,1.2525484134e+00
1,2.3650391685e-01,1.0198243832e+14,2.8165429809e+05,6.2664970906e+42,7.8534373905e+42,1.2532420070e+00
1,2.3650391685e-01,1.0198243832e+14,3.3150640247e+05,5.8710222387e+42,7.3917055880e+42,1.2590150893e+00
1,2.3650391685e-01,1.0198243832e+14,3.9018220430e+05,5.5005058524e+42,6.9252631718e+42,1.2590229622e+00
1,2.3650391685e-01,1.0198243832e+14,4.5924347590e+05,5.1533725093e+42,6.4836897687e+42,1.2581449831e+00
1,2.3650391685e-01,1.0198243832e+14,5.4052841937e+05,4.8281462562e+42,6.0750624601e+42,1.2582598243e+00
1,2.3650391685e-01,1.0198243832e+14,6.3620059397e+05,4.5234443342e+42,5.6949226802e+42,1.2589792776e+00
1,2.3650391685e-01,1.0198243832e+14,7.4880650353e+05,4.2379712812e+42,5.3367147479e+42,1.2592616594e+00
1,2.3650391685e-01,1.0198243832e+14,8.8134337667e+05,3.9705134138e+42,5.0025833028e+42,1.2599336109e+00
1,2.3650391685e-01,1.0198243832e+14,1.0373389440e+06,3.7199336593e+42,4.6700182526e+42,1.2554036390e+00
1,2.3650391685e-01,1.0198243832e+14,1.2209453354e+06,3.4851667149e+42,4.3657546573e+42,1.2526673799e+00
1,2.3650391685e-01,1.0198243832e+14,1.4370495977e+06,3.2652145134e+42,4.0991385505e+42,1.2553964016e+00
1,2.3650391685e-01,1.0198243832e+14,1.6914037724e+06,3.0591419760e+42,3.8480031253e+42,1.2578700680e+00
1,2.3650391685e-01,1.0198243832e+14,1.9907779982e+06,2.8660730335e+42,3.5996648566e+42,1.2559571282e+00
1,2.3650391685e-01,1.0198243832e+14,2.3431407110e+06,2.6851868995e+42,3.3686575051e+42,1.2545337182e+00
1,2.3650391685e-01,1.0198243832e+14,2.7578707404e+06,2.5157145780e+42,3.1658524607e+42,1.2584307013e+00
1,2.3650391685e-01,1.0198243832e+14,3.2460069448e+06,2.3569355929e+42,2.9738139498e+42,1.2617289835e+00
1,2.3650391685e-01,1.0198243832e+14,3.8205420331e+06,2.2081749233e+42,2.7780897172e+42,1.2580931374e+00
1,2.3650391685e-01,1.0198243832e+14,4.4967683912e+06,2.0688001324e+42,2.6006065026e+42,1.2570602940e+00
1,2.3650391685e-01,1.0198243832e+14,5.2926851187e+06,1.9382186773e+42,2.4456339927e+42,1.2617946682e+00
1,2.3650391685e-01,1.0198243832e+14,6.2294771108e+06,1.8158753894e+42,2.2855700621e+42,1.2586601897e+00
1,2.3650391685e-01,1.0198243832e+14,7.3320789361e+06,1.7012501125e+42,2.1371943267e+42,1.2562493374e+00
1,2.3650391685e-01,1.0198243832e+14,8.6298385191e+06,1.5938554910e+42,2.0010850721e+42,1.2554996883e+00
1,2.3650391685e-01,1.0198243832e+14,1.0157298294e+07,1.4932348964e+42,1.8762539612e+42,1.2565028890e+00
1,2.3650391685e-01,1.0198243832e+14,1.1955114617e+07,1.3989604849e+42,1.7587143615e+42,1.2571579973e+00
1,2.3650391685e-01,1.0198243832e+14,1.4071139922e+07,1.3106313780e+42,1.6503521080e+42,1.2592038736e+00
1,2.3650391685e-01,1.0198243832e+14,1.6561696398e+07,1.2278719559e+42,1.5476570313e+42,1.2604384552e+00
1,2.3650391685e-01,1.0198243832e+14,1.9493075124e+07,1.1503302601e+42,1.4495535280e+42,1.2601194442e+00
1,2.3650391685e-01,1.0198243832e+14,2.2943300533e+07,1.0776764951e+42,1.3579202599e+42,1.2600444253e+00
1,2.3650391685e-01,1.0198243832e+14,2.7004207186e+07,1.0096016246e+42,1.2729946200e+42,1.2608880463e+00
1,2.3650391685e-01,1.0198243832e+14,3.1783884133e+07,9.4581605599e+41,1.1926197348e+42,1.2609425768e+00
1,2.3650391685e-01,1.0198243832e+14,3.7409551911e+07,8.8604840668e+41,1.1160737601e+42,1.2596081114e+00
1,2.3650391685e-01,1.0198243832e+14,4.4030948778e+07,8.3004434814e+41,1.0449870521e+42,1.2589532769e+00
1,2.3650391685e-01,1.0198243832e+14,5.1824316283e+07,7.7756551679e+41,9.7854895549e+41,1.2584778187e+00
1,2.3650391685e-01,1.0198243832e+14,6.0997090291e+07,7.2838795706e+41,9.1393328156e+41,1.2547342013e+00
1,2.3650391685e-01,1.0198243832e+14,7.1793422294e+07,6.8225948238e+41,8.5642773479e+41,1.2552815416e+00
1,2.3650391685e-01,1.0198243832e+14,8.4500677985e+07,6.3676640292e+41,7.9434990803e+41,1.2474745910e+00
1,2.3650391685e-01,1.0198243832e+14,9.9457086063e+07,5.3449297437e+41,6.7344547460e+41,1.2599706767e+00
1,2.3650391685e-01,1.0198243832e+14,1.1706074086e+08,4.0990499790e+41,5.2400507161e+41,1.2783573616e+00
1,2.3650391685e-01,1.0198243832e+14,1.3778019841e+08,3.0399549090e+41,3.9004841883e+41,1.2830730406e+00
1,2.3650391685e-01,1.0198243832e+14,1.6216694798e+08,2.1624850974e+41,2.7885480195e+41,1.2895108609e+00
1,2.3650391685e-01,1.0198243832e+14,1.9087009106e+08,1.4645440746e+41,1.8999254159e+41,1.2972811463e+00
1,2.3650391685e-01,1.0198243832e+14,2.2465361848e+08,9.3602690955e+40,1.2226965485e+41,1.3062621769e+00
1,2.3650391685e-01,1.0198243832e+14,2.6441674553e+08,5.5811936261e+40,7.3606117903e+40,1.3188239440e+00
1,2.3650391685e-01,1.0198243832e+14,3.1121784634e+08,3.0205349956e+40,4.1002513773e+40,1.3574586566e+00
16,3.5644313427e-01,1.5358600779e+14,1.0000000000e+00,1.0036955240e+49,3.9139169229e+48,3.8995062040e-01
16,3.5644313427e-01,1.5358600779e+14,1.1769974920e+00,1.7744416307e+48,4.2256542455e+48,2.3813994061e+00
16,3.5644313427e-01,1.5358600779e+14,1.3853230963e+00,3.8523467147e+47,1.1213147378e+48,2.9107316159e+00
16,3.5644313427e-01,1.5358600779e+14,1.6305218099e+00,1.7943230097e+47,5.4707341857e+47,3.0489126853e+00
16,3.5644313427e-01,1.5358600779e+14,1.9191200810e+00,1.0752718124e+47,4.1018605854e+47,3.8147197182e+00
16,3.5644313427e-01,1.5358600779e+14,2.2587995223e+00,7.3459892509e+46,3.5715177623e+47,4.8618608608e+00
16,3.5644313427e-01,1.5358600779e+14,2.6586013727e+00,5.4386805412e+46,3.1295096624e+47,5.7541707748e+00
16,3.5644313427e-01,1.5358600779e+14,3.1291671480e+00,4.2500917102e+46,1.5628391720e+47,3.6771892905e+00
16,3.5644313427e-01,1.5358600779e+14,3.6830218853e+00,3.4515103434e+46,8.6281616237e+46,2.4998220389e+00
16,3.5644313427e-01,1.5358600779e+14,4.3349075221e+00,2.8840119583e+46,7.1871483940e+46,2.4920660864e+00
16,3.5644313427e-01,1.5358600779e+14,5.1021752817e+00,2.4627510835e+46,6.1596367405e+46,2.5011203047e+00
16,3.5644313427e-01,1.5358600779e+14,6.0052475105e+00,2.1389095847e+46,5.3336720840e+46,2.4936407421e+00
16,3.5644313427e-01,1.5358600779e+14,7.0681612589e+00,1.8827028601e+46,4.7106829316e+46,2.5020851838e+00
16,3.5644313427e-01,1.5358600779e+14,8.3192080750e+00,1.6750813629e+46,4.2047194585e+46,2.5101583431e+00
16,3.5644313427e-01,1.5358600779e+14,9.7916870400e+00,1.5033798980e+46,3.7854605200e+46,2.5179666996e+00
16,3.5644313427e-01,1.5358600779e+14,1.1524791089e+01,1.3589004405e+46,3.4226207133e+46,2.5186692205e+00
16,3.5644313427e-01,1.5358600779e+14,1.3564650208e+01,1.2355027016e+46,3.1050324068e+46,2.5131733040e+00
16,3.5644313427e-01,1.5358600779e+14,1.5965559275e+01,1.1287479806e+46,2.8466849563e+46,2.5219845398e+00
16,3.5644313427e-01,1.5358600779e+14,1.8791423225e+01,1.0353605329e+46,2.6061260454e+46,2.5171193634e+00
16,3.5644313427e-01,1.5358600779e+14,2.2117458008e+01,9.5287823700e+45,2.4006310542e+46,2.5193471327e+00
16,3.5644313427e-01,1.5358600779e+14,2.6032192606e+01,8.7941993423e+45,2.2137129783e+46,2.5172422095e+00
16,3.5644313427e-01,1.5358600779e+14,3.0639825409e+01,8.1352681359e+45,2.0493515029e+46,2.5190952144e+00
16,3.5644313427e-01,1.5358600779e+14,3.6062997662e+01,7.5405202427e+45,1.9035218507e+46,2.5243906115e+00
16,3.5644313427e-01,1.5358600779e+14,4.2446057804e+01,7.0008243456e+45,1.7675872650e+46,2.5248273314e+00
16,3.5644313427e-01,1.5358600779e+14,4.9958903582e+01,6.5088226737e+45,1.6408452499e+46,2.5209555278e+00
16,3.5644313427e-01,1.5358600779e+14,5.8801504221e+01,6.0585190319e+45,1.5271712037e+46,2.5207005139e+00
16,3.5644313427e-01,1.5358600779e+14,6.9209222995e+01,5.6449737682e+45,1.4252704927e+46,2.5248487437e+00
16,3.5644313427e-01,1.5358600779e+14,8.1459081891e+01,5.2640752838e+45,1.3289498483e+46,2.5245646703e+00
16,3.5644313427e-01,1.5358600779e+14,9.5877135089e+01,4.9123670815e+45,1.2366971204e+46,2.5175177259e+00
16,3.5644313427e-01,1.5358600779e+14,1.1284714754e+02,4.5869156098e+45,1.1542062239e+46,2.5163014150e+00
16,3.5644313427e-01,1.5358600779e+14,1.3282080964e+02,4.2852084032e+45,1.0821113122e+46,2.5252244707e+00
16,3.5644313427e-01,1.5358600779e+14,1.5632975984e+02,4.0050749487e+45,1.0099888016e+46,2.5217725373e+00
16,3.5644313427e-01,1.5358600779e+14,1.8399973526e+02,3.7446247517e+45,9.3941911223e+45,2.5087136216e+00
16,3.5644313427e-01,1.5358600779e+14,2.1656722693e+02,3.5021985228e+45,8.8586427035e+45,2.5294518988e+00
16,3.5644313427e-01,1.5358600779e+14,2.5489908296e+02,3.2763294499e+45,8.2577120589e+45,2.5204156619e+00
16,3.5644313427e-01,1.5358600779e+14,3.0001558136e+02,3.0657122708e+45,7.7417380474e+45,2.5252657013e+00
16,3.5644313427e-01,1.5358600779e+14,3.5311758683e+02,2.8691784182e+45,7.2376830636e+45,2.5225629113e+00
16,3.5644313427e-01,1.5358600779e+14,4.1561851410e+02,2.6856759172e+45,6.7710254736e+45,2.5211625238e+00
16,3.5644313427e-01,1.5358600779e+14,4.8918194873e+02,2.5142530213e+45,6.3422712697e+45,2.5225270552e+00
16,3.5644313427e-01,1.5358600779e+14,5.7576592681e+02,2.3540448056e+45,5.9380659066e+45,2.5224948533e+00
16,3.5644313427e-01,1.5358600779e+14,6.7767505185e+02,2.2042621088e+45,5.5548651391e+45,2.5200565382e+00
16,3.5644313427e-01,1.5358600779e+14,7.9762183644e+02,2.0641823504e+45,5.1992755189e+45,2.5188063050e+00
16,3.5644313427e-01,1.5358600779e+14,9.3879890108e+02,1.9331418514e+45,4.8726216485e+45,2.5205711857e+00
16,3.5644313427e-01,1.5358600779e+14,1.1049639521e+03,1.8105293671e+45,4.5659463810e+45,2.5218847393e+00
16,3.5644313427e-01,1.5358600779e+14,1.3005398004e+03,1.6957806005e+45,4.2726076418e+45,2.5195521405e+00
16,3.5644313427e-01,1.5358600779e+14,1.5307320834e+03,1.5883735149e+45,3.9987148819e+45,2.5174902781e+00
16,3.5644313427e-01,1.5358600779e+14,1.8016678231e+03,1.4878242990e+45,3.7511140898e+45,2.5212077073e+00
16,3.5644313427e-01,1.5358600779e+14,2.1205585093e+03,1.3936838696e+45,3.5182306900e+45,2.5244108558e+00
16,3.5644313427e-01,1.5358600779e+14,2.4958920471e+03,1.3055348187e+45,3.2867894033e+45,2.5175808077e+00
16,3.5644313427e-01,1.5358600779e+14,2.9376586798e+03,1.2229887306e+45,3.0768673693e+45,2.5158591345e+00
16,3.5644313427e-01,1.5358600779e+14,3.4576168986e+03,1.1456838093e+45,2.8901657672e+45,2.5226556783e+00
16,3.5644313427e-01,1.5358600779e+14,4.0696064181e+03,1.0732827667e+45,2.7104501718e+45,2.5253831104e+00
16,3.5644313427e-01,1.5358600779e+14,4.7899165476e+03,1.0054709327e+45,2.5365147888e+45,2.5227131946e+00
16,3.5644313427e-01,1.5358600779e+14,5.6377197636e+03,9.4195455538e+44,2.3742097874e+45,2.5205141520e+00
16,3.5644313427e-01,1.5358600779e+14,6.6355820225e+03,8.8245926359e+44,2.2247624392e+45,2.5210936425e+00
16,3.5644313427e-01,1.5358600779e+14,7.8100633987e+03,8.2672867169e+44,2.0846989827e+45,2.5216241484e+00
16,3.5644313427e-01,1.5358600779e+14,9.1924250329e+03,7.7452310705e+44,1.9516933231e+45,2.5198645532e+00
16,3.5644313427e-01,1.5358600779e+14,1.0819461209e+04,7.2561844617e+44,1.8269496989e+45,2.5177828768e+00
16,3.5644313427e-01,1.5358600779e+14,1.2734478709e+04,6.7980504652e+44,1.7121532404e+45,2.5185944840e+00
16,3.5644313427e-01,1.5358600779e+14,1.4988449502e+04,6.3688676350e+44,1.6058201291e+45,2.5213589308e+00
16,3.5644313427e-01,1.5358600779e+14,1.7641367474e+04,5.9668004349e+44,1.5043514378e+45,2.5212028695e+00
16,3.5644313427e-01,1.5358600779e+14,2.0763845273e+04,5.5901308545e+44,1.4072405483e+45,2.5173660240e+00
16,3.5644313427e-01,1.5358600779e+14,2.4438993811e+04,5.2372506427e+44,1.3187110295e+45,2.5179452340e+00
16,3.5644313427e-01,1.5358600779e+14,2.8764634423e+04,4.9066541022e+44,1.2393767318e+45,2.5259101334e+00
16,3.5644313427e-01,1.5358600779e+14,3.3855902575e+04,4.5969313963e+44,1.1590120987e+45,2.5212734297e+00
16,3.5644313427e-01,1.5358600779e+14,3.9848312421e+04,4.3067623229e+44,1.0784132540e+45,2.5039999265e+00
16,3.5644313427e-01,1.5358600779e+14,4.6901363782e+04,4.0349105294e+44,1.0165201307e+45,2.5193126919e+00
16,3.5644313427e-01,1.5358600779e+14,5.5202787544e+04,3.7802180976e+44,9.5441482613e+44,2.5247612743e+00
16,3.5644313427e-01,1.5358600779e+14,6.4973542493e+04,3.5416004399e+44,8.9390041798e+44,2.5240013185e+00
16,3.5644313427e-01,1.5358600779e+14,7.6473696562e+04,3.3180416819e+44,8.3658867678e+44,2.5213326323e+00
16,3.5644313427e-01,1.5358600779e+14,9.0009349060e+04,3.1085902473e+44,7.8343172318e+44,2.5202154702e+00
16,3.5644313427e-01,1.5358600779e+14,1.0594077810e+05,2.9123547459e+44,7.3421257537e+44,2.5210272767e+00
16,3.5644313427e-01,1.5358600779e+14,1.2469203013e+05,2.7285001350e+44,6.8783358233e+44,2.5209219289e+00
16,3.5644313427e-01,1.5358600779e+14,1.4676220674e+05,2.5562441302e+44,6.4387283351e+44,2.5188237144e+00
16,3.5644313427e-01,1.5358600779e+14,1.7273874926e+05,2.3948538482e+44,6.0297062154e+44,2.5177762809e+00
16,3.5644313427e-01,1.5358600779e+14,2.0331307466e+05,2.2436426657e+44,5.6542741908e+44,2.5201313370e+00
16,3.5644313427e-01,1.5358600779e+14,2.3929897897e+05,2.1019672793e+44,5.3012137458e+44,2.5220248659e+00
16,3.5644313427e-01,1.5358600779e+14,2.8165429809e+05,1.9692249537e+44,4.9595245213e+44,2.5185159836e+00
16,3.5644313427e-01,1.5358600779e+14,3.3150640247e+05,1.8448509447e+44,4.6418898958e+44,2.5161327581e+00
16,3.5644313427e-01,1.5358600779e+14,3.9018220430e+05,1.7283160858e+44,4.3651131148e+44,2.5256451355e+00
16,3.5644313427e-01,1.5358600779e+14,4.5924347590e+05,1.6191245281e+44,4.0946769784e+44,2.5289450609e+00
16,3.5644313427e-01,1.5358600779e+14,5.4052841937e+05,1.5168116222e+44,3.8144679570e+44,2.5147934662e+00
16,3.5644313427e-01,1.5358600779e+14,6.3620059397e+05,1.4209419343e+44,3.5882689365e+44,2.5252748545e+00
16,3.5644313427e-01,1.5358600779e+14,7.4880650353e+05,1.3311073863e+44,3.3586768846e+44,2.5232200792e+00
16,3.5644313427e-01,1.5358600779e+14,8.8134337667e+05,1.2469255124e+44,3.1471791367e+44,2.5239511946e+00
16,3.5644313427e-01,1.5358600779e+14,1.0373389440e+06,1.1680378250e+44,2.9454743410e+44,2.5217285588e+00
16,3.5644313427e-01,1.5358600779e+14,1.2209453354e+06,1.0941082810e+44,2.7564873328e+44,2.5193917099e+00
16,3.5644313427e-01,1.5358600779e+14,1.4370495977e+06,1.0248218442e+44,2.5822526889e+44,2.5197088679e+00
16,3.5644313427e-01,1.5358600779e+14,1.6914037724e+06,9.5988313489e+43,2.4194505450e+44,2.5205678244e+00
16,3.5644313427e-01,1.5358600779e+14,1.9907779982e+06,8.9901516222e+43,2.2646131703e+44,2.5189933000e+00
16,3.5644313427e-01,1.5358600779e+14,2.3431407110e+06,8.4195813303e+43,2.1189893743e+44,2.5167395993e+00
16,3.5644313427e-01,1.5358600779e+14,2.7578707404e+06,7.8846833139e+43,1.9852033695e+44,2.5177972157e+00
16,3.5644313427e-01,1.5358600779e+14,3.2460069448e+06,7.3831706392e+43,1.8609447455e+44,2.5205224645e+00
16,3.5644313427e-01,1.5358600779e+14,3.8205420331e+06,6.9128966518e+43,1.7411037770e+44,2.5186312839e+00
16,3.5644313427e-01,1.5358600779e+14,4.4967683912e+06,6.4718455826e+43,1.6275743753e+44,2.5148535368e+00
16,3.5644313427e-01,1.5358600779e+14,5.2926851187e+06,6.0581236493e+43,1.5270549846e+44,2.5206731870e+00
16,3.5644313427e-01,1.5358600779e+14,6.2294771108e+06,5.6699505990e+43,1.4308392334e+44,2.5235479718e+00
16,3.5644313427e-01,1.5358600779e+14,7.3320789361e+06,5.3056516253e+43,1.3319402362e+44,2.5104178153e+00
16,3.5644313427e-01,1.5358600779e+14,8.6298385191e+06,4.9636495733e+43,1.2511787253e+44,2.5206830312e+00
16,3.5644313427e-01,1.5358600779e+14,1.0157298294e+07,4.6424572475e+43,1.1694312490e+44,2.5189919619e+00
16,3.5644313427e-01,1.5358600779e+14,1.1955114617e+07,4.3406692501e+43,1.0935295081e+44,2.5192647610e+00
16,3.5644313427e-01,1.5358600779e+14,1.4071139922e+07,4.0569512759e+43,1.0210434088e+44,2.5167751332e+00
16,3.5644313427e-01,1.5358600779e+14,1.6561696398e+07,3.7900197733e+43,9.5270604546e+43,2.5137231530e+00
16,3.5644313427e-01,1.5358600779e+14,1.9493075124e+07,3.5385910547e+43,8.8909291528e+43,2.5125619252e+00
16,3.5644313427e-01,1.5358600779e+14,2.2943300533e+07,3.3012501327e+43,8.2935804664e+43,2.5122544894e+00
16,3.5644313427e-01,1.5358600779e+14,2.7004207186e+07,3.0761541272e+43,7.7259005309e+43,2.5115453294e+00
16,3.5644313427e-01,1.5358600779e+14,3.1783884133e+07,2.8605013025e+43,7.1876039497e+43,2.5127078053e+00
16,3.5644313427e-01,1.5358600779e+14,3.7409551911e+07,2.6498840879e+43,6.6720313972e+43,2.5178578292e+00
16,3.5644313427e-01,1.5358600779e+14,4.4030948778e+07,2.4380415135e+43,6.1457988661e+43,2.5207933630e+00
16,3.5644313427e-01,1.5358600779e+14,5.1824316283e+07,2.2177824402e+43,5.5614937389e+43,2.5076822857e+00
16,3.5644313427e-01,1.5358600779e+14,6.0997090291e+07,1.9832751073e+43,4.9036970168e+43,2.4725248649e+00
16,3.5644313427e-01,1.5358600779e+14,7.1793422294e+07,1.7324907429e+43,4.2040536319e+43,2.4265951487e+00
16,3.5644313427e-01,1.5358600779e+14,8.4500677985e+07,1.4678815180e+43,3.4828296109e+43,2.3726912344e+00
16,3.5644313427e-01,1.5358600779e+14,9.9457086063e+07,1.1946662159e+43,2.7481222834e+43,2.3003264400e+00
16,3.5644313427e-01,1.5358600779e+14,1.1706074086e+08,9.1791747778e+42,2.0485617909e+43,2.2317494116e+00
16,3.5644313427e-01,1.5358600779e+14,1.3778019841e+08,6.4577543719e+42,1.4098956174e+43,2.1832599015e+00
16,3.5644313427e-01,1.5358600779e+14,1.6216694798e+08,4.2826362323e+42,9.1412764521e+42,2.1344975282e+00
16,3.5644313427e-01,1.5358600779e+14,1.9087009106e+08,2.6781993805e+42,5.5485145816e+42,2.0717332033e+00
16,3.5644313427e-01,1.5358600779e+14,2.2465361848e+08,1.5436560660e+42,3.0636011036e+42,1.9846396947e+00
16,3.5644313427e-01,1.5358600779e+14,2.6441674553e+08,7.7699265056e+41,1.4161040961e+42,1.8225450332e+00
16,3.5644313427e-01,1.5358600779e+14,3.1121784634e+08,3.0033118733e+41,3.9312407968e+41,1.3089685529e+00
32,6.7051051408e+00,2.8680198444e+15,1.0000000000e+00,5.9753896502e+51,2.1857513613e+51,3.6579227285e-01
32,6.7051051408e+00,2.8680198444e+15,1.1769974920e+00,6.1985585966e+50,2.2916845399e+51,3.6971249108e+00
32,6.7051051408e+00,2.8680198444e+15,1.3853230963e+00,1.3641598227e+50,5.7076560077e+50,4.1840082903e+00
32,6.7051051408e+00,2.8680198444e+15,1.6305218099e+00,6.4785258171e+49,2.6366349097e+50,4.0698069039e+00
32,6.7051051408e+00,2.8680198444e+15,1.9191200810e+00,3.9619449554e+49,1.6295908629e+50,4.1131082869e+00
32,6.7051051408e+00,2.8680198444e+15,2.2587995223e+00,2.7545259233e+49,1.1586570719e+50,4.2063756311e+00
32,6.7051051408e+00,2.8680198444e+15,2.6586013727e+00,2.0692725631e+49,8.7148079138e+49,4.2115321438e+00
32,6.7051051408e+00,2.8680198444e+15,3.1291671480e+00,1.6366127328e+49,6.9612838139e+49,4.2534703992e+00
32,6.7051051408e+00,2.8680198444e+15,3.6830218853e+00,1.3423627094e+49,5.7569976261e+49,4.2887049721e+00
32,6.7051051408e+00,2.8680198444e+15,4.3349075221e+00,1.1309109115e+49,4.8903388839e+49,4.3242476788e+00
32,6.7051051408e+00,2.8680198444e+15,5.1021752817e+00,9.7233795765e+48,4.2177222404e+49,4.3377122195e+00
32,6.7051051408e+00,2.8680198444e+15,6.0052475105e+00,8.4929687348e+48,3.6951481879e+49,4.3508322039e+00
32,6.7051051408e+00,2.8680198444e+15,7.0681612589e+00,7.5112582351e+48,3.2802903089e+49,4.3671648694e+00
32,6.7051051408e+00,2.8680198444e+15,8.3192080750e+00,6.7095787348e+48,2.9386592429e+49,4.3797969427e+00
32,6.7051051408e+00,2.8680198444e+15,9.7916870400e+00,6.0419726006e+48,2.6495211995e+49,4.3851923447e+00
32,6.7051051408e+00,2.8680198444e+15,1.1524791089e+01,5.4766807518e+48,2.4036563346e+49,4.3888925492e+00
32,6.7051051408e+00,2.8680198444e+15,1.3564650208e+01,4.9911511865e+48,2.1912958682e+49,4.3903616347e+00
32,6.7051051408e+00,2.8680198444e+15,1.5965559275e+01,4.5689905740e+48,2.0061061534e+49,4.3906988226e+00
32,6.7051051408e+00,2.8680198444e+15,1.8791423225e+01,4.1980363984e+48,1.8464763725e+49,4.3984286873e+00
32,6.7051051408e+00,2.8680198444e+15,2.2117458008e+01,3.8691003946e+48,1.7024016249e+49,4.3999934126e+00
32,6.7051051408e+00,2.8680198444e+15,2.6032192606e+01,3.5751276868e+48,1.5726051198e+49,4.3987383320e+00
32,6.7051051408e+00,2.8680198444e+15,3.0639825409e+01,3.3106209588e+48,1.4577293714e+49,4.4031901857e+00
32,6.7051051408e+00,2.8680198444e+15,3.6062997662e+01,3.0712380115e+48,1.3556233714e+49,4.4139313408e+00
32,6.7051051408e+00,2.8680198444e+15,4.2446057804e+01,2.8535053843e+48,1.2607500758e+49,4.4182502080e+00
32,6.7051051408e+00,2.8680198444e+15,4.9958903582e+01,2.6546112815e+48,1.1718747303e+49,4.4144871171e+00
32,6.7051051408e+00,2.8680198444e+15,5.8801504221e+01,2.4722536954e+48,1.0911664256e+49,4.4136507012e+00
32,6.7051051408e+00,2.8680198444e+15,6.9209222995e+01,2.3045275859e+48,1.0185518571e+49,4.4197859178e+00
32,6.7051051408e+00,2.8680198444e+15,8.1459081891e+01,2.1498401121e+48,9.5068801919e+48,4.4221335988e+00
32,6.7051051408e+00,2.8680198444e+15,9.5877135089e+01,2.0068462838e+48,8.8582054357e+48,4.4139929936e+00
32,6.7051051408e+00,2.8680198444e+15,1.1284714754e+02,1.8743996545e+48,8.2645817044e+48,4.4091886620e+00
32,6.7051051408e+00,2.8680198444e+15,1.3282080964e+02,1.7515142192e+48,7.7388785745e+48,4.4183932334e+00
32,6.7051051408e+00,2.8680198444e+15,1.5632975984e+02,1.6373347367e+48,7.2311138173e+48,4.4163930901e+00
32,6.7051051408e+00,2.8680198444e+15,1.8399973526e+02,1.5311134422e+48,6.7287307226e+48,4.3946650437e+00
32,6.7051051408e+00,2.8680198444e+15,2.1656722693e+02,1.4321916492e+48,6.3306450820e+48,4.4202499612e+00
32,6.7051051408e+00,2.8680198444e+15,2.5489908296e+02,1.3399851131e+48,5.8962069325e+48,4.4002033120e+00
32,6.7051051408e+00,2.8680198444e+15,3.0001558136e+02,1.2539723132e+48,5.5342416883e+48,4.4133683257e+00
32,6.7051051408e+00,2.8680198444e+15,3.5311758683e+02,1.1736850100e+48,5.1756880811e+48,4.4097760786e+00
32,6.7051051408e+00,2.8680198444e+15,4.1561851410e+02,1.0987005859e+48,4.8456119220e+48,4.4103115846e+00
32,6.7051051408e+00,2.8680198444e+15,4.8918194873e+02,1.0286357921e+48,4.5368547855e+48,4.4105550483e+00
32,6.7051051408e+00,2.8680198444e+15,5.7576592681e+02,9.6314160972e+47,4.2500406747e+48,4.4126851460e+00
32,6.7051051408e+00,2.8680198444e+15,6.7767505185e+02,9.0189899766e+47,3.9811488410e+48,4.4141847937e+00
32,6.7051051408e+00,2.8680198444e+15,7.9762183644e+02,8.4461534917e+47,3.7281928500e+48,4.4140718655e+00
32,6.7051051408e+00,2.8680198444e+15,9.3879890108e+02,7.9102151873e+47,3.4913631886e+48,4.4137398362e+00
32,6.7051051408e+00,2.8680198444e+15,1.1049639521e+03,7.4086930895e+47,3.2700521726e+48,4.4138043420e+00
32,6.7051051408e+00,2.8680198444e+15,1.3005398004e+03,6.9392933095e+47,3.0628056000e+48,4.4137139956e+00
32,6.7051051408e+00,2.8680198444e+15,1.5307320834e+03,6.4998916953e+47,2.8694403565e+48,4.4145971825e+00
32,6.7051051408e+00,2.8680198444e+15,1.8016678231e+03,6.0885179806e+47,2.6900464161e+48,4.4182285816e+00
32,6.7051051408e+00,2.8680198444e+15,2.1205585093e+03,5.7033419966e+47,2.5213079685e+48,4.4207553571e+00
32,6.7051051408e+00,2.8680198444e+15,2.4958920471e+03,5.3426615933e+47,2.3597082805e+48,4.4167279534e+00
32,6.7051051408e+00,2.8680198444e+15,2.9376586798e+03,5.0048919895e+47,2.2104992816e+48,4.4166772954e+00
32,6.7051051408e+00,2.8680198444e+15,3.4576168986e+03,4.6885563229e+47,2.0710626604e+48,4.4172715816e+00
32,6.7051051408e+00,2.8680198444e+15,4.0696064181e+03,4.3922772155e+47,1.9381600568e+48,4.4126542149e+00
32,6.7051051408e+00,2.8680198444e+15,4.7899165476e+03,4.1147692039e+47,1.8157253516e+48,4.4127027828e+00
32,6.7051051408e+00,2.8680198444e+15,5.6377197636e+03,3.8548319114e+47,1.7011236269e+48,4.4129644714e+00
32,6.7051051408e+00,2.8680198444e+15,6.6355820225e+03,3.6113438613e+47,1.5917523632e+48,4.4076455311e+00
32,6.7051051408e+00,2.8680198444e+15,7.8100633987e+03,3.3832568463e+47,1.4887351587e+48,4.4003019172e+00
32,6.7051051408e+00,2.8680198444e+15,9.1924250329e+03,3.1695907865e+47,1.3943420675e+48,4.3991232984e+00
32,6.7051051408e+00,2.8680198444e+15,1.0819461209e+04,2.9694290169e+47,1.3071788396e+48,4.4021218630e+00
32,6.7051051408e+00,2.8680198444e+15,1.2734478709e+04,2.7819139563e+47,1.2246476596e+48,4.4021766268e+00
32,6.7051051408e+00,2.8680198444e+15,1.4988449502e+04,2.6062431139e+47,1.1467107949e+48,4.3998611976e+00
32,6.7051051408e+00,2.8680198444e+15,1.7641367474e+04,2.4416654517e+47,1.0748090230e+48,4.4019504075e+00
32,6.7051051408e+00,2.8680198444e+15,2.0763845273e+04,2.2874778054e+47,1.0080706807e+48,4.4069091218e+00
32,6.7051051408e+00,2.8680198444e+15,2.4438993811e+04,2.1430218943e+47,9.4390626931e+47,4.4045572834e+00
32,6.7051051408e+00,2.8680198444e+15,2.8764634423e+04,2.0076813300e+47,8.8344345726e+47,4.4003171423e+00
32,6.7051051408e+00,2.8680198444e+15,3.3855902575e+04,1.8808788775e+47,8.3034366266e+47,4.4146578102e+00
32,6.7051051408e+00,2.8680198444e+15,3.9848312421e+04,1.7620739111e+47,7.7900189438e+47,4.4209376773e+00
32,6.7051051408e+00,2.8680198444e+15,4.6901363782e+04,1.6507600435e+47,7.2594226585e+47,4.3976244078e+00
32,6.7051051408e+00,2.8680198444e+15,5.5202787544e+04,1.5464629143e+47,6.8459418203e+47,4.4268386634e+00
32,6.7051051408e+00,2.8680198444e+15,6.4973542493e+04,1.4487381259e+47,6.4021150598e+47,4.4190975203e+00
32,6.7051051408e+00,2.8680198444e+15,7.6473696562e+04,1.3571693153e+47,5.9951341537e+47,4.4173811521e+00
32,6.7051051408e+00,2.8680198444e+15,9.0009349060e+04,1.2713663511e+47,5.6172920312e+47,4.4183110763e+00
32,6.7051051408e+00,2.8680198444e+15,1.0594077810e+05,1.1909636478e+47,5.2633519886e+47,4.4194060822e+00
32,6.7051051408e+00,2.8680198444e+15,1.2469203013e+05,1.1156185877e+47,4.9295107227e+47,4.4186344482e+00
32,6.7051051408e+00,2.8680198444e+15,1.4676220674e+05,1.0450100438e+47,4.6160743067e+47,4.4172535319e+00
32,6.7051051408e+00,2.8680198444e+15,1.7273874926e+05,9.7883699463e+46,4.3237394378e+47,4.4172211119e+00
32,6.7051051408e+00,2.8680198444e+15,2.0331307466e+05,9.1681722703e+46,4.0505897775e+47,4.4180995493e+00
32,6.7051051408e+00,2.8680198444e+15,2.3929897897e+05,8.5868611767e+46,3.7933002645e+47,4.4175632823e+00
32,6.7051051408e+00,2.8680198444e+15,2.8165429809e+05,8.0419548956e+46,3.5503490888e+47,4.4147836376e+00
32,6.7051051408e+00,2.8680198444e+15,3.3150640247e+05,7.5311253663e+46,3.3224802474e+47,4.4116650379e+00
32,6.7051051408e+00,2.8680198444e+15,3.9018220430e+05,7.0521881124e+46,3.1094667070e+47,4.4092225809e+00
32,6.7051051408e+00,2.8680198444e+15,4.5924347590e+05,6.6030926900e+46,2.9090781235e+47,4.4056296952e+00
32,6.7051051408e+00,2.8680198444e+15,5.4052841937e+05,6.1819136519e+46,2.7224745515e+47,4.4039349378e+00
32,6.7051051408e+00,2.8680198444e+15,6.3620059397e+05,5.7868419668e+46,2.5519598406e+47,4.4099352552e+00
32,6.7051051408e+00,2.8680198444e+15,7.4880650353e+05,5.4161768257e+46,2.3864586543e+47,4.4061682828e+00
32,6.7051051408e+00,2.8680198444e+15,8.8134337667e+05,5.0683177533e+46,2.2335220427e+47,4.4068311251e+00
32,6.7051051408e+00,2.8680198444e+15,1.0373389440e+06,4.7417569209e+46,2.0887092318e+47,4.4049268376e+00
32,6.7051051408e+00,2.8680198444e+15,1.2209453354e+06,4.4350715180e+46,1.9541203420e+47,4.4060627525e+00
32,6.7051051408e+00,2.8680198444e+15,1.4370495977e+06,4.1469159818e+46,1.8298537829e+47,4.4125653640e+00
32,6.7051051408e+00,2.8680198444e+15,1.6914037724e+06,3.8760137880e+46,1.7112033784e+47,4.4148536924e+00
32,6.7051051408e+00,2.8680198444e+15,1.9907779982e+06,3.6211483767e+46,1.5968622945e+47,4.4098228750e+00
32,6.7051051408e+00,2.8680198444e+15,2.3431407110e+06,3.3811526263e+46,1.4895153948e+47,4.4053479964e+00
32,6.7051051408e+00,2.8680198444e+15,2.7578707404e+06,3.1548961638e+46,1.3901621267e+47,4.4063641228e+00
32,6.7051051408e+00,2.8680198444e+15,3.2460069448e+06,2.9412698561e+46,1.2959064899e+47,4.4059421724e+00
32,6.7051051408e+00,2.8680198444e+15,3.8205420331e+06,2.7391673754e+46,1.2043414442e+47,4.3967428022e+00
32,6.7051051408e+00,2.8680198444e+15,4.4967683912e+06,2.5474652220e+46,1.1174351084e+47,4.3864587386e+00
32,6.7051051408e+00,2.8680198444e+15,5.2926851187e+06,2.3650054619e+46,1.0373295300e+47,4.3861612448e+00
32,6.7051051408e+00,2.8680198444e+15,6.2294771108e+06,2.1905896782e+46,9.5971937748e+46,4.3811006097e+00
32,6.7051051408e+00,2.8680198444e+15,7.3320789361e+06,2.0229969597e+46,8.8066621715e+46,4.3532750404e+00
32,6.7051051408e+00,2.8680198444e+15,8.6298385191e+06,1.8610400582e+46,8.0840339798e+46,4.3438258859e+00
32,6.7051051408e+00,2.8680198444e+15,1.0157298294e+07,1.7036677867e+46,7.3562303974e+46,4.3178784356e+00
32,6.7051051408e+00,2.8680198444e+15,1.1955114617e+07,1.5501055505e+46,6.6516741223e+46,4.2911104474e+00
32,6.7051051408e+00,2.8680198444e+15,1.4071139922e+07,1.4000028548e+46,5.9641532128e+46,4.2601007508e+00
32,6.7051051408e+00,2.8680198444e+15,1.6561696398e+07,1.2535384364e+46,5.2879655147e+46,4.2184310918e+00
32,6.7051051408e+00,2.8680198444e+15,1.9493075124e+07,1.1114359019e+46,4.6386003560e+46,4.1735203515e+00
32,6.7051051408e+00,2.8680198444e+15,2.2943300533e+07,9.7487023276e+45,4.0304541999e+46,4.1343494390e+00
32,6.7051051408e+00,2.8680198444e+15,2.7004207186e+07,8.4527849664e+45,3.4618197069e+46,4.0954782603e+00
32,6.7051051408e+00,2.8680198444e+15,3.1783884133e+07,7.2410222060e+45,2.9332203254e+46,4.0508373569e+00
32,6.7051051408e+00,2.8680198444e+15,3.7409551911e+07,6.1250872258e+45,2.4526003295e+46,4.0041884126e+00
32,6.7051051408e+00,2.8680198444e+15,4.4030948778e+07,5.1120497350e+45,2.0263495781e+46,3.9638690606e+00
32,6.7051051408e+00,2.8680198444e+15,5.1824316283e+07,4.2047313262e+45,1.6523237162e+46,3.9296772802e+00
32,6.7051051408e+00,2.8680198444e+15,6.0997090291e+07,3.4036954641e+45,1.3243937632e+46,3.8910465910e+00
32,6.7051051408e+00,2.8680198444e+15,7.1793422294e+07,2.7082248849e+45,1.0412849200e+46,3.8448982793e+00
32,6.7051051408e+00,2.8680198444e+15,8.4500677985e+07,2.1150736559e+45,8.0530102345e+45,3.8074372549e+00
32,6.7051051408e+00,2.8680198444e+15,9.9457086063e+07,1.6170757342e+45,6.1104445991e+45,3.7787003229e+00
32,6.7051051408e+00,2.8680198444e+15,1.1706074086e+08,1.2037457887e+45,4.4650838135e+45,3.7093245563e+00
32,6.7051051408e+00,2.8680198444e+15,1.3778019841e+08,8.6328621378e+44,3.1340553923e+45,3.6303781322e+00
32,6.7051051408e+00,2.8680198444e+15,1.6216694798e+08,5.8429744871e+44,2.0634629836e+45,3.5315283135e+00
32,6.7051051408e+00,2.8680198444e+15,1.9087009106e+08,3.5997296386e+44,1.2425257878e+45,3.4517197472e+00
32,6.7051051408e+00,2.8680198444e+15,2.2465361848e+08,2.0433251394e+44,6.8203639938e+44,3.3378750460e+00
32,6.7051051408e+00,2.8680198444e+15,2.6441674553e+08,1.0221450521e+44,3.1792827916e+44,3.1104027603e+00
32,6.7051051408e+00,2.8680198444e+15,3.1121784634e+08,3.9739796228e+43,8.9908865510e+43,2.2624390169e+00
48,3.4092541800e+02,1.1580319200e+17,1.0000000000e+00,6.4880652216e+53,7.7631854772e+52,1.1965332055e-01
48,3.4092541800e+02,1.1580319200e+17,1.1769974920e+00,9.4254834053e+52,1.2579628139e+53,1.3346401026e+00
48,3.4092541800e+02,1.1580319200e+17,1.3853230963e+00,1.1978166854e+53,1.7257846332e+53,1.4407752490e+00
48,3.4092541800e+02,1.1580319200e+17,1.6305218099e+00,1.5031036744e+53,2.1295685563e+53,1.4167808865e+00
48,3.4092541800e+02,1.1580319200e+17,1.9191200810e+00,1.8618774527e+53,2.4533308988e+53,1.3176650780e+00
48,3.4092541800e+02,1.1580319200e+17,2.2587995223e+00,2.5376537606e+53,3.6550589150e+53,1.4403300292e+00
48,3.4092541800e+02,1.1580319200e+17,2.6586013727e+00,3.2707899656e+53,4.1172880382e+53,1.2588053900e+00
48,3.4092541800e+02,1.1580319200e+17,3.1291671480e+00,2.5326018556e+53,3.3097519696e+53,1.3068583845e+00
48,3.4092541800e+02,1.1580319200e+17,3.6830218853e+00,2.0539008048e+53,2.6937848339e+53,1.3115457317e+00
48,3.4092541800e+02,1.1580319200e+17,4.3349075221e+00,1.7145881008e+53,2.2566045222e+53,1.3161204847e+00
48,3.4092541800e+02,1.1580319200e+17,5.1021752817e+00,1.4631806814e+53,1.9315592595e+53,1.3201098702e+00
48,3.4092541800e+02,1.1580319200e+17,6.0052475105e+00,1.2701807181e+53,1.6801618449e+53,1.3227738549e+00
48,3.4092541800e+02,1.1580319200e+17,7.0681612589e+00,1.1176494860e+53,1.4808602364e+53,1.3249773340e+00
48,3.4092541800e+02,1.1580319200e+17,8.3192080750e+00,9.9414302154e+52,1.3191927615e+53,1.3269647656e+00
48,3.4092541800e+02,1.1580319200e+17,9.7916870400e+00,8.9206822626e+52,1.1849313728e+53,1.3282968028e+00
48,3.4092541800e+02,1.1580319200e+17,1.1524791089e+01,8.0621900186e+52,1.0717832170e+53,1.3293946366e+00
48,3.4092541800e+02,1.1580319200e+17,1.3564650208e+01,7.3292509771e+52,9.7484023174e+52,1.3300680176e+00
48,3.4092541800e+02,1.1580319200e+17,1.5965559275e+01,6.6953630383e+52,8.9115749346e+52,1.3310069795e+00
48,3.4092541800e+02,1.1580319200e+17,1.8791423225e+01,6.1409858247e+52,8.1783060590e+52,1.3317578468e+00
48,3.4092541800e+02,1.1580319200e+17,2.2117458008e+01,5.6514437409e+52,7.5312465886e+52,1.3326234735e+00
48,3.4092541800e+02,1.1580319200e+17,2.6032192606e+01,5.2155313894e+52,6.9535061179e+52,1.3332306142e+00
48,3.4092541800e+02,1.1580319200e+17,3.0639825409e+01,4.8245639907e+52,6.4341536757e+52,1.3336238649e+00
48,3.4092541800e+02,1.1580319200e+17,3.6062997662e+01,4.4717172266e+52,5.9647829866e+52,1.3338909158e+00
48,3.4092541800e+02,1.1580319200e+17,4.2446057804e+01,4.1515597606e+52,5.5386931890e+52,1.3341234400e+00
48,3.4092541800e+02,1.1580319200e+17,4.9958903582e+01,3.8597167346e+52,5.1498060888e+52,1.3342445684e+00
48,3.4092541800e+02,1.1580319200e+17,5.8801504221e+01,3.5926239868e+52,4.7861322991e+52,1.3322107509e+00
48,3.4092541800e+02,1.1580319200e+17,6.9209222995e+01,3.3473461780e+52,4.4575061956e+52,1.3316537814e+00
48,3.4092541800e+02,1.1580319200e+17,8.1459081891e+01,3.1214406257e+52,4.1710778600e+52,1.3362669229e+00
48,3.4092541800e+02,1.1580319200e+17,9.5877135089e+01,2.9128542843e+52,3.8985768910e+52,1.3384043658e+00
48,3.4092541800e+02,1.1580319200e+17,1.1284714754e+02,2.7198450540e+52,3.6323348195e+52,1.3354932900e+00
48,3.4092541800e+02,1.1580319200e+17,1.3282080964e+02,2.5409211527e+52,3.3898636405e+52,1.3341081587e+00
48,3.4092541800e+02,1.1580319200e+17,1.5632975984e+02,2.3747940275e+52,3.1761219303e+52,1.3374304860e+00
48,3.4092541800e+02,1.1580319200e+17,1.8399973526e+02,2.2203415109e+52,2.9728704148e+52,1.3389248457e+00
48,3.4092541800e+02,1.1580319200e+17,2.1656722693e+02,2.0765787896e+52,2.7703031879e+52,1.3340708293e+00
48,3.4092541800e+02,1.1580319200e+17,2.5489908296e+02,1.9426353755e+52,2.5860954025e+52,1.3312304692e+00
48,3.4092541800e+02,1.1580319200e+17,3.0001558136e+02,1.8177367194e+52,2.4304654913e+52,1.3370833440e+00
48,3.4092541800e+02,1.1580319200e+17,3.5311758683e+02,1.7011894365e+52,2.2766222893e+52,1.3382532483e+00
48,3.4092541800e+02,1.1580319200e+17,4.1561851410e+02,1.5923693586e+52,2.1215593573e+52,1.3323286748e+00
48,3.4092541800e+02,1.1580319200e+17,4.8918194873e+02,1.4907118102e+52,1.9958215336e+52,1.3388379430e+00
48,3.4092541800e+02,1.1580319200e+17,5.7576592681e+02,1.3957036425e+52,1.8628296122e+52,1.3346885080e+00
48,3.4092541800e+02,1.1580319200e+17,6.7767505185e+02,1.3068766627e+52,1.7467236486e+52,1.3365635017e+00
48,3.4092541800e+02,1.1580319200e+17,7.9762183644e+02,1.2238021798e+52,1.6362243931e+52,1.3370007180e+00
48,3.4092541800e+02,1.1580319200e+17,9.3879890108e+02,1.1460864418e+52,1.5311256380e+52,1.3359599958e+00
48,3.4092541800e+02,1.1580319200e+17,1.1049639521e+03,1.0733667950e+52,1.4314000940e+52,1.3335609976e+00
48,3.4092541800e+02,1.1580319200e+17,1.3005398004e+03,1.0053084244e+52,1.3405689333e+52,1.3334902014e+00
48,3.4092541800e+02,1.1580319200e+17,1.5307320834e+03,9.4160156932e+51,1.2573730598e+52,1.3353557394e+00
48,3.4092541800e+02,1.1580319200e+17,1.8016678231e+03,8.8195912679e+51,1.1781861410e+52,1.3358738576e+00
48,3.4092541800e+02,1.1580319200e+17,2.1205585093e+03,8.2611457375e+51,1.1028165427e+52,1.3349438174e+00
48,3.4092541800e+02,1.1580319200e+17,2.4958920471e+03,7.7382015322e+51,1.0335627854e+52,1.3356627907e+00
48,3.4092541800e+02,1.1580319200e+17,2.9376586798e+03,7.2484528030e+51,9.6972296573e+51,1.3378344208e+00
48,3.4092541800e+02,1.1580319200e+17,3.4576168986e+03,6.7897513189e+51,9.0789159797e+51,1.3371500005e+00
48,3.4092541800e+02,1.1580319200e+17,4.0696064181e+03,6.3600941788e+51,8.4902549962e+51,1.3349259865e+00
48,3.4092541800e+02,1.1580319200e+17,4.7899165476e+03,5.9576119690e+51,7.9691557147e+51,1.3376426253e+00
48,3.4092541800e+02,1.1580319200e+17,5.6377197636e+03,5.5805585807e+51,7.4604151992e+51,1.3368581462e+00
48,3.4092541800e+02,1.1580319200e+17,6.6355820225e+03,5.2273028339e+51,6.9775097229e+51,1.3348202590e+00
48,3.4092541800e+02,1.1580319200e+17,7.8100633987e+03,4.8963197464e+51,6.5252505782e+51,1.3326847339e+00
48,3.4092541800e+02,1.1580319200e+17,9.1924250329e+03,4.5861829290e+51,6.1220436438e+51,1.3348886729e+00
48,3.4092541800e+02,1.1580319200e+17,1.0819461209e+04,4.2955576227e+51,5.7326224527e+51,1.3345467472e+00
48,3.4092541800e+02,1.1580319200e+17,1.2734478709e+04,4.0231942942e+51,5.3790443748e+51,1.3370083524e+00
48,3.4092541800e+02,1.1580319200e+17,1.4988449502e+04,3.7679227263e+51,5.0456052557e+51,1.3390946742e+00
48,3.4092541800e+02,1.1580319200e+17,1.7641367474e+04,3.5286465467e+51,4.7208190897e+51,1.3378554715e+00
48,3.4092541800e+02,1.1580319200e+17,2.0763845273e+04,3.3043381475e+51,4.4162311663e+51,1.3364949255e+00
48,3.4092541800e+02,1.1580319200e+17,2.4438993811e+04,3.0940339514e+51,4.1389705095e+51,1.3377262740e+00
48,3.4092541800e+02,1.1580319200e+17,2.8764634423e+04,2.8968299866e+51,3.8767064153e+51,1.3382581764e+00
48,3.4092541800e+02,1.1580319200e+17,3.3855902575e+04,2.7118777319e+51,3.6200754604e+51,1.3348962668e+00
48,3.4092541800e+02,1.1580319200e+17,3.9848312421e+04,2.5383801979e+51,3.3818288156e+51,1.3322782846e+00
48,3.4092541800e+02,1.1580319200e+17,4.6901363782e+04,2.3755882067e+51,3.1711803845e+51,1.3349032360e+00
48,3.4092541800e+02,1.1580319200e+17,5.5202787544e+04,2.2227968296e+51,2.9661424453e+51,1.3344190552e+00
48,3.4092541800e+02,1.1580319200e+17,6.4973542493e+04,2.0793419360e+51,2.7635497438e+51,1.3290501654e+00
48,3.4092541800e+02,1.1580319200e+17,7.6473696562e+04,1.9445967937e+51,2.5971392220e+51,1.3355669568e+00
48,3.4092541800e+02,1.1580319200e+17,9.0009349060e+04,1.8179686419e+51,2.4233920930e+51,1.3330219439e+00
48,3.4092541800e+02,1.1580319200e+17,1.0594077810e+05,1.6988951195e+51,2.2671072663e+51,1.3344598147e+00
48,3.4092541800e+02,1.1580319200e+17,1.2469203013e+05,1.5868403794e+51,2.1163445674e+51,1.3336845942e+00
48,3.4092541800e+02,1.1580319200e+17,1.4676220674e+05,1.4812906253e+51,1.9722791877e+51,1.3314599809e+00
48,3.4092541800e+02,1.1580319200e+17,1.7273874926e+05,1.3817487073e+51,1.8349956679e+51,1.3280241611e+00
48,3.4092541800e+02,1.1580319200e+17,2.0331307466e+05,1.2877273645e+51,1.7066356431e+51,1.3253082059e+00
48,3.4092541800e+02,1.1580319200e+17,2.3929897897e+05,1.1987409009e+51,1.5868603281e+51,1.3237725741e+00
48,3.4092541800e+02,1.1580319200e+17,2.8165429809e+05,1.1142958603e+51,1.4734526391e+51,1.3223172513e+00
48,3.4092541800e+02,1.1580319200e+17,3.3150640247e+05,1.0338829654e+51,1.3651776803e+51,1.3204373473e+00
48,3.4092541800e+02,1.1580319200e+17,3.9018220430e+05,9.5697519759e+50,1.2619587227e+51,1.3186953286e+00
48,3.4092541800e+02,1.1580319200e+17,4.5924347590e+05,8.8303933154e+50,1.1625681415e+51,1.3165530685e+00
48,3.4092541800e+02,1.1580319200e+17,5.4052841937e+05,8.1156791484e+50,1.0643677649e+51,1.3114956191e+00
48,3.4092541800e+02,1.1580319200e+17,6.3620059397e+05,7.4213261566e+50,9.6667429039e+50,1.3025627361e+00
48,3.4092541800e+02,1.1580319200e+17,7.4880650353e+05,6.7444922427e+50,8.7163615795e+50,1.2923673519e+00
48,3.4092541800e+02,1.1580319200e+17,8.8134337667e+05,6.0843817880e+50,7.7879977633e+50,1.2799982044e+00
48,3.4092541800e+02,1.1580319200e+17,1.0373389440e+06,5.4426731619e+50,6.8849796701e+50,1.2649996546e+00
48,3.4092541800e+02,1.1580319200e+17,1.2209453354e+06,4.8235675388e+50,6.0415903367e+50,1.2525149255e+00
48,3.4092541800e+02,1.1580319200e+17,1.4370495977e+06,4.2329812603e+50,5.2486709035e+50,1.2399466430e+00
48,3.4092541800e+02,1.1580319200e+17,1.6914037724e+06,3.6766376890e+50,4.5023810722e+50,1.2245919922e+00
48,3.4092541800e+02,1.1580319200e+17,1.9907779982e+06,3.1582344082e+50,3.8157719253e+50,1.2081978194e+00
48,3.4092541800e+02,1.1580319200e+17,2.3431407110e+06,2.6797373727e+50,3.1946388945e+50,1.1921462629e+00
48,3.4092541800e+02,1.1580319200e+17,2.7578707404e+06,2.2437152609e+50,2.6428552589e+50,1.1778924469e+00
48,3.4092541800e+02,1.1580319200e+17,3.2460069448e+06,1.8545975996e+50,2.1647538953e+50,1.1672364376e+00
48,3.4092541800e+02,1.1580319200e+17,3.8205420331e+06,1.5167160370e+50,1.7611937473e+50,1.1611888477e+00
48,3.4092541800e+02,1.1580319200e+17,4.4967683912e+06,1.2311385465e+50,1.4264119964e+50,1.1586120835e+00
48,3.4092541800e+02,1.1580319200e+17,5.2926851187e+06,9.9461916202e+49,1.1505448318e+50,1.1567692196e+00
48,3.4092541800e+02,1.1580319200e+17,6.2294771108e+06,8.0109784872e+49,9.2481625931e+49,1.1544360789e+00
48,3.4092541800e+02,1.1580319200e+17,7.3320789361e+06,6.4378060677e+49,7.4265447643e+49,1.1535831751e+00
48,3.4092541800e+02,1.1580319200e+17,8.6298385191e+06,5.1637455648e+49,5.9617755189e+49,1.1545447862e+00
48,3.4092541800e+02,1.1580319200e+17,1.0157298294e+07,4.1346994254e+49,4.7673848746e+49,1.1530184868e+00
48,3.4092541800e+02,1.1580319200e+17,1.1955114617e+07,3.3053707224e+49,3.8108889365e+49,1.1529384316e+00
48,3.4092541800e+02,1.1580319200e+17,1.4071139922e+07,2.6382368156e+49,3.0423667519e+49,1.1531818273e+00
48,3.4092541800e+02,1.1580319200e+17,1.6561696398e+07,2.1024218874e+49,2.4179877124e+49,1.1500963374e+00
48,3.4092541800e+02,1.1580319200e+17,1.9493075124e+07,1.6726531946e+49,1.9215629870e+49,1.1488113575e+00
48,3.4092541800e+02,1.1580319200e+17,2.2943300533e+07,1.3283347423e+49,1.5249512997e+49,1.1480173267e+00
48,3.4092541800e+02,1.1580319200e+17,2.7004207186e+07,1.0527433013e+49,1.2066213465e+49,1.1461686292e+00
48,3.4092541800e+02,1.1580319200e+17,3.1783884133e+07,8.3234191933e+48,9.5230911261e+48,1.1441321054e+00
48,3.4092541800e+02,1.1580319200e+17,3.7409551911e+07,6.5620115361e+48,7.5022951903e+48,1.1432919843e+00
48,3.4092541800e+02,1.1580319200e+17,4.4030948778e+07,5.1551601038e+48,5.8907592682e+48,1.1426918174e+00
48,3.4092541800e+02,1.1580319200e+17,5.1824316283e+07,4.0320601247e+48,4.5977079321e+48,1.1402875428e+00
48,3.4092541800e+02,1.1580319200e+17,6.0997090291e+07,3.1358625609e+48,3.5645385158e+48,1.1367011298e+00
48,3.4092541800e+02,1.1580319200e+17,7.1793422294e+07,2.4209830479e+48,2.7466189644e+48,1.1345056574e+00
48,3.4092541800e+02,1.1580319200e+17,8.4500677985e+07,1.8509100505e+48,2.0941933077e+48,1.1314398056e+00
48,3.4092541800e+02,1.1580319200e+17,9.9457086063e+07,1.3964261051e+48,1.5647025171e+48,1.1205050603e+00
48,3.4092541800e+02,1.1580319200e+17,1.1706074086e+08,1.0341685742e+48,1.1436032308e+48,1.1058189731e+00
48,3.4092541800e+02,1.1580319200e+17,1.3778019841e+08,7.4546783218e+47,8.1673024406e+47,1.0955942145e+00
48,3.4092541800e+02,1.1580319200e+17,1.6216694798e+08,5.1541087472e+47,5.4742200794e+47,1.0621079895e+00
48,3.4092541800e+02,1.1580319200e+17,1.9087009106e+08,3.3208685218e+47,3.4248945470e+47,1.0313249454e+00
48,3.4092541800e+02,1.1580319200e+17,2.2465361848e+08,1.9108054316e+47,1.9047346542e+47,9.9682292228e-01
48,3.4092541800e+02,1.1580319200e+17,2.6441674553e+08,9.6780520686e+46,8.9841163103e+46,9.2829799289e-01
48,3.4092541800e+02,1.1580319200e+17,3.1121784634e+08,3.8130800014e+46,2.5634403072e+46,6.7227551121e-01
63,1.4000233512e+04,6.8768421657e+17,1.0000000000e+00,2.6571389027e+54,1.4458052575e+54,5.4412106797e-01
63,1.4000233512e+04,6.8768421657e+17,1.1769974920e+00,2.7931412447e+53,3.6779848512e+53,1.3167915723e+00
63,1.4000233512e+04,6.8768421657e+17,1.3853230963e+00,3.4345441750e+53,4.7616961288e+53,1.3864128356e+00
63,1.4000233512e+04,6.8768421657e+17,1.6305218099e+00,4.1416813360e+53,5.9534374049e+53,1.4374445840e+00
63,1.4000233512e+04,6.8768421657e+17,1.9191200810e+00,4.8724654376e+53,6.9323482198e+53,1.4227598551e+00
63,1.4000233512e+04,6.8768421657e+17,2.2587995223e+00,5.5665807641e+53,7.7723198329e+53,1.3962466660e+00
63,1.4000233512e+04,6.8768421657e+17,2.6586013727e+00,6.1522231983e+53,8.3816612743e+53,1.3623792577e+00
63,1.4000233512e+04,6.8768421657e+17,3.1291671480e+00,6.5615166654e+53,8.3592592915e+53,1.2739827875e+00
63,1.4000233512e+04,6.8768421657e+17,3.6830218853e+00,6.7491654648e+53,7.7650751878e+53,1.1505237541e+00
63,1.4000233512e+04,6.8768421657e+17,4.3349075221e+00,6.7074970953e+53,7.0681810623e+53,1.0537732573e+00
63,1.4000233512e+04,6.8768421657e+17,5.1021752817e+00,6.4703731751e+53,6.4995345657e+53,1.0045069102e+00
63,1.4000233512e+04,6.8768421657e+17,6.0052475105e+00,6.1022131822e+53,5.9507033278e+53,9.7517132720e-01
63,1.4000233512e+04,6.8768421657e+17,7.0681612589e+00,5.6755885950e+53,5.4568557451e+53,9.6146076372e-01
63,1.4000233512e+04,6.8768421657e+17,8.3192080750e+00,5.2480673724e+53,5.1322859157e+53,9.7793826783e-01
63,1.4000233512e+04,6.8768421657e+17,9.7916870400e+00,4.8505451472e+53,4.7358582674e+53,9.7635587830e-01
63,1.4000233512e+04,6.8768421657e+17,1.1524791089e+01,4.4903688380e+53,4.4190435842e+53,9.8411594764e-01
63,1.4000233512e+04,6.8768421657e+17,1.3564650208e+01,4.1645980617e+53,4.1032885214e+53,9.8527840158e-01
63,1.4000233512e+04,6.8768421657e+17,1.5965559275e+01,3.8685826532e+53,3.8344493103e+53,9.9117678334e-01
63,1.4000233512e+04,6.8768421657e+17,1.8791423225e+01,3.5983672223e+53,3.5642671538e+53,9.9052346065e-01
63,1.4000233512e+04,6.8768421657e+17,2.2117458008e+01,3.3507529415e+53,3.3159630704e+53,9.8961729745e-01
63,1.4000233512e+04,6.8768421657e+17,2.6032192606e+01,3.1231033194e+53,3.1047312232e+53,9.9411735883e-01
63,1.4000233512e+04,6.8768421657e+17,3.0639825409e+01,2.9132213463e+53,2.9073423480e+53,9.9798195964e-01
63,1.4000233512e+04,6.8768421657e+17,3.6062997662e+01,2.7192570689e+53,2.7089080359e+53,9.9619416892e-01
63,1.4000233512e+04,6.8768421657e+17,4.2446057804e+01,2.5396373070e+53,2.5284746738e+53,9.9560463490e-01
63,1.4000233512e+04,6.8768421657e+17,4.9958903582e+01,2.3730116869e+53,2.3704640857e+53,9.9892642699e-01
63,1.4000233512e+04,6.8768421657e+17,5.8801504221e+01,2.2182108371e+53,2.2116716626e+53,9.9705205005e-01
63,1.4000233512e+04,6.8768421657e+17,6.9209222995e+01,2.0742137378e+53,2.0756951035e+53,1.0007141818e+00
63,1.4000233512e+04,6.8768421657e+17,8.1459081891e+01,1.9401220258e+53,1.9408022822e+53,1.0003506256e+00
63,1.4000233512e+04,6.8768421657e+17,9.5877135089e+01,1.8151396242e+53,1.8169524317e+53,1.0009987152e+00
63,1.4000233512e+04,6.8768421657e+17,1.1284714754e+02,1.6985564808e+53,1.7004759236e+53,1.0011300435e+00
63,1.4000233512e+04,6.8768421657e+17,1.3282080964e+02,1.5897354964e+53,1.5908021367e+53,1.0006709545e+00
63,1.4000233512e+04,6.8768421657e+17,1.5632975984e+02,1.4881019453e+53,1.4876058154e+53,9.9966660223e-01
63,1.4000233512e+04,6.8768421657e+17,1.8399973526e+02,1.3931348551e+53,1.3927924446e+53,9.9975421582e-01
63,1.4000233512e+04,6.8768421657e+17,2.1656722693e+02,1.3043599334e+53,1.3067776673e+53,1.0018535788e+00
63,1.4000233512e+04,6.8768421657e+17,2.5489908296e+02,1.2213437234e+53,1.2251731420e+53,1.0031354143e+00
63,1.4000233512e+04,6.8768421657e+17,3.0001558136e+02,1.1436887407e+53,1.1447249580e+53,1.0009060309e+00
63,1.4000233512e+04,6.8768421657e+17,3.5311758683e+02,1.0710293973e+53,1.0700159691e+53,9.9905378116e-01
63,1.4000233512e+04,6.8768421657e+17,4.1561851410e+02,1.0030285613e+53,1.0031494138e+53,1.0001204875e+00
63,1.4000233512e+04,6.8768421657e+17,4.8918194873e+02,9.3937463192e+52,9.3985065032e+52,1.0005067397e+00
63,1.4000233512e+04,6.8768421657e+17,5.7576592681e+02,8.7977903565e+52,8.8107214812e+52,1.0014698151e+00
63,1.4000233512e+04,6.8768421657e+17,6.7767505185e+02,8.2397406470e+52,8.2594924782e+52,1.0023971423e+00
63,1.4000233512e+04,6.8768421657e+17,7.9762183644e+02,7.7171106723e+52,7.7295275630e+52,1.0016090077e+00
63,1.4000233512e+04,6.8768421657e+17,9.3879890108e+02,7.2275847273e+52,7.2368526720e+52,1.0012823018e+00
63,1.4000233512e+04,6.8768421657e+17,1.1049639521e+03,6.7690038778e+52,6.7751166338e+52,1.0009030510e+00
63,1.4000233512e+04,6.8768421657e+17,1.3005398004e+03,6.3393557330e+52,6.3486300943e+52,1.0014629817e+00
63,1.4000233512e+04,6.8768421657e+17,1.5307320834e+03,5.9367623567e+52,5.9482421441e+52,1.0019336781e+00
63,1.4000233512e+04,6.8768421657e+17,1.8016678231e+03,5.5594694665e+52,5.5698321514e+52,1.0018639701e+00
63,1.4000233512e+04,6.8768421657e+17,2.1205585093e+03,5.2058368462e+52,5.2130488924e+52,1.0013853769e+00
63,1.4000233512e+04,6.8768421657e+17,2.4958920471e+03,4.8743296779e+52,4.8741465121e+52,9.9996242237e-01
63,1.4000233512e+04,6.8768421657e+17,2.9376586798e+03,4.5635106461e+52,4.5629415225e+52,9.9987528821e-01
63,1.4000233512e+04,6.8768421657e+17,3.4576168986e+03,4.2720326769e+52,4.2773376689e+52,1.0012417958e+00
63,1.4000233512e+04,6.8768421657e+17,4.0696064181e+03,3.9986322146e+52,4.0054829081e+52,1.0017132592e+00
63,1.4000233512e+04,6.8768421657e+17,4.7899165476e+03,3.7421229463e+52,3.7444391018e+52,1.0006189416e+00
63,1.4000233512e+04,6.8768421657e+17,5.6377197636e+03,3.5013898854e+52,3.4989968851e+52,9.9931655705e-01
63,1.4000233512e+04,6.8768421657e+17,6.6355820225e+03,3.2753837263e+52,3.2700507967e+52,9.9837181532e-01
63,1.4000233512e+04,6.8768421657e+17,7.8100633987e+03,3.0631153724e+52,3.0580333721e+52,9.9834090470e-01
63,1.4000233512e+04,6.8768421657e+17,9.1924250329e+03,2.8636505198e+52,2.8597579276e+52,9.9864068880e-01
63,1.4000233512e+04,6.8768421657e+17,1.0819461209e+04,2.6761041554e+52,2.6702724499e+52,9.9782082267e-01
63,1.4000233512e+04,6.8768421657e+17,1.2734478709e+04,2.4996347988e+52,2.4901577496e+52,9.9620862646e-01
63,1.4000233512e+04,6.8768421657e+17,1.4988449502e+04,2.3334382912e+52,2.3222825133e+52,9.9521916738e-01
63,1.4000233512e+04,6.8768421657e+17,1.7641367474e+04,2.1767409385e+52,2.1650132355e+52,9.9461226516e-01
63,1.4000233512e+04,6.8768421657e+17,2.0763845273e+04,2.0287918752e+52,2.0150849778e+52,9.9324381293e-01
63,1.4000233512e+04,6.8768421657e+17,2.4438993811e+04,1.8888546846e+52,1.8724034978e+52,9.9129039046e-01
63,1.4000233512e+04,6.8768421657e+17,2.8764634423e+04,1.7561986367e+52,1.7364323025e+52,9.8874481866e-01
63,1.4000233512e+04,6.8768421657e+17,3.3855902575e+04,1.6300904436e+52,1.6054473084e+52,9.8488235102e-01
63,1.4000233512e+04,6.8768421657e+17,3.9848312421e+04,1.5097881666e+52,1.4813689948e+52,9.8117671581e-01
63,1.4000233512e+04,6.8768421657e+17,4.6901363782e+04,1.3945397598e+52,1.3630652918e+52,9.7743021110e-01
63,1.4000233512e+04,6.8768421657e+17,5.5202787544e+04,1.2835894807e+52,1.2465872260e+52,9.7117282808e-01
63,1.4000233512e+04,6.8768421657e+17,6.4973542493e+04,1.1761956855e+52,1.1318335525e+52,9.6228337377e-01
63,1.4000233512e+04,6.8768421657e+17,7.6473696562e+04,1.0716629548e+52,1.0178020659e+52,9.4974083162e-01
63,1.4000233512e+04,6.8768421657e+17,9.0009349060e+04,9.6938973371e+51,9.0435087977e+51,9.3290742446e-01
63,1.4000233512e+04,6.8768421657e+17,1.0594077810e+05,8.6892973351e+51,7.9110020195e+51,9.1043058080e-01
63,1.4000233512e+04,6.8768421657e+17,1.2469203013e+05,7.7006172480e+51,6.7829907588e+51,8.8083728100e-01
63,1.4000233512e+04,6.8768421657e+17,1.4676220674e+05,6.7285905100e+51,5.6725100374e+51,8.4304581011e-01
63,1.4000233512e+04,6.8768421657e+17,1.7273874926e+05,5.7774819474e+51,4.5964557466e+51,7.9558115255e-01
63,1.4000233512e+04,6.8768421657e+17,2.0331307466e+05,4.8554520909e+51,3.5738160061e+51,7.3604186370e-01
63,1.4000233512e+04,6.8768421657e+17,2.3929897897e+05,3.9745836132e+51,2.6221663387e+51,6.5973359573e-01
63,1.4000233512e+04,6.8768421657e+17,2.8165429809e+05,3.1504251079e+51,1.7704053019e+51,5.6195759024e-01
63,1.4000233512e+04,6.8768421657e+17,3.3150640247e+05,2.4008509549e+51,1.0606924599e+51,4.4179854551e-01
63,1.4000233512e+04,6.8768421657e+17,3.9018220430e+05,1.7440118074e+51,5.4015897306e+50,3.0972208490e-01
63,1.4000233512e+04,6.8768421657e+17,4.5924347590e+05,1.1952978558e+51,2.2277164241e+50,1.8637333057e-01
63,1.4000233512e+04,6.8768421657e+17,5.4052841937e+05,7.6368774588e+50,7.1780387087e+49,9.3991801589e-02
63,1.4000233512e+04,6.8768421657e+17,6.3620059397e+05,4.4853394875e+50,1.8504753765e+49,4.1256082881e-02
63,1.4000233512e+04,6.8768421657e+17,7.4880650353e+05,2.3830469921e+50,4.6892561749e+48,1.9677564859e-02
63,1.4000233512e+04,6.8768421657e+17,8.8134337667e+05,1.1244617108e+50,1.8101916292e+48,1.6098294961e-02
63,1.4000233512e+04,6.8768421657e+17,1.0373389440e+06,4.6142790932e+49,7.5229793714e+47,1.6303693859e-02
63,1.4000233512e+04,6.8768421657e+17,1.2209453354e+06,1.6073742155e+49,1.8768431087e+47,1.1676453999e-02
63,1.4000233512e+04,6.8768421657e+17,1.4370495977e+06,4.6216916738e+48,2.0718894582e+46,4.4829677192e-03
63,1.4000233512e+04,6.8768421657e+17,1.6914037724e+06,1.0612706749e+48,1.2888686155e+46,1.2144579568e-02
63,1.4000233512e+04,6.8768421657e+17,1.9907779982e+06,1.8710958236e+47,1.5165679828e+46,8.1052395270e-02
63,1.4000233512e+04,6.8768421657e+17,2.3431407110e+06,2.4150758714e+46,1.7175014897e+46,7.1115839879e-01
63,1.4000233512e+04,6.8768421657e+17,2.7578707404e+06,2.1529621559e+45,1.9826034679e+46,9.2087241872e+00
63,1.4000233512e+04,6.8768421657e+17,3.2460069448e+06,1.2339142635e+44,1.9674972824e+46,1.5945170103e+02
63,1.4000233512e+04,6.8768421657e+17,3.8205420331e+06,4.1632544784e+42,1.4695986623e+46,3.5299275360e+03
63,1.4000233512e+04,6.8768421657e+17,4.4967683912e+06,7.4312782196e+40,6.3936498335e+44,8.6037013344e+03
63,1.4000233512e+04,6.8768421657e+17,5.2926851187e+06,6.1828181578e+38,7.0369401639e+44,1.1381444488e+06
63,1.4000233512e+04,6.8768421657e+17,6.2294771108e+06,2.0743287154e+36,8.5216010417e+44,4.1081247049e+08
63,1.4000233512e+04,6.8768421657e+17,7.3320789361e+06,2.3929766878e+33,9.7585576625e+44,4.0779994691e+11
63,1.4000233512e+04,6.8768421657e+17,8.6298385191e+06,8.0165689250e+29,1.1586477358e+45,1.4453162527e+15
63,1.4000233512e+04,6.8768421657e+17,1.0157298294e+07,6.5489283090e+25,1.3039941604e+45,1.9911565662e+19
63,1.4000233512e+04,6.8768421657e+17,1.1955114617e+07,1.0914817455e+21,6.5034275160e+44,5.9583474876e+23
63,1.4000233512e+04,6.8768421657e+17,1.4071139922e+07,3.0949061765e+15,7.2921383179e+42,2.3561742754e+27
63,1.4000233512e+04,6.8768421657e+17,1.6561696398e+07,1.2411680253e+09,8.4945435975e+42,6.8439916466e+33
63,1.4000233512e+04,6.8768421657e+17,1.9493075124e+07,5.8396073362e+01,9.9607894355e+42,1.7057293174e+41
63,1.4000233512e+04,6.8768421657e+17,2.2943300533e+07,2.6734685855e-07,1.0901113790e+43,4.0775170689e+49
63,1.4000233512e+04,6.8768421657e+17,2.7004207186e+07,9.9045201258e-17,1.1681835263e+43,1.1794448509e+59
63,1.4000233512e+04,6.8768421657e+17,3.1783884133e+07,2.4828747077e-27,1.0454996485e+43,4.2108433634e+69
63,1.4000233512e+04,6.8768421657e+17,3.7409551911e+07,3.5486963064e-39,1.9925063697e+42,5.6147559490e+80
63,1.4000233512e+04,6.8768421657e+17,4.4030948778e+07,2.4588242774e-52,1.7611821107e+40,7.1627001854e+91
63,1.4000233512e+04,6.8768421657e+17,5.1824316283e+07,7.0884413679e-67,1.7158752012e+40,2.4206664232e+106
63,1.4000233512e+04,6.8768421657e+17,6.0997090291e+07,7.3606396746e-83,1.0027241423e+40,1.3622785337e+122
63,1.4000233512e+04,6.8768421657e+17,7.1793422294e+07,2.3998872405e-100,3.2060167503e+39,1.3359030775e+139
63,1.4000233512e+04,6.8768421657e+17,8.4500677985e+07,2.1501882537e-119,1.0409797240e+39,4.8413422510e+157
63,1.4000233512e+04,6.8768421657e+17,9.9457086063e+07,4.6310019154e-140,3.4221330915e+38,7.3896170939e+177
63,1.4000233512e+04,6.8768421657e+17,1.1706074086e+08,2.0817396222e-162,1.2897056378e+37,6.1953263708e+198
63,1.4000233512e+04,6.8768421657e+17,1.3778019841e+08,1.6672450769e-184,1.7770779814e+36,1.0658768803e+220
63,1.4000233512e+04,6.8768421657e+17,1.6216694798e+08,8.1845385130e-202,1.5453835388e+36,1.8881743135e+237
63,1.4000233512e+04,6.8768421657e+17,1.9087009106e+08,2.6734156258e-214,8.5085423014e+35,3.1826485262e+249
63,1.4000233512e+04,6.8768421657e+17,2.2465361848e+08,2.1175785828e-222,2.6127919349e+35,1.2338583117e+257
63,1.4000233512e+04,6.8768421657e+17,2.6441674553e+08,4.4706714407e-227,4.4405697864e+34,9.9326686052e+260
63,1.4000233512e+04,6.8768421657e+17,3.1121784634e+08,2.4850444585e-229,5.5699128118e+33,2.2413735065e+262
