scenario,solver,t_obs_s,nearest_track_time_s,nearest_radius_cm,gamma_e,dnde,gamma2_dnde
multi_density_jump,fullhide_1d,1.00000000e+03,1.07221816e+03,8.27650672e+16,3.00000000e+00,4.09225763e+39,3.68303187e+40
multi_density_jump,fullhide_1d,1.00000000e+03,1.07221816e+03,8.27650672e+16,3.62733369e+00,5.53311891e+39,7.28022869e+40
multi_density_jump,fullhide_1d,1.00000000e+03,1.07221816e+03,8.27650672e+16,4.38584989e+00,7.65208365e+39,1.47193027e+41
multi_density_jump,fullhide_1d,1.00000000e+03,1.07221816e+03,8.27650672e+16,5.30298036e+00,1.04303982e+40,2.93319494e+41
multi_density_jump,fullhide_1d,1.00000000e+03,1.07221816e+03,8.27650672e+16,6.41189310e+00,1.39782074e+40,5.74677280e+41
multi_density_jump,fullhide_1d,1.00000000e+03,1.07221816e+03,8.27650672e+16,7.75269195e+00,1.84182452e+40,1.10701449e+42
multi_density_jump,fullhide_1d,1.00000000e+03,1.07221816e+03,8.27650672e+16,9.37386689e+00,2.38650224e+40,2.09700473e+42
multi_density_jump,fullhide_1d,1.00000000e+03,1.07221816e+03,8.27650672e+16,1.13340477e+01,3.04187010e+40,3.90760573e+42
multi_density_jump,fullhide_1d,1.00000000e+03,1.07221816e+03,8.27650672e+16,1.37041244e+01,3.81632521e+40,7.16717418e+42
multi_density_jump,fullhide_1d,1.00000000e+03,1.07221816e+03,8.27650672e+16,1.65698107e+01,4.71735173e+40,1.29518960e+43
multi_density_jump,fullhide_1d,1.00000000e+03,1.07221816e+03,8.27650672e+16,2.00347441e+01,5.75378428e+40,2.30951707e+43
multi_density_jump,fullhide_1d,1.00000000e+03,1.07221816e+03,8.27650672e+16,2.42242341e+01,6.94057913e+40,4.07282565e+43
multi_density_jump,fullhide_1d,1.00000000e+03,1.07221816e+03,8.27650672e+16,2.92897935e+01,8.30744856e+40,7.12689368e+43
multi_density_jump,fullhide_1d,1.00000000e+03,1.07221816e+03,8.27650672e+16,3.54146182e+01,9.91399561e+40,1.24340855e+44
multi_density_jump,fullhide_1d,1.00000000e+03,1.07221816e+03,8.27650672e+16,4.28202125e+01,1.18681325e+41,2.17610588e+44
multi_density_jump,fullhide_1d,1.00000000e+03,1.07221816e+03,8.27650672e+16,5.17743998e+01,1.43475105e+41,3.84597712e+44
multi_density_jump,fullhide_1d,1.00000000e+03,1.07221816e+03,8.27650672e+16,6.26010082e+01,1.76472594e+41,6.91576019e+44
multi_density_jump,fullhide_1d,1.00000000e+03,1.07221816e+03,8.27650672e+16,7.56915820e+01,2.22488743e+41,1.27468597e+45
multi_density_jump,fullhide_1d,1.00000000e+03,1.07221816e+03,8.27650672e+16,9.15195418e+01,2.89290427e+41,2.42304644e+45
multi_density_jump,fullhide_1d,1.00000000e+03,1.07221816e+03,8.27650672e+16,1.10657306e+02,3.89347587e+41,4.76757651e+45
multi_density_jump,fullhide_1d,1.00000000e+03,1.07221816e+03,8.27650672e+16,1.33796991e+02,5.42673297e+41,9.71473916e+45
multi_density_jump,fullhide_1d,1.00000000e+03,1.07221816e+03,8.27650672e+16,1.61775444e+02,7.81409032e+41,2.04504858e+46
multi_density_jump,fullhide_1d,1.00000000e+03,1.07221816e+03,8.27650672e+16,1.95604506e+02,1.15715339e+42,4.42739880e+46
multi_density_jump,fullhide_1d,1.00000000e+03,1.07221816e+03,8.27650672e+16,2.36507605e+02,1.75255125e+42,9.80304387e+46
multi_density_jump,fullhide_1d,1.00000000e+03,1.07221816e+03,8.27650672e+16,2.85964001e+02,2.69943042e+42,2.20747029e+47
multi_density_jump,fullhide_1d,1.00000000e+03,1.07221816e+03,8.27650672e+16,3.45762284e+02,4.20687229e+42,5.02938134e+47
multi_density_jump,fullhide_1d,1.00000000e+03,1.07221816e+03,8.27650672e+16,4.18065061e+02,6.60409968e+42,1.15425394e+48
multi_density_jump,fullhide_1d,1.00000000e+03,1.07221816e+03,8.27650672e+16,5.05487160e+02,1.04049977e+43,2.65865660e+48
multi_density_jump,fullhide_1d,1.00000000e+03,1.07221816e+03,8.27650672e+16,6.11190201e+02,1.64050031e+43,6.12814568e+48
multi_density_jump,fullhide_1d,1.00000000e+03,1.07221816e+03,8.27650672e+16,7.38996935e+02,2.58141001e+43,1.40975052e+49
multi_density_jump,fullhide_1d,1.00000000e+03,1.07221816e+03,8.27650672e+16,8.93529493e+02,4.04795671e+43,3.23186821e+49
multi_density_jump,fullhide_1d,1.00000000e+03,1.07221816e+03,8.27650672e+16,1.08037654e+03,6.33527376e+43,7.39461690e+49
multi_density_jump,fullhide_1d,1.00000000e+03,1.07221816e+03,8.27650672e+16,1.30629541e+03,9.97240935e+43,1.70169961e+50
multi_density_jump,fullhide_1d,1.00000000e+03,1.07221816e+03,8.27650672e+16,1.57945645e+03,1.61299194e+44,4.02390303e+50
multi_density_jump,fullhide_1d,1.00000000e+03,1.07221816e+03,8.27650672e+16,1.90973853e+03,2.80915281e+44,1.02452647e+51
multi_density_jump,fullhide_1d,1.00000000e+03,1.07221816e+03,8.27650672e+16,2.30908630e+03,5.64452160e+44,3.00959092e+51
multi_density_jump,fullhide_1d,1.00000000e+03,1.07221816e+03,8.27650672e+16,2.79194217e+03,1.36556088e+45,1.06444666e+52
multi_density_jump,fullhide_1d,1.00000000e+03,1.07221816e+03,8.27650672e+16,3.37576863e+03,3.84646499e+45,4.38335991e+52
multi_density_jump,fullhide_1d,1.00000000e+03,1.07221816e+03,8.27650672e+16,4.08167976e+03,1.16570906e+46,1.94208408e+53
multi_density_jump,fullhide_1d,1.00000000e+03,1.07221816e+03,8.27650672e+16,4.93520484e+03,3.53550763e+46,8.61116964e+53
multi_density_jump,fullhide_1d,1.00000000e+03,1.07221816e+03,8.27650672e+16,5.96721159e+03,1.01016255e+47,3.59694782e+54
multi_density_jump,fullhide_1d,1.00000000e+03,1.07221816e+03,8.27650672e+16,7.21502254e+03,1.58932968e+47,8.27350204e+54
multi_density_jump,fullhide_1d,1.00000000e+03,1.07221816e+03,8.27650672e+16,8.72376477e+03,1.41498182e+47,1.07685878e+55
multi_density_jump,fullhide_1d,1.00000000e+03,1.07221816e+03,8.27650672e+16,1.05480019e+04,1.05222717e+47,1.17071158e+55
multi_density_jump,fullhide_1d,1.00000000e+03,1.07221816e+03,8.27650672e+16,1.27537076e+04,7.12779283e+46,1.15938581e+55
multi_density_jump,fullhide_1d,1.00000000e+03,1.07221816e+03,8.27650672e+16,1.54206511e+04,4.56358608e+46,1.08520470e+55
multi_density_jump,fullhide_1d,1.00000000e+03,1.07221816e+03,8.27650672e+16,1.86452824e+04,2.81372138e+46,9.78180543e+54
multi_density_jump,fullhide_1d,1.00000000e+03,1.07221816e+03,8.27650672e+16,2.25442203e+04,1.69125630e+46,8.59567264e+54
multi_density_jump,fullhide_1d,1.00000000e+03,1.07221816e+03,8.27650672e+16,2.72584699e+04,9.99334300e+45,7.42529550e+54
multi_density_jump,fullhide_1d,1.00000000e+03,1.07221816e+03,8.27650672e+16,3.29585220e+04,5.83699335e+45,6.34051677e+54
multi_density_jump,fullhide_1d,1.00000000e+03,1.07221816e+03,8.27650672e+16,3.98505191e+04,3.38127434e+45,5.36967962e+54
multi_density_jump,fullhide_1d,1.00000000e+03,1.07221816e+03,8.27650672e+16,4.81837101e+04,1.94547527e+45,4.51675142e+54
multi_density_jump,fullhide_1d,1.00000000e+03,1.07221816e+03,8.27650672e+16,5.82594650e+04,1.11215224e+45,3.77482851e+54
multi_density_jump,fullhide_1d,1.00000000e+03,1.07221816e+03,8.27650672e+16,7.04421733e+04,6.31635585e+44,3.13423880e+54
multi_density_jump,fullhide_1d,1.00000000e+03,1.07221816e+03,8.27650672e+16,8.51724228e+04,3.56401567e+44,2.58545872e+54
multi_density_jump,fullhide_1d,1.00000000e+03,1.07221816e+03,8.27650672e+16,1.02982933e+05,1.99835755e+44,2.11935499e+54
multi_density_jump,fullhide_1d,1.00000000e+03,1.07221816e+03,8.27650672e+16,1.24517821e+05,1.11383660e+44,1.72696885e+54
multi_density_jump,fullhide_1d,1.00000000e+03,1.07221816e+03,8.27650672e+16,1.50555895e+05,6.17417948e+43,1.39950605e+54
multi_density_jump,fullhide_1d,1.00000000e+03,1.07221816e+03,8.27650672e+16,1.82038823e+05,3.40536406e+43,1.12847408e+54
multi_density_jump,fullhide_1d,1.00000000e+03,1.07221816e+03,8.27650672e+16,2.20105185e+05,1.86981425e+43,9.05855682e+53
multi_density_jump,fullhide_1d,1.00000000e+03,1.07221816e+03,8.27650672e+16,2.66131651e+05,1.02259096e+43,7.24260845e+53
multi_density_jump,fullhide_1d,1.00000000e+03,1.07221816e+03,8.27650672e+16,3.21782768e+05,5.57288668e+42,5.77039813e+53
multi_density_jump,fullhide_1d,1.00000000e+03,1.07221816e+03,8.27650672e+16,3.89071158e+05,3.02788943e+42,4.58350900e+53
multi_density_jump,fullhide_1d,1.00000000e+03,1.07221816e+03,8.27650672e+16,4.70430306e+05,1.64094951e+42,3.63149795e+53
multi_density_jump,fullhide_1d,1.00000000e+03,1.07221816e+03,8.27650672e+16,5.68802566e+05,8.87421234e+41,2.87113035e+53
multi_density_jump,fullhide_1d,1.00000000e+03,1.07221816e+03,8.27650672e+16,6.87745570e+05,4.79022625e+41,2.26574813e+53
multi_density_jump,fullhide_1d,1.00000000e+03,1.07221816e+03,8.27650672e+16,8.31560891e+05,2.58126219e+41,1.78492607e+53
multi_density_jump,fullhide_1d,1.00000000e+03,1.07221816e+03,8.27650672e+16,1.00544961e+06,1.38871242e+41,1.40388955e+53
multi_density_jump,fullhide_1d,1.00000000e+03,1.07221816e+03,8.27650672e+16,1.21570042e+06,7.46046917e+40,1.10260326e+53
multi_density_jump,fullhide_1d,1.00000000e+03,1.07221816e+03,8.27650672e+16,1.46991702e+06,4.00281974e+40,8.64871672e+52
multi_density_jump,fullhide_1d,1.00000000e+03,1.07221816e+03,8.27650672e+16,1.77729318e+06,2.14522722e+40,6.77628164e+52
multi_density_jump,fullhide_1d,1.00000000e+03,1.07221816e+03,8.27650672e+16,2.14894514e+06,1.14850770e+40,5.30376861e+52
multi_density_jump,fullhide_1d,1.00000000e+03,1.07221816e+03,8.27650672e+16,2.59831370e+06,6.14298330e+39,4.14727183e+52
multi_density_jump,fullhide_1d,1.00000000e+03,1.07221816e+03,8.27650672e+16,3.14165027e+06,3.28267015e+39,3.23998442e+52
multi_density_jump,fullhide_1d,1.00000000e+03,1.07221816e+03,8.27650672e+16,3.79860463e+06,1.75259659e+39,2.52889122e+52
multi_density_jump,fullhide_1d,1.00000000e+03,1.07221816e+03,8.27650672e+16,4.59293551e+06,9.34834316e+38,1.97203828e+52
multi_density_jump,fullhide_1d,1.00000000e+03,1.07221816e+03,8.27650672e+16,5.55336990e+06,4.98152883e+38,1.53629937e+52
multi_density_jump,fullhide_1d,1.00000000e+03,1.07221816e+03,8.27650672e+16,6.71464190e+06,2.65172379e+38,1.19556722e+52
multi_density_jump,fullhide_1d,1.00000000e+03,1.07221816e+03,8.27650672e+16,8.11874893e+06,1.40986277e+38,9.29298130e+51
multi_density_jump,fullhide_1d,1.00000000e+03,1.07221816e+03,8.27650672e+16,9.81647049e+06,7.48571609e+37,7.21346755e+51
multi_density_jump,fullhide_1d,1.00000000e+03,1.07221816e+03,8.27650672e+16,1.18692047e+07,3.96823962e+37,5.59037742e+51
multi_density_jump,fullhide_1d,1.00000000e+03,1.07221816e+03,8.27650672e+16,1.43511887e+07,2.09961036e+37,4.32428646e+51
multi_density_jump,fullhide_1d,1.00000000e+03,1.07221816e+03,8.27650672e+16,1.73521834e+07,1.10836339e+37,3.33726298e+51
multi_density_jump,fullhide_1d,1.00000000e+03,1.07221816e+03,8.27650672e+16,2.09807198e+07,5.83442448e+36,2.56825883e+51
multi_density_jump,fullhide_1d,1.00000000e+03,1.07221816e+03,8.27650672e+16,2.53680239e+07,3.06039447e+36,1.96947596e+51
multi_density_jump,fullhide_1d,1.00000000e+03,1.07221816e+03,8.27650672e+16,3.06727626e+07,1.59808410e+36,1.50350687e+51
multi_density_jump,fullhide_1d,1.00000000e+03,1.07221816e+03,8.27650672e+16,3.70867817e+07,8.29622327e+35,1.14108692e+51
multi_density_jump,fullhide_1d,1.00000000e+03,1.07221816e+03,8.27650672e+16,4.48420442e+07,4.27354996e+35,8.59329240e+50
multi_density_jump,fullhide_1d,1.00000000e+03,1.07221816e+03,8.27650672e+16,5.42190191e+07,2.17824292e+35,6.40338516e+50
multi_density_jump,fullhide_1d,1.00000000e+03,1.07221816e+03,8.27650672e+16,6.55568249e+07,1.09389003e+35,4.70120821e+50
multi_density_jump,fullhide_1d,1.00000000e+03,1.07221816e+03,8.27650672e+16,7.92654931e+07,5.37517573e+34,3.37723280e+50
multi_density_jump,fullhide_1d,1.00000000e+03,1.07221816e+03,8.27650672e+16,9.58407978e+07,2.55352636e+34,2.34553105e+50
multi_density_jump,fullhide_1d,1.00000000e+03,1.07221816e+03,8.27650672e+16,1.15882185e+08,1.14562468e+34,1.53842281e+50
multi_density_jump,fullhide_1d,1.00000000e+03,1.07221816e+03,8.27650672e+16,1.40114451e+08,4.68356937e+33,9.19481120e+49
multi_density_jump,fullhide_1d,1.00000000e+03,1.07221816e+03,8.27650672e+16,1.69413956e+08,1.81325541e+33,5.20424039e+49
multi_density_jump,fullhide_1d,1.00000000e+03,1.07221816e+03,8.27650672e+16,2.04840317e+08,6.64900449e+32,2.78989272e+49
multi_density_jump,fullhide_1d,1.00000000e+03,1.07221816e+03,8.27650672e+16,2.47674727e+08,2.28390200e+32,1.40100876e+49
multi_density_jump,fullhide_1d,1.00000000e+03,1.07221816e+03,8.27650672e+16,2.99466294e+08,7.25658288e+31,6.50770796e+48
multi_density_jump,fullhide_1d,1.00000000e+03,1.07221816e+03,8.27650672e+16,3.62088059e+08,2.10028193e+31,2.75363263e+48
multi_density_jump,fullhide_1d,1.00000000e+03,1.07221816e+03,8.27650672e+16,4.37804738e+08,5.43594860e+30,1.04192451e+48
multi_density_jump,fullhide_1d,1.00000000e+03,1.07221816e+03,8.27650672e+16,5.29354624e+08,1.23024667e+30,3.44735193e+47
multi_density_jump,fullhide_1d,1.00000000e+03,1.07221816e+03,8.27650672e+16,6.40048621e+08,2.36934476e+29,9.70631076e+46
multi_density_jump,fullhide_1d,1.00000000e+03,1.07221816e+03,8.27650672e+16,7.73889975e+08,3.75713275e+28,2.25016819e+46
multi_density_jump,fullhide_1d,1.00000000e+03,1.07221816e+03,8.27650672e+16,9.35719058e+08,4.71255155e+27,4.12616949e+45
multi_density_jump,fullhide_1d,1.00000000e+03,1.07221816e+03,8.27650672e+16,1.13138842e+09,4.45264499e+26,5.69956262e+44
multi_density_jump,fullhide_1d,1.00000000e+03,1.07221816e+03,8.27650672e+16,1.36797444e+09,2.98607582e+25,5.58800518e+43
multi_density_jump,fullhide_1d,1.00000000e+03,1.07221816e+03,8.27650672e+16,1.65403326e+09,1.32193047e+24,3.61657179e+42
multi_density_jump,fullhide_1d,1.00000000e+03,1.07221816e+03,8.27650672e+16,1.99991019e+09,3.53641175e+22,1.41443766e+41
multi_density_jump,fullhide_1d,1.00000000e+03,1.07221816e+03,8.27650672e+16,2.41811387e+09,5.13366781e+20,3.00179658e+39
multi_density_jump,fullhide_1d,1.00000000e+03,1.07221816e+03,8.27650672e+16,2.92376863e+09,3.54760371e+18,3.03264172e+37
multi_density_jump,fullhide_1d,1.00000000e+03,1.07221816e+03,8.27650672e+16,3.53516149e+09,9.95240596e+15,1.24378867e+35
multi_density_jump,fullhide_1d,1.00000000e+03,1.07221816e+03,8.27650672e+16,4.27440345e+09,9.33966595e+12,1.70640599e+32
multi_density_jump,fullhide_1d,1.00000000e+03,1.07221816e+03,8.27650672e+16,5.16822921e+09,2.31723741e+09,6.18947856e+28
multi_density_jump,fullhide_1d,1.00000000e+03,1.07221816e+03,8.27650672e+16,6.24896397e+09,1.14240198e+05,4.46102841e+24
multi_density_jump,fullhide_1d,1.00000000e+03,1.07221816e+03,8.27650672e+16,7.55569251e+09,7.91901508e-01,4.52084608e+19
multi_density_jump,fullhide_1d,1.00000000e+03,1.07221816e+03,8.27650672e+16,9.13567266e+09,5.08316923e-07,4.24243921e+13
multi_density_jump,fullhide_1d,1.00000000e+03,1.07221816e+03,8.27650672e+16,1.10460444e+10,1.82641097e-14,2.22849711e+06
multi_density_jump,fullhide_1d,1.00000000e+03,1.07221816e+03,8.27650672e+16,1.33558963e+10,2.00300880e-23,3.57296643e-03
multi_density_jump,fullhide_1d,1.00000000e+03,1.07221816e+03,8.27650672e+16,1.61487642e+10,3.22656744e-34,8.41432600e-14
multi_density_jump,fullhide_1d,1.00000000e+03,1.07221816e+03,8.27650672e+16,1.95256522e+10,3.15625975e-47,1.20332747e-26
multi_density_jump,fullhide_1d,1.00000000e+03,1.07221816e+03,8.27650672e+16,2.36086853e+10,3.27073207e-57,1.82300800e-36
multi_density_jump,fullhide_1d,1.00000000e+05,8.94667946e+04,2.78183395e+17,3.00000000e+00,1.40454147e+41,1.26408733e+42
multi_density_jump,fullhide_1d,1.00000000e+05,8.94667946e+04,2.78183395e+17,3.62733369e+00,1.71387215e+41,2.25503580e+42
multi_density_jump,fullhide_1d,1.00000000e+05,8.94667946e+04,2.78183395e+17,4.38584989e+00,2.10669202e+41,4.05236521e+42
multi_density_jump,fullhide_1d,1.00000000e+05,8.94667946e+04,2.78183395e+17,5.30298036e+00,2.58221193e+41,7.26159327e+42
multi_density_jump,fullhide_1d,1.00000000e+05,8.94667946e+04,2.78183395e+17,6.41189310e+00,3.17044015e+41,1.30344318e+43
multi_density_jump,fullhide_1d,1.00000000e+05,8.94667946e+04,2.78183395e+17,7.75269195e+00,3.91960949e+41,2.35585119e+43
multi_density_jump,fullhide_1d,1.00000000e+05,8.94667946e+04,2.78183395e+17,9.37386689e+00,4.90815351e+41,4.31276408e+43
multi_density_jump,fullhide_1d,1.00000000e+05,8.94667946e+04,2.78183395e+17,1.13340477e+01,6.26309466e+41,8.04561134e+43
multi_density_jump,fullhide_1d,1.00000000e+05,8.94667946e+04,2.78183395e+17,1.37041244e+01,8.18959021e+41,1.53802981e+44
multi_density_jump,fullhide_1d,1.00000000e+05,8.94667946e+04,2.78183395e+17,1.65698107e+01,1.10192929e+42,3.02544191e+44
multi_density_jump,fullhide_1d,1.00000000e+05,8.94667946e+04,2.78183395e+17,2.00347441e+01,1.52914416e+42,6.13784663e+44
multi_density_jump,fullhide_1d,1.00000000e+05,8.94667946e+04,2.78183395e+17,2.42242341e+01,2.18943454e+42,1.28478978e+45
multi_density_jump,fullhide_1d,1.00000000e+05,8.94667946e+04,2.78183395e+17,2.92897935e+01,3.23293351e+42,2.77350780e+45
multi_density_jump,fullhide_1d,1.00000000e+05,8.94667946e+04,2.78183395e+17,3.54146182e+01,4.92543552e+42,6.17745750e+45
multi_density_jump,fullhide_1d,1.00000000e+05,8.94667946e+04,2.78183395e+17,4.28202125e+01,7.77436318e+42,1.42548438e+46
multi_density_jump,fullhide_1d,1.00000000e+05,8.94667946e+04,2.78183395e+17,5.17743998e+01,1.28536679e+43,3.44553939e+46
multi_density_jump,fullhide_1d,1.00000000e+05,8.94667946e+04,2.78183395e+17,6.26010082e+01,2.27056886e+43,8.89810104e+46
multi_density_jump,fullhide_1d,1.00000000e+05,8.94667946e+04,2.78183395e+17,7.56915820e+01,4.39424238e+43,2.51755619e+47
multi_density_jump,fullhide_1d,1.00000000e+05,8.94667946e+04,2.78183395e+17,9.15195418e+01,9.48544517e+43,7.94484433e+47
multi_density_jump,fullhide_1d,1.00000000e+05,8.94667946e+04,2.78183395e+17,1.10657306e+02,2.27628923e+44,2.78732510e+48
multi_density_jump,fullhide_1d,1.00000000e+05,8.94667946e+04,2.78183395e+17,1.33796991e+02,5.92095561e+44,1.05994785e+49
multi_density_jump,fullhide_1d,1.00000000e+05,8.94667946e+04,2.78183395e+17,1.61775444e+02,1.61214675e+45,4.21919670e+49
multi_density_jump,fullhide_1d,1.00000000e+05,8.94667946e+04,2.78183395e+17,1.95604506e+02,4.45458968e+45,1.70437603e+50
multi_density_jump,fullhide_1d,1.00000000e+05,8.94667946e+04,2.78183395e+17,2.36507605e+02,1.21617334e+46,6.80276859e+50
multi_density_jump,fullhide_1d,1.00000000e+05,8.94667946e+04,2.78183395e+17,2.85964001e+02,3.21497992e+46,2.62906300e+51
multi_density_jump,fullhide_1d,1.00000000e+05,8.94667946e+04,2.78183395e+17,3.45762284e+02,8.11064099e+46,9.69639762e+51
multi_density_jump,fullhide_1d,1.00000000e+05,8.94667946e+04,2.78183395e+17,4.18065061e+02,1.93067717e+47,3.37440657e+52
multi_density_jump,fullhide_1d,1.00000000e+05,8.94667946e+04,2.78183395e+17,5.05487160e+02,4.29532651e+47,1.09753010e+53
multi_density_jump,fullhide_1d,1.00000000e+05,8.94667946e+04,2.78183395e+17,6.11190201e+02,8.86016789e+47,3.30974638e+53
multi_density_jump,fullhide_1d,1.00000000e+05,8.94667946e+04,2.78183395e+17,7.38996935e+02,1.68563383e+48,9.20552396e+53
multi_density_jump,fullhide_1d,1.00000000e+05,8.94667946e+04,2.78183395e+17,8.93529493e+02,2.96037581e+48,2.36354911e+54
multi_density_jump,fullhide_1d,1.00000000e+05,8.94667946e+04,2.78183395e+17,1.08037654e+03,4.86303075e+48,5.67619501e+54
multi_density_jump,fullhide_1d,1.00000000e+05,8.94667946e+04,2.78183395e+17,1.30629541e+03,7.69086611e+48,1.31237531e+55
multi_density_jump,fullhide_1d,1.00000000e+05,8.94667946e+04,2.78183395e+17,1.57945645e+03,1.16009128e+49,2.89405961e+55
multi_density_jump,fullhide_1d,1.00000000e+05,8.94667946e+04,2.78183395e+17,1.90973853e+03,1.02009699e+49,3.72039700e+55
multi_density_jump,fullhide_1d,1.00000000e+05,8.94667946e+04,2.78183395e+17,2.30908630e+03,7.31994066e+48,3.90290418e+55
multi_density_jump,fullhide_1d,1.00000000e+05,8.94667946e+04,2.78183395e+17,2.79194217e+03,4.92674744e+48,3.84037062e+55
multi_density_jump,fullhide_1d,1.00000000e+05,8.94667946e+04,2.78183395e+17,3.37576863e+03,3.24722758e+48,3.70048011e+55
multi_density_jump,fullhide_1d,1.00000000e+05,8.94667946e+04,2.78183395e+17,4.08167976e+03,2.10865027e+48,3.51303448e+55
multi_density_jump,fullhide_1d,1.00000000e+05,8.94667946e+04,2.78183395e+17,4.93520484e+03,1.35524557e+48,3.30086956e+55
multi_density_jump,fullhide_1d,1.00000000e+05,8.94667946e+04,2.78183395e+17,5.96721159e+03,8.64747195e+47,3.07915844e+55
multi_density_jump,fullhide_1d,1.00000000e+05,8.94667946e+04,2.78183395e+17,7.21502254e+03,5.48899522e+47,2.85738155e+55
multi_density_jump,fullhide_1d,1.00000000e+05,8.94667946e+04,2.78183395e+17,8.72376477e+03,3.47022698e+47,2.64098403e+55
multi_density_jump,fullhide_1d,1.00000000e+05,8.94667946e+04,2.78183395e+17,1.05480019e+04,2.18652189e+47,2.43273179e+55
multi_density_jump,fullhide_1d,1.00000000e+05,8.94667946e+04,2.78183395e+17,1.27537076e+04,1.37330725e+47,2.23378116e+55
multi_density_jump,fullhide_1d,1.00000000e+05,8.94667946e+04,2.78183395e+17,1.54206511e+04,8.59765387e+46,2.04449182e+55
multi_density_jump,fullhide_1d,1.00000000e+05,8.94667946e+04,2.78183395e+17,1.86452824e+04,5.36455313e+46,1.86496841e+55
multi_density_jump,fullhide_1d,1.00000000e+05,8.94667946e+04,2.78183395e+17,2.25442203e+04,3.33567308e+46,1.69532872e+55
multi_density_jump,fullhide_1d,1.00000000e+05,8.94667946e+04,2.78183395e+17,2.72584699e+04,2.06691426e+46,1.53576728e+55
multi_density_jump,fullhide_1d,1.00000000e+05,8.94667946e+04,2.78183395e+17,3.29585220e+04,1.27640406e+46,1.38651201e+55
multi_density_jump,fullhide_1d,1.00000000e+05,8.94667946e+04,2.78183395e+17,3.98505191e+04,7.85703220e+45,1.24774690e+55
multi_density_jump,fullhide_1d,1.00000000e+05,8.94667946e+04,2.78183395e+17,4.81837101e+04,4.82210998e+45,1.11953477e+55
multi_density_jump,fullhide_1d,1.00000000e+05,8.94667946e+04,2.78183395e+17,5.82594650e+04,2.95138257e+45,1.00174802e+55
multi_density_jump,fullhide_1d,1.00000000e+05,8.94667946e+04,2.78183395e+17,7.04421733e+04,1.80167050e+45,8.94006880e+54
multi_density_jump,fullhide_1d,1.00000000e+05,8.94667946e+04,2.78183395e+17,8.51724228e+04,1.09676581e+45,7.95631387e+54
multi_density_jump,fullhide_1d,1.00000000e+05,8.94667946e+04,2.78183395e+17,1.02982933e+05,6.65352371e+44,7.05638423e+54
multi_density_jump,fullhide_1d,1.00000000e+05,8.94667946e+04,2.78183395e+17,1.24517821e+05,4.01715450e+44,6.22847256e+54
multi_density_jump,fullhide_1d,1.00000000e+05,8.94667946e+04,2.78183395e+17,1.50555895e+05,2.40938745e+44,5.46137721e+54
multi_density_jump,fullhide_1d,1.00000000e+05,8.94667946e+04,2.78183395e+17,1.82038823e+05,1.43273324e+44,4.74781048e+54
multi_density_jump,fullhide_1d,1.00000000e+05,8.94667946e+04,2.78183395e+17,2.20105185e+05,8.43460363e+43,4.08625276e+54
multi_density_jump,fullhide_1d,1.00000000e+05,8.94667946e+04,2.78183395e+17,2.66131651e+05,4.91310316e+43,3.47975718e+54
multi_density_jump,fullhide_1d,1.00000000e+05,8.94667946e+04,2.78183395e+17,3.21782768e+05,2.83229795e+43,2.93267883e+54
multi_density_jump,fullhide_1d,1.00000000e+05,8.94667946e+04,2.78183395e+17,3.89071158e+05,1.61703167e+43,2.44780378e+54
multi_density_jump,fullhide_1d,1.00000000e+05,8.94667946e+04,2.78183395e+17,4.70430306e+05,9.15116638e+42,2.02519588e+54
multi_density_jump,fullhide_1d,1.00000000e+05,8.94667946e+04,2.78183395e+17,5.68802566e+05,5.13810192e+42,1.66236279e+54
multi_density_jump,fullhide_1d,1.00000000e+05,8.94667946e+04,2.78183395e+17,6.87745570e+05,2.86463567e+42,1.35495540e+54
multi_density_jump,fullhide_1d,1.00000000e+05,8.94667946e+04,2.78183395e+17,8.31560891e+05,1.58724112e+42,1.09756694e+54
multi_density_jump,fullhide_1d,1.00000000e+05,8.94667946e+04,2.78183395e+17,1.00544961e+06,8.74801902e+41,8.84362544e+53
multi_density_jump,fullhide_1d,1.00000000e+05,8.94667946e+04,2.78183395e+17,1.21570042e+06,4.80007409e+41,7.09416150e+53
multi_density_jump,fullhide_1d,1.00000000e+05,8.94667946e+04,2.78183395e+17,1.46991702e+06,2.62388038e+41,5.66930304e+53
multi_density_jump,fullhide_1d,1.00000000e+05,8.94667946e+04,2.78183395e+17,1.77729318e+06,1.42942558e+41,4.51522813e+53
multi_density_jump,fullhide_1d,1.00000000e+05,8.94667946e+04,2.78183395e+17,2.14894514e+06,7.76263308e+40,3.58475696e+53
multi_density_jump,fullhide_1d,1.00000000e+05,8.94667946e+04,2.78183395e+17,2.59831370e+06,4.20353179e+40,2.83790271e+53
multi_density_jump,fullhide_1d,1.00000000e+05,8.94667946e+04,2.78183395e+17,3.14165027e+06,2.27054636e+40,2.24102164e+53
multi_density_jump,fullhide_1d,1.00000000e+05,8.94667946e+04,2.78183395e+17,3.79860463e+06,1.22378768e+40,1.76585184e+53
multi_density_jump,fullhide_1d,1.00000000e+05,8.94667946e+04,2.78183395e+17,4.59293551e+06,6.58367227e+39,1.38882939e+53
multi_density_jump,fullhide_1d,1.00000000e+05,8.94667946e+04,2.78183395e+17,5.55336990e+06,3.53605050e+39,1.09051505e+53
multi_density_jump,fullhide_1d,1.00000000e+05,8.94667946e+04,2.78183395e+17,6.71464190e+06,1.89642411e+39,8.55029660e+52
multi_density_jump,fullhide_1d,1.00000000e+05,8.94667946e+04,2.78183395e+17,8.11874893e+06,1.01572715e+39,6.69507250e+52
multi_density_jump,fullhide_1d,1.00000000e+05,8.94667946e+04,2.78183395e+17,9.81647049e+06,5.43352921e+38,5.23591680e+52
multi_density_jump,fullhide_1d,1.00000000e+05,8.94667946e+04,2.78183395e+17,1.18692047e+07,2.90316112e+38,4.08991591e+52
multi_density_jump,fullhide_1d,1.00000000e+05,8.94667946e+04,2.78183395e+17,1.43511887e+07,1.54934414e+38,3.19097678e+52
multi_density_jump,fullhide_1d,1.00000000e+05,8.94667946e+04,2.78183395e+17,1.73521834e+07,8.25844101e+37,2.48660229e+52
multi_density_jump,fullhide_1d,1.00000000e+05,8.94667946e+04,2.78183395e+17,2.09807198e+07,4.39631470e+37,1.93521642e+52
multi_density_jump,fullhide_1d,1.00000000e+05,8.94667946e+04,2.78183395e+17,2.53680239e+07,2.33704088e+37,1.50397143e+52
multi_density_jump,fullhide_1d,1.00000000e+05,8.94667946e+04,2.78183395e+17,3.06727626e+07,1.24037397e+37,1.16696661e+52
multi_density_jump,fullhide_1d,1.00000000e+05,8.94667946e+04,2.78183395e+17,3.70867817e+07,6.57112809e+36,9.03812260e+51
multi_density_jump,fullhide_1d,1.00000000e+05,8.94667946e+04,2.78183395e+17,4.48420442e+07,3.47361981e+36,6.98478571e+51
multi_density_jump,fullhide_1d,1.00000000e+05,8.94667946e+04,2.78183395e+17,5.42190191e+07,1.83140027e+36,5.38377110e+51
multi_density_jump,fullhide_1d,1.00000000e+05,8.94667946e+04,2.78183395e+17,6.55568249e+07,9.62447872e+35,4.13630961e+51
multi_density_jump,fullhide_1d,1.00000000e+05,8.94667946e+04,2.78183395e+17,7.92654931e+07,5.03733000e+35,3.16496371e+51
multi_density_jump,fullhide_1d,1.00000000e+05,8.94667946e+04,2.78183395e+17,9.58407978e+07,2.62268457e+35,2.40905603e+51
multi_density_jump,fullhide_1d,1.00000000e+05,8.94667946e+04,2.78183395e+17,1.15882185e+08,1.35610097e+35,1.82106471e+51
multi_density_jump,fullhide_1d,1.00000000e+05,8.94667946e+04,2.78183395e+17,1.40114451e+08,6.94672325e+34,1.36378483e+51
multi_density_jump,fullhide_1d,1.00000000e+05,8.94667946e+04,2.78183395e+17,1.69413956e+08,3.51239805e+34,1.00809647e+51
multi_density_jump,fullhide_1d,1.00000000e+05,8.94667946e+04,2.78183395e+17,2.04840317e+08,1.74265966e+34,7.31212242e+50
multi_density_jump,fullhide_1d,1.00000000e+05,8.94667946e+04,2.78183395e+17,2.47674727e+08,8.40038313e+33,5.15302774e+50
multi_density_jump,fullhide_1d,1.00000000e+05,8.94667946e+04,2.78183395e+17,2.99466294e+08,3.86284018e+33,3.46419743e+50
multi_density_jump,fullhide_1d,1.00000000e+05,8.94667946e+04,2.78183395e+17,3.62088059e+08,1.63216842e+33,2.13989949e+50
multi_density_jump,fullhide_1d,1.00000000e+05,8.94667946e+04,2.78183395e+17,4.37804738e+08,6.42480680e+32,1.23146192e+50
multi_density_jump,fullhide_1d,1.00000000e+05,8.94667946e+04,2.78183395e+17,5.29354624e+08,2.40473253e+32,6.73845296e+49
multi_density_jump,fullhide_1d,1.00000000e+05,8.94667946e+04,2.78183395e+17,6.40048621e+08,8.46213052e+31,3.46661532e+49
multi_density_jump,fullhide_1d,1.00000000e+05,8.94667946e+04,2.78183395e+17,7.73889975e+08,2.76689313e+31,1.65710805e+49
multi_density_jump,fullhide_1d,1.00000000e+05,8.94667946e+04,2.78183395e+17,9.35719058e+08,8.28764728e+30,7.25641663e+48
multi_density_jump,fullhide_1d,1.00000000e+05,8.94667946e+04,2.78183395e+17,1.13138842e+09,2.23523508e+30,2.86118978e+48
multi_density_jump,fullhide_1d,1.00000000e+05,8.94667946e+04,2.78183395e+17,1.36797444e+09,5.31631248e+29,9.94870306e+47
multi_density_jump,fullhide_1d,1.00000000e+05,8.94667946e+04,2.78183395e+17,1.65403326e+09,1.08717973e+29,2.97433460e+47
multi_density_jump,fullhide_1d,1.00000000e+05,8.94667946e+04,2.78183395e+17,1.99991019e+09,1.85370645e+28,7.41415990e+46
multi_density_jump,fullhide_1d,1.00000000e+05,8.94667946e+04,2.78183395e+17,2.41811387e+09,2.53854811e+27,1.48435881e+46
multi_density_jump,fullhide_1d,1.00000000e+05,8.94667946e+04,2.78183395e+17,2.92376863e+09,2.66782457e+26,2.28056930e+45
multi_density_jump,fullhide_1d,1.00000000e+05,8.94667946e+04,2.78183395e+17,3.53516149e+09,2.03544761e+25,2.54377352e+44
multi_density_jump,fullhide_1d,1.00000000e+05,8.94667946e+04,2.78183395e+17,4.27440345e+09,1.05371779e+24,1.92519771e+43
multi_density_jump,fullhide_1d,1.00000000e+05,8.94667946e+04,2.78183395e+17,5.16822921e+09,3.40847103e+22,9.10422830e+41
multi_density_jump,fullhide_1d,1.00000000e+05,8.94667946e+04,2.78183395e+17,6.24896397e+09,6.23121701e+20,2.43326225e+40
multi_density_jump,fullhide_1d,1.00000000e+05,8.94667946e+04,2.78183395e+17,7.55569251e+09,5.69782699e+18,3.25280335e+38
multi_density_jump,fullhide_1d,1.00000000e+05,8.94667946e+04,2.78183395e+17,9.13567266e+09,2.24616748e+16,1.87466294e+36
multi_density_jump,fullhide_1d,1.00000000e+05,8.94667946e+04,2.78183395e+17,1.10460444e+10,3.18655862e+13,3.88808258e+33
multi_density_jump,fullhide_1d,1.00000000e+05,8.94667946e+04,2.78183395e+17,1.33558963e+10,1.30615941e+10,2.32992673e+30
multi_density_jump,fullhide_1d,1.00000000e+05,8.94667946e+04,2.78183395e+17,1.61487642e+10,1.18483635e+06,3.08984687e+26
multi_density_jump,fullhide_1d,1.00000000e+05,8.94667946e+04,2.78183395e+17,1.95256522e+10,1.72158045e+01,6.56354429e+21
multi_density_jump,fullhide_1d,1.00000000e+05,8.94667946e+04,2.78183395e+17,2.36086853e+10,1.04622403e-03,5.83133909e+17
multi_density_jump,fullhide_1d,1.00000000e+07,9.42249237e+06,8.02801497e+17,3.00000000e+00,2.54796152e+42,2.29316536e+43
multi_density_jump,fullhide_1d,1.00000000e+07,9.42249237e+06,8.02801497e+17,3.62733369e+00,3.61024778e+42,4.75020146e+43
multi_density_jump,fullhide_1d,1.00000000e+07,9.42249237e+06,8.02801497e+17,4.38584989e+00,5.85993296e+42,1.12719791e+44
multi_density_jump,fullhide_1d,1.00000000e+07,9.42249237e+06,8.02801497e+17,5.30298036e+00,1.23608208e+43,3.47606066e+44
multi_density_jump,fullhide_1d,1.00000000e+07,9.42249237e+06,8.02801497e+17,6.41189310e+00,4.16513735e+43,1.71238681e+45
multi_density_jump,fullhide_1d,1.00000000e+07,9.42249237e+06,8.02801497e+17,7.75269195e+00,2.20332927e+44,1.32429415e+46
multi_density_jump,fullhide_1d,1.00000000e+07,9.42249237e+06,8.02801497e+17,9.37386689e+00,1.48742278e+45,1.30698919e+47
multi_density_jump,fullhide_1d,1.00000000e+07,9.42249237e+06,8.02801497e+17,1.13340477e+01,1.09796260e+46,1.41044975e+48
multi_density_jump,fullhide_1d,1.00000000e+07,9.42249237e+06,8.02801497e+17,1.37041244e+01,8.30475976e+46,1.55965900e+49
multi_density_jump,fullhide_1d,1.00000000e+07,9.42249237e+06,8.02801497e+17,1.65698107e+01,6.31338616e+47,1.73339463e+50
multi_density_jump,fullhide_1d,1.00000000e+07,9.42249237e+06,8.02801497e+17,2.00347441e+01,4.79543924e+48,1.92484602e+51
multi_density_jump,fullhide_1d,1.00000000e+07,9.42249237e+06,8.02801497e+17,2.42242341e+01,3.60206880e+49,2.11374267e+52
multi_density_jump,fullhide_1d,1.00000000e+07,9.42249237e+06,8.02801497e+17,2.92897935e+01,2.59180979e+50,2.22349289e+53
multi_density_jump,fullhide_1d,1.00000000e+07,9.42249237e+06,8.02801497e+17,3.54146182e+01,1.67138141e+51,2.09623851e+54
multi_density_jump,fullhide_1d,1.00000000e+07,9.42249237e+06,8.02801497e+17,4.28202125e+01,9.19831157e+51,1.68657537e+55
multi_density_jump,fullhide_1d,1.00000000e+07,9.42249237e+06,8.02801497e+17,5.17743998e+01,1.53505361e+52,4.11484703e+55
multi_density_jump,fullhide_1d,1.00000000e+07,9.42249237e+06,8.02801497e+17,6.26010082e+01,1.57545389e+52,6.17402457e+55
multi_density_jump,fullhide_1d,1.00000000e+07,9.42249237e+06,8.02801497e+17,7.56915820e+01,1.37458318e+52,7.87528338e+55
multi_density_jump,fullhide_1d,1.00000000e+07,9.42249237e+06,8.02801497e+17,9.15195418e+01,1.09727009e+52,9.19054390e+55
multi_density_jump,fullhide_1d,1.00000000e+07,9.42249237e+06,8.02801497e+17,1.10657306e+02,8.32402087e+51,1.01927963e+56
multi_density_jump,fullhide_1d,1.00000000e+07,9.42249237e+06,8.02801497e+17,1.33796991e+02,6.12659883e+51,1.09676134e+56
multi_density_jump,fullhide_1d,1.00000000e+07,9.42249237e+06,8.02801497e+17,1.61775444e+02,4.40082593e+51,1.15175311e+56
multi_density_jump,fullhide_1d,1.00000000e+07,9.42249237e+06,8.02801497e+17,1.95604506e+02,3.10303430e+51,1.18725576e+56
multi_density_jump,fullhide_1d,1.00000000e+07,9.42249237e+06,8.02801497e+17,2.36507605e+02,2.16250675e+51,1.20961647e+56
multi_density_jump,fullhide_1d,1.00000000e+07,9.42249237e+06,8.02801497e+17,2.85964001e+02,1.49538490e+51,1.22285713e+56
multi_density_jump,fullhide_1d,1.00000000e+07,9.42249237e+06,8.02801497e+17,3.45762284e+02,1.02853726e+51,1.22963231e+56
multi_density_jump,fullhide_1d,1.00000000e+07,9.42249237e+06,8.02801497e+17,4.18065061e+02,7.04582782e+50,1.23145848e+56
multi_density_jump,fullhide_1d,1.00000000e+07,9.42249237e+06,8.02801497e+17,5.05487160e+02,4.80996416e+50,1.22902890e+56
multi_density_jump,fullhide_1d,1.00000000e+07,9.42249237e+06,8.02801497e+17,6.11190201e+02,3.27076923e+50,1.22180717e+56
multi_density_jump,fullhide_1d,1.00000000e+07,9.42249237e+06,8.02801497e+17,7.38996935e+02,2.20613925e+50,1.20480898e+56
multi_density_jump,fullhide_1d,1.00000000e+07,9.42249237e+06,8.02801497e+17,8.93529493e+02,1.46774428e+50,1.17183963e+56
multi_density_jump,fullhide_1d,1.00000000e+07,9.42249237e+06,8.02801497e+17,1.08037654e+03,9.63722457e+49,1.12486984e+56
multi_density_jump,fullhide_1d,1.00000000e+07,9.42249237e+06,8.02801497e+17,1.30629541e+03,6.26909591e+49,1.06976335e+56
multi_density_jump,fullhide_1d,1.00000000e+07,9.42249237e+06,8.02801497e+17,1.57945645e+03,4.05743458e+49,1.01220118e+56
multi_density_jump,fullhide_1d,1.00000000e+07,9.42249237e+06,8.02801497e+17,1.90973853e+03,2.61917519e+49,9.55239711e+55
multi_density_jump,fullhide_1d,1.00000000e+07,9.42249237e+06,8.02801497e+17,2.30908630e+03,1.68822059e+49,9.00138881e+55
multi_density_jump,fullhide_1d,1.00000000e+07,9.42249237e+06,8.02801497e+17,2.79194217e+03,1.08690623e+49,8.47237005e+55
multi_density_jump,fullhide_1d,1.00000000e+07,9.42249237e+06,8.02801497e+17,3.37576863e+03,6.99060048e+48,7.96635819e+55
multi_density_jump,fullhide_1d,1.00000000e+07,9.42249237e+06,8.02801497e+17,4.08167976e+03,4.49183195e+48,7.48344130e+55
multi_density_jump,fullhide_1d,1.00000000e+07,9.42249237e+06,8.02801497e+17,4.93520484e+03,2.88344152e+48,7.02298133e+55
multi_density_jump,fullhide_1d,1.00000000e+07,9.42249237e+06,8.02801497e+17,5.96721159e+03,1.84900612e+48,6.58386963e+55
multi_density_jump,fullhide_1d,1.00000000e+07,9.42249237e+06,8.02801497e+17,7.21502254e+03,1.18424082e+48,6.16474919e+55
multi_density_jump,fullhide_1d,1.00000000e+07,9.42249237e+06,8.02801497e+17,8.72376477e+03,7.57397622e+47,5.76410430e+55
multi_density_jump,fullhide_1d,1.00000000e+07,9.42249237e+06,8.02801497e+17,1.05480019e+04,4.83572845e+47,5.38024816e+55
multi_density_jump,fullhide_1d,1.00000000e+07,9.42249237e+06,8.02801497e+17,1.27537076e+04,3.08084751e+47,5.01121591e+55
multi_density_jump,fullhide_1d,1.00000000e+07,9.42249237e+06,8.02801497e+17,1.54206511e+04,1.95738627e+47,4.65459563e+55
multi_density_jump,fullhide_1d,1.00000000e+07,9.42249237e+06,8.02801497e+17,1.86452824e+04,1.23900891e+47,4.30737178e+55
multi_density_jump,fullhide_1d,1.00000000e+07,9.42249237e+06,8.02801497e+17,2.25442203e+04,7.80321175e+46,3.96591892e+55
multi_density_jump,fullhide_1d,1.00000000e+07,9.42249237e+06,8.02801497e+17,2.72584699e+04,4.88051170e+46,3.62633821e+55
multi_density_jump,fullhide_1d,1.00000000e+07,9.42249237e+06,8.02801497e+17,3.29585220e+04,3.02441273e+46,3.28531120e+55
multi_density_jump,fullhide_1d,1.00000000e+07,9.42249237e+06,8.02801497e+17,3.98505191e+04,1.85224087e+46,2.94147681e+55
multi_density_jump,fullhide_1d,1.00000000e+07,9.42249237e+06,8.02801497e+17,4.81837101e+04,1.11857945e+46,2.59697226e+55
multi_density_jump,fullhide_1d,1.00000000e+07,9.42249237e+06,8.02801497e+17,5.82594650e+04,6.65344933e+45,2.25829066e+55
multi_density_jump,fullhide_1d,1.00000000e+07,9.42249237e+06,8.02801497e+17,7.04421733e+04,3.90033721e+45,1.93538624e+55
multi_density_jump,fullhide_1d,1.00000000e+07,9.42249237e+06,8.02801497e+17,8.51724228e+04,2.25890337e+45,1.63868567e+55
multi_density_jump,fullhide_1d,1.00000000e+07,9.42249237e+06,8.02801497e+17,1.02982933e+05,1.29686851e+45,1.37539189e+55
multi_density_jump,fullhide_1d,1.00000000e+07,9.42249237e+06,8.02801497e+17,1.24517821e+05,7.40133181e+44,1.14755338e+55
multi_density_jump,fullhide_1d,1.00000000e+07,9.42249237e+06,8.02801497e+17,1.50555895e+05,4.20442017e+44,9.53019180e+54
multi_density_jump,fullhide_1d,1.00000000e+07,9.42249237e+06,8.02801497e+17,1.82038823e+05,2.37747585e+44,7.87851115e+54
multi_density_jump,fullhide_1d,1.00000000e+07,9.42249237e+06,8.02801497e+17,2.20105185e+05,1.33779554e+44,6.48112343e+54
multi_density_jump,fullhide_1d,1.00000000e+07,9.42249237e+06,8.02801497e+17,2.66131651e+05,7.48913983e+43,5.30426236e+54
multi_density_jump,fullhide_1d,1.00000000e+07,9.42249237e+06,8.02801497e+17,3.21782768e+05,4.17115105e+43,4.31898289e+54
multi_density_jump,fullhide_1d,1.00000000e+07,9.42249237e+06,8.02801497e+17,3.89071158e+05,2.31184385e+43,3.49958522e+54
multi_density_jump,fullhide_1d,1.00000000e+07,9.42249237e+06,8.02801497e+17,4.70430306e+05,1.27552542e+43,2.82279737e+54
multi_density_jump,fullhide_1d,1.00000000e+07,9.42249237e+06,8.02801497e+17,5.68802566e+05,7.00855855e+42,2.26752352e+54
multi_density_jump,fullhide_1d,1.00000000e+07,9.42249237e+06,8.02801497e+17,6.87745570e+05,3.83685975e+42,1.81481152e+54
multi_density_jump,fullhide_1d,1.00000000e+07,9.42249237e+06,8.02801497e+17,8.31560891e+05,2.09374358e+42,1.44781011e+54
multi_density_jump,fullhide_1d,1.00000000e+07,9.42249237e+06,8.02801497e+17,1.00544961e+06,1.13926327e+42,1.15171419e+54
multi_density_jump,fullhide_1d,1.00000000e+07,9.42249237e+06,8.02801497e+17,1.21570042e+06,6.18347277e+41,9.13872446e+53
multi_density_jump,fullhide_1d,1.00000000e+07,9.42249237e+06,8.02801497e+17,1.46991702e+06,3.35004205e+41,7.23828864e+53
multi_density_jump,fullhide_1d,1.00000000e+07,9.42249237e+06,8.02801497e+17,1.77729318e+06,1.81348666e+41,5.72838917e+53
multi_density_jump,fullhide_1d,1.00000000e+07,9.42249237e+06,8.02801497e+17,2.14894514e+06,9.81478045e+40,4.53243148e+53
multi_density_jump,fullhide_1d,1.00000000e+07,9.42249237e+06,8.02801497e+17,2.59831370e+06,5.30897777e+40,3.58421517e+53
multi_density_jump,fullhide_1d,1.00000000e+07,9.42249237e+06,8.02801497e+17,3.14165027e+06,2.86805913e+40,2.83076474e+53
multi_density_jump,fullhide_1d,1.00000000e+07,9.42249237e+06,8.02801497e+17,3.79860463e+06,1.54677813e+40,2.23190759e+53
multi_density_jump,fullhide_1d,1.00000000e+07,9.42249237e+06,8.02801497e+17,4.59293551e+06,8.32785600e+39,1.75676594e+53
multi_density_jump,fullhide_1d,1.00000000e+07,9.42249237e+06,8.02801497e+17,5.55336990e+06,4.47699432e+39,1.38070134e+53
multi_density_jump,fullhide_1d,1.00000000e+07,9.42249237e+06,8.02801497e+17,6.71464190e+06,2.40367450e+39,1.08373068e+53
multi_density_jump,fullhide_1d,1.00000000e+07,9.42249237e+06,8.02801497e+17,8.11874893e+06,1.28905909e+39,8.49671496e+52
multi_density_jump,fullhide_1d,1.00000000e+07,9.42249237e+06,8.02801497e+17,9.81647049e+06,6.90611990e+38,6.65495074e+52
multi_density_jump,fullhide_1d,1.00000000e+07,9.42249237e+06,8.02801497e+17,1.18692047e+07,3.69658750e+38,5.20767929e+52
multi_density_jump,fullhide_1d,1.00000000e+07,9.42249237e+06,8.02801497e+17,1.43511887e+07,1.97697756e+38,4.07171611e+52
multi_density_jump,fullhide_1d,1.00000000e+07,9.42249237e+06,8.02801497e+17,1.73521834e+07,1.05645850e+38,3.18097826e+52
multi_density_jump,fullhide_1d,1.00000000e+07,9.42249237e+06,8.02801497e+17,2.09807198e+07,5.64101875e+37,2.48312345e+52
multi_density_jump,fullhide_1d,1.00000000e+07,9.42249237e+06,8.02801497e+17,2.53680239e+07,3.00960852e+37,1.93679334e+52
multi_density_jump,fullhide_1d,1.00000000e+07,9.42249237e+06,8.02801497e+17,3.06727626e+07,1.60432006e+37,1.50937377e+52
multi_density_jump,fullhide_1d,1.00000000e+07,9.42249237e+06,8.02801497e+17,3.70867817e+07,8.54415491e+36,1.17518816e+52
multi_density_jump,fullhide_1d,1.00000000e+07,9.42249237e+06,8.02801497e+17,4.48420442e+07,4.54567878e+36,9.14049147e+51
multi_density_jump,fullhide_1d,1.00000000e+07,9.42249237e+06,8.02801497e+17,5.42190191e+07,2.41556033e+36,7.10102763e+51
multi_density_jump,fullhide_1d,1.00000000e+07,9.42249237e+06,8.02801497e+17,6.55568249e+07,1.28187183e+36,5.50909709e+51
multi_density_jump,fullhide_1d,1.00000000e+07,9.42249237e+06,8.02801497e+17,7.92654931e+07,6.79159691e+35,4.26717284e+51
multi_density_jump,fullhide_1d,1.00000000e+07,9.42249237e+06,8.02801497e+17,9.58407978e+07,3.59137121e+35,3.29883913e+51
multi_density_jump,fullhide_1d,1.00000000e+07,9.42249237e+06,8.02801497e+17,1.15882185e+08,1.89464048e+35,2.54425222e+51
multi_density_jump,fullhide_1d,1.00000000e+07,9.42249237e+06,8.02801497e+17,1.40114451e+08,9.96617733e+34,1.95656585e+51
multi_density_jump,fullhide_1d,1.00000000e+07,9.42249237e+06,8.02801497e+17,1.69413956e+08,5.22321816e+34,1.49912047e+51
multi_density_jump,fullhide_1d,1.00000000e+07,9.42249237e+06,8.02801497e+17,2.04840317e+08,2.72461287e+34,1.14323545e+51
multi_density_jump,fullhide_1d,1.00000000e+07,9.42249237e+06,8.02801497e+17,2.47674727e+08,1.41251631e+34,8.66476638e+50
multi_density_jump,fullhide_1d,1.00000000e+07,9.42249237e+06,8.02801497e+17,2.99466294e+08,7.26246058e+33,6.51297908e+50
multi_density_jump,fullhide_1d,1.00000000e+07,9.42249237e+06,8.02801497e+17,3.62088059e+08,3.69144211e+33,4.83976714e+50
multi_density_jump,fullhide_1d,1.00000000e+07,9.42249237e+06,8.02801497e+17,4.37804738e+08,1.84575157e+33,3.53780719e+50
multi_density_jump,fullhide_1d,1.00000000e+07,9.42249237e+06,8.02801497e+17,5.29354624e+08,9.00435440e+32,2.52316704e+50
multi_density_jump,fullhide_1d,1.00000000e+07,9.42249237e+06,8.02801497e+17,6.40048621e+08,4.22360616e+32,1.73025195e+50
multi_density_jump,fullhide_1d,1.00000000e+07,9.42249237e+06,8.02801497e+17,7.73889975e+08,1.84993851e+32,1.10793870e+50
multi_density_jump,fullhide_1d,1.00000000e+07,9.42249237e+06,8.02801497e+17,9.35719058e+08,7.41007100e+31,6.48803703e+49
multi_density_jump,fullhide_1d,1.00000000e+07,9.42249237e+06,8.02801497e+17,1.13138842e+09,2.82819943e+31,3.62020772e+49
multi_density_jump,fullhide_1d,1.00000000e+07,9.42249237e+06,8.02801497e+17,1.36797444e+09,1.01855464e+31,1.90607639e+49
multi_density_jump,fullhide_1d,1.00000000e+07,9.42249237e+06,8.02801497e+17,1.65403326e+09,3.42299549e+30,9.36472016e+48
multi_density_jump,fullhide_1d,1.00000000e+07,9.42249237e+06,8.02801497e+17,1.99991019e+09,1.05924626e+30,4.23660453e+48
multi_density_jump,fullhide_1d,1.00000000e+07,9.42249237e+06,8.02801497e+17,2.41811387e+09,2.97014517e+29,1.73672547e+48
multi_density_jump,fullhide_1d,1.00000000e+07,9.42249237e+06,8.02801497e+17,2.92376863e+09,7.40123113e+28,6.32688545e+47
multi_density_jump,fullhide_1d,1.00000000e+07,9.42249237e+06,8.02801497e+17,3.53516149e+09,1.60079356e+28,2.00057042e+47
multi_density_jump,fullhide_1d,1.00000000e+07,9.42249237e+06,8.02801497e+17,4.27440345e+09,2.92032004e+27,5.33557798e+46
multi_density_jump,fullhide_1d,1.00000000e+07,9.42249237e+06,8.02801497e+17,5.16822921e+09,4.33962805e+26,1.15914039e+46
multi_density_jump,fullhide_1d,1.00000000e+07,9.42249237e+06,8.02801497e+17,6.24896397e+09,5.03461589e+25,1.96599488e+45
multi_density_jump,fullhide_1d,1.00000000e+07,9.42249237e+06,8.02801497e+17,7.55569251e+09,4.33017037e+24,2.47202885e+44
multi_density_jump,fullhide_1d,1.00000000e+07,9.42249237e+06,8.02801497e+17,9.13567266e+09,2.59226830e+23,2.16352048e+43
multi_density_jump,fullhide_1d,1.00000000e+07,9.42249237e+06,8.02801497e+17,1.10460444e+10,1.00024599e+22,1.22045111e+42
multi_density_jump,fullhide_1d,1.00000000e+07,9.42249237e+06,8.02801497e+17,1.33558963e+10,2.26523518e+20,4.04072576e+40
multi_density_jump,fullhide_1d,1.00000000e+07,9.42249237e+06,8.02801497e+17,1.61487642e+10,2.68649954e+18,7.00592297e+38
multi_density_jump,fullhide_1d,1.00000000e+07,9.42249237e+06,8.02801497e+17,1.95256522e+10,1.45243457e+16,5.53742267e+36
multi_density_jump,fullhide_1d,1.00000000e+07,9.42249237e+06,8.02801497e+17,2.36086853e+10,9.14704868e+13,5.09829071e+34
multi_density_jump,dg_1d,1.00000000e+03,1.07221816e+03,8.27650672e+16,3.00000000e+00,5.32327758e+39,4.79094982e+40
multi_density_jump,dg_1d,1.00000000e+03,1.07221816e+03,8.27650672e+16,3.62733369e+00,0.00000000e+00,0.00000000e+00
multi_density_jump,dg_1d,1.00000000e+03,1.07221816e+03,8.27650672e+16,4.38584989e+00,4.42063915e+39,8.50339969e+40
multi_density_jump,dg_1d,1.00000000e+03,1.07221816e+03,8.27650672e+16,5.30298036e+00,0.00000000e+00,0.00000000e+00
multi_density_jump,dg_1d,1.00000000e+03,1.07221816e+03,8.27650672e+16,6.41189310e+00,0.00000000e+00,0.00000000e+00
multi_density_jump,dg_1d,1.00000000e+03,1.07221816e+03,8.27650672e+16,7.75269195e+00,9.53327197e+39,5.72989994e+41
multi_density_jump,dg_1d,1.00000000e+03,1.07221816e+03,8.27650672e+16,9.37386689e+00,1.81282572e+40,1.59291873e+42
multi_density_jump,dg_1d,1.00000000e+03,1.07221816e+03,8.27650672e+16,1.13340477e+01,7.60023436e+40,9.76330952e+42
multi_density_jump,dg_1d,1.00000000e+03,1.07221816e+03,8.27650672e+16,1.37041244e+01,0.00000000e+00,0.00000000e+00
multi_density_jump,dg_1d,1.00000000e+03,1.07221816e+03,8.27650672e+16,1.65698107e+01,0.00000000e+00,0.00000000e+00
multi_density_jump,dg_1d,1.00000000e+03,1.07221816e+03,8.27650672e+16,2.00347441e+01,5.14297739e+40,2.06434470e+43
multi_density_jump,dg_1d,1.00000000e+03,1.07221816e+03,8.27650672e+16,2.42242341e+01,0.00000000e+00,0.00000000e+00
multi_density_jump,dg_1d,1.00000000e+03,1.07221816e+03,8.27650672e+16,2.92897935e+01,1.95538309e+40,1.67750751e+43
multi_density_jump,dg_1d,1.00000000e+03,1.07221816e+03,8.27650672e+16,3.54146182e+01,8.58368671e+41,1.07656185e+45
multi_density_jump,dg_1d,1.00000000e+03,1.07221816e+03,8.27650672e+16,4.28202125e+01,7.84380381e+41,1.43821681e+45
multi_density_jump,dg_1d,1.00000000e+03,1.07221816e+03,8.27650672e+16,5.17743998e+01,2.90249021e+41,7.78038180e+44
multi_density_jump,dg_1d,1.00000000e+03,1.07221816e+03,8.27650672e+16,6.26010082e+01,0.00000000e+00,0.00000000e+00
multi_density_jump,dg_1d,1.00000000e+03,1.07221816e+03,8.27650672e+16,7.56915820e+01,6.73071652e+41,3.85617260e+45
multi_density_jump,dg_1d,1.00000000e+03,1.07221816e+03,8.27650672e+16,9.15195418e+01,0.00000000e+00,0.00000000e+00
multi_density_jump,dg_1d,1.00000000e+03,1.07221816e+03,8.27650672e+16,1.10657306e+02,0.00000000e+00,0.00000000e+00
multi_density_jump,dg_1d,1.00000000e+03,1.07221816e+03,8.27650672e+16,1.33796991e+02,0.00000000e+00,0.00000000e+00
multi_density_jump,dg_1d,1.00000000e+03,1.07221816e+03,8.27650672e+16,1.61775444e+02,0.00000000e+00,0.00000000e+00
multi_density_jump,dg_1d,1.00000000e+03,1.07221816e+03,8.27650672e+16,1.95604506e+02,1.00520210e+43,3.84601608e+47
multi_density_jump,dg_1d,1.00000000e+03,1.07221816e+03,8.27650672e+16,2.36507605e+02,0.00000000e+00,0.00000000e+00
multi_density_jump,dg_1d,1.00000000e+03,1.07221816e+03,8.27650672e+16,2.85964001e+02,4.48167990e+42,3.66491210e+47
multi_density_jump,dg_1d,1.00000000e+03,1.07221816e+03,8.27650672e+16,3.45762284e+02,1.63834194e+42,1.95866330e+47
multi_density_jump,dg_1d,1.00000000e+03,1.07221816e+03,8.27650672e+16,4.18065061e+02,2.20907088e+41,3.86097863e+46
multi_density_jump,dg_1d,1.00000000e+03,1.07221816e+03,8.27650672e+16,5.05487160e+02,2.96611169e+42,7.57892758e+47
multi_density_jump,dg_1d,1.00000000e+03,1.07221816e+03,8.27650672e+16,6.11190201e+02,6.82191838e+43,2.54835122e+49
multi_density_jump,dg_1d,1.00000000e+03,1.07221816e+03,8.27650672e+16,7.38996935e+02,0.00000000e+00,0.00000000e+00
multi_density_jump,dg_1d,1.00000000e+03,1.07221816e+03,8.27650672e+16,8.93529493e+02,5.71623505e+42,4.56381322e+48
multi_density_jump,dg_1d,1.00000000e+03,1.07221816e+03,8.27650672e+16,1.08037654e+03,3.11268811e+43,3.63317150e+49
multi_density_jump,dg_1d,1.00000000e+03,1.07221816e+03,8.27650672e+16,1.30629541e+03,0.00000000e+00,0.00000000e+00
multi_density_jump,dg_1d,1.00000000e+03,1.07221816e+03,8.27650672e+16,1.57945645e+03,0.00000000e+00,0.00000000e+00
multi_density_jump,dg_1d,1.00000000e+03,1.07221816e+03,8.27650672e+16,1.90973853e+03,1.82964586e+44,6.67290371e+50
multi_density_jump,dg_1d,1.00000000e+03,1.07221816e+03,8.27650672e+16,2.30908630e+03,0.00000000e+00,0.00000000e+00
multi_density_jump,dg_1d,1.00000000e+03,1.07221816e+03,8.27650672e+16,2.79194217e+03,6.76062859e+44,5.26987017e+51
multi_density_jump,dg_1d,1.00000000e+03,1.07221816e+03,8.27650672e+16,3.37576863e+03,1.08823157e+44,1.24012844e+51
multi_density_jump,dg_1d,1.00000000e+03,1.07221816e+03,8.27650672e+16,4.08167976e+03,4.57897069e+44,7.62861540e+51
multi_density_jump,dg_1d,1.00000000e+03,1.07221816e+03,8.27650672e+16,4.93520484e+03,2.60601433e+45,6.34727282e+52
multi_density_jump,dg_1d,1.00000000e+03,1.07221816e+03,8.27650672e+16,5.96721159e+03,8.56585094e+46,3.05009515e+54
multi_density_jump,dg_1d,1.00000000e+03,1.07221816e+03,8.27650672e+16,7.21502254e+03,2.15298210e+47,1.12076821e+55
multi_density_jump,dg_1d,1.00000000e+03,1.07221816e+03,8.27650672e+16,8.72376477e+03,1.83618036e+47,1.39740802e+55
multi_density_jump,dg_1d,1.00000000e+03,1.07221816e+03,8.27650672e+16,1.05480019e+04,1.19971018e+47,1.33480168e+55
multi_density_jump,dg_1d,1.00000000e+03,1.07221816e+03,8.27650672e+16,1.27537076e+04,7.33964021e+46,1.19384428e+55
multi_density_jump,dg_1d,1.00000000e+03,1.07221816e+03,8.27650672e+16,1.54206511e+04,4.38084504e+46,1.04174953e+55
multi_density_jump,dg_1d,1.00000000e+03,1.07221816e+03,8.27650672e+16,1.86452824e+04,2.56690822e+46,8.92376798e+54
multi_density_jump,dg_1d,1.00000000e+03,1.07221816e+03,8.27650672e+16,2.25442203e+04,1.50218095e+46,7.63471255e+54
multi_density_jump,dg_1d,1.00000000e+03,1.07221816e+03,8.27650672e+16,2.72584699e+04,8.76424110e+45,6.51204307e+54
multi_density_jump,dg_1d,1.00000000e+03,1.07221816e+03,8.27650672e+16,3.29585220e+04,5.08367442e+45,5.52221340e+54
multi_density_jump,dg_1d,1.00000000e+03,1.07221816e+03,8.27650672e+16,3.98505191e+04,2.92987983e+45,4.65283631e+54
multi_density_jump,dg_1d,1.00000000e+03,1.07221816e+03,8.27650672e+16,4.81837101e+04,1.67754424e+45,3.89470401e+54
multi_density_jump,dg_1d,1.00000000e+03,1.07221816e+03,8.27650672e+16,5.82594650e+04,9.53660150e+44,3.23688016e+54
multi_density_jump,dg_1d,1.00000000e+03,1.07221816e+03,8.27650672e+16,7.04421733e+04,5.38127568e+44,2.67024269e+54
multi_density_jump,dg_1d,1.00000000e+03,1.07221816e+03,8.27650672e+16,8.51724228e+04,3.01996347e+44,2.19078466e+54
multi_density_jump,dg_1d,1.00000000e+03,1.07221816e+03,8.27650672e+16,1.02982933e+05,1.68503112e+44,1.78705713e+54
multi_density_jump,dg_1d,1.00000000e+03,1.07221816e+03,8.27650672e+16,1.24517821e+05,9.34739953e+43,1.44928510e+54
multi_density_jump,dg_1d,1.00000000e+03,1.07221816e+03,8.27650672e+16,1.50555895e+05,5.16128607e+43,1.16991272e+54
multi_density_jump,dg_1d,1.00000000e+03,1.07221816e+03,8.27650672e+16,1.82038823e+05,2.83503303e+43,9.39477020e+53
multi_density_jump,dg_1d,1.00000000e+03,1.07221816e+03,8.27650672e+16,2.20105185e+05,1.55136156e+43,7.51577161e+53
multi_density_jump,dg_1d,1.00000000e+03,1.07221816e+03,8.27650672e+16,2.66131651e+05,8.45342676e+42,5.98722876e+53
multi_density_jump,dg_1d,1.00000000e+03,1.07221816e+03,8.27650672e+16,3.21782768e+05,4.59015991e+42,4.75284206e+53
multi_density_jump,dg_1d,1.00000000e+03,1.07221816e+03,8.27650672e+16,3.89071158e+05,2.48737036e+42,3.76529086e+53
multi_density_jump,dg_1d,1.00000000e+03,1.07221816e+03,8.27650672e+16,4.70430306e+05,1.34688137e+42,2.98071140e+53
multi_density_jump,dg_1d,1.00000000e+03,1.07221816e+03,8.27650672e+16,5.68802566e+05,7.27657078e+41,2.35423522e+53
multi_density_jump,dg_1d,1.00000000e+03,1.07221816e+03,8.27650672e+16,6.87745570e+05,3.92402910e+41,1.85604210e+53
multi_density_jump,dg_1d,1.00000000e+03,1.07221816e+03,8.27650672e+16,8.31560891e+05,2.11266321e+41,1.46089291e+53
multi_density_jump,dg_1d,1.00000000e+03,1.07221816e+03,8.27650672e+16,1.00544961e+06,1.13590521e+41,1.14831943e+53
multi_density_jump,dg_1d,1.00000000e+03,1.07221816e+03,8.27650672e+16,1.21570042e+06,6.10035704e+40,9.01588543e+52
multi_density_jump,dg_1d,1.00000000e+03,1.07221816e+03,8.27650672e+16,1.46991702e+06,3.27296029e+40,7.07174148e+52
multi_density_jump,dg_1d,1.00000000e+03,1.07221816e+03,8.27650672e+16,1.77729318e+06,1.75450115e+40,5.54206743e+52
multi_density_jump,dg_1d,1.00000000e+03,1.07221816e+03,8.27650672e+16,2.14894514e+06,9.39799745e+39,4.33996254e+52
multi_density_jump,dg_1d,1.00000000e+03,1.07221816e+03,8.27650672e+16,2.59831370e+06,5.03053746e+39,3.39623360e+52
multi_density_jump,dg_1d,1.00000000e+03,1.07221816e+03,8.27650672e+16,3.14165027e+06,2.69095619e+39,2.65596473e+52
multi_density_jump,dg_1d,1.00000000e+03,1.07221816e+03,8.27650672e+16,3.79860463e+06,1.43851722e+39,2.07569362e+52
multi_density_jump,dg_1d,1.00000000e+03,1.07221816e+03,8.27650672e+16,4.59293551e+06,7.68474227e+38,1.62110073e+52
multi_density_jump,dg_1d,1.00000000e+03,1.07221816e+03,8.27650672e+16,5.55336990e+06,4.10226520e+38,1.26513519e+52
multi_density_jump,dg_1d,1.00000000e+03,1.07221816e+03,8.27650672e+16,6.71464190e+06,2.18803994e+38,9.86508788e+51
multi_density_jump,dg_1d,1.00000000e+03,1.07221816e+03,8.27650672e+16,8.11874893e+06,1.16589573e+38,7.68489491e+51
multi_density_jump,dg_1d,1.00000000e+03,1.07221816e+03,8.27650672e+16,9.81647049e+06,6.20507212e+37,5.97939941e+51
multi_density_jump,dg_1d,1.00000000e+03,1.07221816e+03,8.27650672e+16,1.18692047e+07,3.29756347e+37,4.64554214e+51
multi_density_jump,dg_1d,1.00000000e+03,1.07221816e+03,8.27650672e+16,1.43511887e+07,1.74917089e+37,3.60253318e+51
multi_density_jump,dg_1d,1.00000000e+03,1.07221816e+03,8.27650672e+16,1.73521834e+07,9.25637060e+36,2.78707716e+51
multi_density_jump,dg_1d,1.00000000e+03,1.07221816e+03,8.27650672e+16,2.09807198e+07,4.88336013e+36,2.14960924e+51
multi_density_jump,dg_1d,1.00000000e+03,1.07221816e+03,8.27650672e+16,2.53680239e+07,2.56602664e+36,1.65133215e+51
multi_density_jump,dg_1d,1.00000000e+03,1.07221816e+03,8.27650672e+16,3.06727626e+07,1.34126540e+36,1.26188712e+51
multi_density_jump,dg_1d,1.00000000e+03,1.07221816e+03,8.27650672e+16,3.70867817e+07,6.96164420e+35,9.57524993e+50
multi_density_jump,dg_1d,1.00000000e+03,1.07221816e+03,8.27650672e+16,4.48420442e+07,3.57901471e+35,7.19671472e+50
multi_density_jump,dg_1d,1.00000000e+03,1.07221816e+03,8.27650672e+16,5.42190191e+07,1.81583781e+35,5.33802212e+50
multi_density_jump,dg_1d,1.00000000e+03,1.07221816e+03,8.27650672e+16,6.55568249e+07,9.04115659e+34,3.88561542e+50
multi_density_jump,dg_1d,1.00000000e+03,1.07221816e+03,8.27650672e+16,7.92654931e+07,4.37802811e+34,2.75072312e+50
multi_density_jump,dg_1d,1.00000000e+03,1.07221816e+03,8.27650672e+16,9.58407978e+07,2.02924716e+34,1.86395656e+50
multi_density_jump,dg_1d,1.00000000e+03,1.07221816e+03,8.27650672e+16,1.15882185e+08,8.72089408e+33,1.17110103e+50
multi_density_jump,dg_1d,1.00000000e+03,1.07221816e+03,8.27650672e+16,1.40114451e+08,3.46731238e+33,6.80704826e+49
multi_density_jump,dg_1d,1.00000000e+03,1.07221816e+03,8.27650672e+16,1.69413956e+08,1.31032433e+33,3.76077346e+49
multi_density_jump,dg_1d,1.00000000e+03,1.07221816e+03,8.27650672e+16,2.04840317e+08,4.66333674e+32,1.95671536e+49
multi_density_jump,dg_1d,1.00000000e+03,1.07221816e+03,8.27650672e+16,2.47674727e+08,1.54568208e+32,9.48164207e+48
multi_density_jump,dg_1d,1.00000000e+03,1.07221816e+03,8.27650672e+16,2.99466294e+08,4.70808761e+31,4.22221585e+48
multi_density_jump,dg_1d,1.00000000e+03,1.07221816e+03,8.27650672e+16,3.62088059e+08,1.29681347e+31,1.70022312e+48
multi_density_jump,dg_1d,1.00000000e+03,1.07221816e+03,8.27650672e+16,4.37804738e+08,3.16798771e+30,6.07217670e+47
multi_density_jump,dg_1d,1.00000000e+03,1.07221816e+03,8.27650672e+16,5.29354624e+08,6.70461470e+29,1.87874245e+47
multi_density_jump,dg_1d,1.00000000e+03,1.07221816e+03,8.27650672e+16,6.40048621e+08,1.19490007e+29,4.89505437e+46
multi_density_jump,dg_1d,1.00000000e+03,1.07221816e+03,8.27650672e+16,7.73889975e+08,1.73283575e+28,1.03780519e+46
multi_density_jump,dg_1d,1.00000000e+03,1.07221816e+03,8.27650672e+16,9.35719058e+08,1.96164491e+27,1.71755774e+45
multi_density_jump,dg_1d,1.00000000e+03,1.07221816e+03,8.27650672e+16,1.13138842e+09,1.64852267e+26,2.11017456e+44
multi_density_jump,dg_1d,1.00000000e+03,1.07221816e+03,8.27650672e+16,1.36797444e+09,9.67743415e+24,1.81099059e+43
multi_density_jump,dg_1d,1.00000000e+03,1.07221816e+03,8.27650672e+16,1.65403326e+09,3.68663741e+23,1.00859986e+42
multi_density_jump,dg_1d,1.00000000e+03,1.07221816e+03,8.27650672e+16,1.99991019e+09,8.33627396e+21,3.33421012e+40
multi_density_jump,dg_1d,1.00000000e+03,1.07221816e+03,8.27650672e+16,2.41811387e+09,1.00334768e+20,5.86684951e+38
multi_density_jump,dg_1d,1.00000000e+03,1.07221816e+03,8.27650672e+16,2.92376863e+09,1.06653541e+18,9.11719583e+36
multi_density_jump,dg_1d,1.00000000e+03,1.07221816e+03,8.27650672e+16,3.53516149e+09,4.89699264e+17,6.11995129e+36
multi_density_jump,dg_1d,1.00000000e+03,1.07221816e+03,8.27650672e+16,4.27440345e+09,9.45748514e+11,1.72793217e+31
multi_density_jump,dg_1d,1.00000000e+03,1.07221816e+03,8.27650672e+16,5.16822921e+09,0.00000000e+00,0.00000000e+00
multi_density_jump,dg_1d,1.00000000e+03,1.07221816e+03,8.27650672e+16,6.24896397e+09,0.00000000e+00,0.00000000e+00
multi_density_jump,dg_1d,1.00000000e+03,1.07221816e+03,8.27650672e+16,7.55569251e+09,0.00000000e+00,0.00000000e+00
multi_density_jump,dg_1d,1.00000000e+03,1.07221816e+03,8.27650672e+16,9.13567266e+09,0.00000000e+00,0.00000000e+00
multi_density_jump,dg_1d,1.00000000e+03,1.07221816e+03,8.27650672e+16,1.10460444e+10,1.46382142e-15,1.78608312e+05
multi_density_jump,dg_1d,1.00000000e+03,1.07221816e+03,8.27650672e+16,1.33558963e+10,3.33742509e-15,5.95329776e+05
multi_density_jump,dg_1d,1.00000000e+03,1.07221816e+03,8.27650672e+16,1.61487642e+10,1.04940406e-15,2.73666304e+05
multi_density_jump,dg_1d,1.00000000e+03,1.07221816e+03,8.27650672e+16,1.95256522e+10,0.00000000e+00,0.00000000e+00
multi_density_jump,dg_1d,1.00000000e+03,1.07221816e+03,8.27650672e+16,2.36086853e+10,5.54188544e-17,3.08888080e+04
multi_density_jump,dg_1d,1.00000000e+05,8.94667946e+04,2.78183395e+17,3.00000000e+00,7.61285530e+41,6.85156977e+42
multi_density_jump,dg_1d,1.00000000e+05,8.94667946e+04,2.78183395e+17,3.62733369e+00,0.00000000e+00,0.00000000e+00
multi_density_jump,dg_1d,1.00000000e+05,8.94667946e+04,2.78183395e+17,4.38584989e+00,0.00000000e+00,0.00000000e+00
multi_density_jump,dg_1d,1.00000000e+05,8.94667946e+04,2.78183395e+17,5.30298036e+00,1.59127378e+42,4.47491657e+43
multi_density_jump,dg_1d,1.00000000e+05,8.94667946e+04,2.78183395e+17,6.41189310e+00,0.00000000e+00,0.00000000e+00
multi_density_jump,dg_1d,1.00000000e+05,8.94667946e+04,2.78183395e+17,7.75269195e+00,0.00000000e+00,0.00000000e+00
multi_density_jump,dg_1d,1.00000000e+05,8.94667946e+04,2.78183395e+17,9.37386689e+00,6.62011667e+41,5.81705550e+43
multi_density_jump,dg_1d,1.00000000e+05,8.94667946e+04,2.78183395e+17,1.13340477e+01,0.00000000e+00,0.00000000e+00
multi_density_jump,dg_1d,1.00000000e+05,8.94667946e+04,2.78183395e+17,1.37041244e+01,0.00000000e+00,0.00000000e+00
multi_density_jump,dg_1d,1.00000000e+05,8.94667946e+04,2.78183395e+17,1.65698107e+01,7.35071840e+42,2.01820314e+45
multi_density_jump,dg_1d,1.00000000e+05,8.94667946e+04,2.78183395e+17,2.00347441e+01,2.68896403e+43,1.07932589e+46
multi_density_jump,dg_1d,1.00000000e+05,8.94667946e+04,2.78183395e+17,2.42242341e+01,8.12416816e+43,4.76737170e+46
multi_density_jump,dg_1d,1.00000000e+05,8.94667946e+04,2.78183395e+17,2.92897935e+01,6.46171831e+43,5.54345646e+46
multi_density_jump,dg_1d,1.00000000e+05,8.94667946e+04,2.78183395e+17,3.54146182e+01,0.00000000e+00,0.00000000e+00
multi_density_jump,dg_1d,1.00000000e+05,8.94667946e+04,2.78183395e+17,4.28202125e+01,0.00000000e+00,0.00000000e+00
multi_density_jump,dg_1d,1.00000000e+05,8.94667946e+04,2.78183395e+17,5.17743998e+01,2.74840820e+44,7.36735136e+47
multi_density_jump,dg_1d,1.00000000e+05,8.94667946e+04,2.78183395e+17,6.26010082e+01,1.06452529e+45,4.17175350e+48
multi_density_jump,dg_1d,1.00000000e+05,8.94667946e+04,2.78183395e+17,7.56915820e+01,1.36254622e+45,7.80632102e+48
multi_density_jump,dg_1d,1.00000000e+05,8.94667946e+04,2.78183395e+17,9.15195418e+01,0.00000000e+00,0.00000000e+00
multi_density_jump,dg_1d,1.00000000e+05,8.94667946e+04,2.78183395e+17,1.10657306e+02,0.00000000e+00,0.00000000e+00
multi_density_jump,dg_1d,1.00000000e+05,8.94667946e+04,2.78183395e+17,1.33796991e+02,1.61375117e+45,2.88887840e+49
multi_density_jump,dg_1d,1.00000000e+05,8.94667946e+04,2.78183395e+17,1.61775444e+02,5.87260462e+45,1.53693664e+50
multi_density_jump,dg_1d,1.00000000e+05,8.94667946e+04,2.78183395e+17,1.95604506e+02,1.01798123e+46,3.89491049e+50
multi_density_jump,dg_1d,1.00000000e+05,8.94667946e+04,2.78183395e+17,2.36507605e+02,5.68020316e+45,3.17726975e+50
multi_density_jump,dg_1d,1.00000000e+05,8.94667946e+04,2.78183395e+17,2.85964001e+02,0.00000000e+00,0.00000000e+00
multi_density_jump,dg_1d,1.00000000e+05,8.94667946e+04,2.78183395e+17,3.45762284e+02,3.83695759e+45,4.58714255e+50
multi_density_jump,dg_1d,1.00000000e+05,8.94667946e+04,2.78183395e+17,4.18065061e+02,3.02558517e+46,5.28806921e+51
multi_density_jump,dg_1d,1.00000000e+05,8.94667946e+04,2.78183395e+17,5.05487160e+02,5.13454872e+46,1.31196586e+52
multi_density_jump,dg_1d,1.00000000e+05,8.94667946e+04,2.78183395e+17,6.11190201e+02,0.00000000e+00,0.00000000e+00
multi_density_jump,dg_1d,1.00000000e+05,8.94667946e+04,2.78183395e+17,7.38996935e+02,0.00000000e+00,0.00000000e+00
multi_density_jump,dg_1d,1.00000000e+05,8.94667946e+04,2.78183395e+17,8.93529493e+02,2.58967401e+47,2.06758266e+53
multi_density_jump,dg_1d,1.00000000e+05,8.94667946e+04,2.78183395e+17,1.08037654e+03,7.47250314e+47,8.72200635e+53
multi_density_jump,dg_1d,1.00000000e+05,8.94667946e+04,2.78183395e+17,1.30629541e+03,8.74326100e+48,1.49195679e+55
multi_density_jump,dg_1d,1.00000000e+05,8.94667946e+04,2.78183395e+17,1.57945645e+03,1.67235774e+49,4.17200187e+55
multi_density_jump,dg_1d,1.00000000e+05,8.94667946e+04,2.78183395e+17,1.90973853e+03,1.14340648e+49,4.17011922e+55
multi_density_jump,dg_1d,1.00000000e+05,8.94667946e+04,2.78183395e+17,2.30908630e+03,7.51436461e+48,4.00656869e+55
multi_density_jump,dg_1d,1.00000000e+05,8.94667946e+04,2.78183395e+17,2.79194217e+03,4.79511371e+48,3.73776290e+55
multi_density_jump,dg_1d,1.00000000e+05,8.94667946e+04,2.78183395e+17,3.37576863e+03,3.05402934e+48,3.48031499e+55
multi_density_jump,dg_1d,1.00000000e+05,8.94667946e+04,2.78183395e+17,4.08167976e+03,1.94522247e+48,3.24076197e+55
multi_density_jump,dg_1d,1.00000000e+05,8.94667946e+04,2.78183395e+17,4.93520484e+03,1.23427578e+48,3.00623256e+55
multi_density_jump,dg_1d,1.00000000e+05,8.94667946e+04,2.78183395e+17,5.96721159e+03,7.81770862e+47,2.78369952e+55
multi_density_jump,dg_1d,1.00000000e+05,8.94667946e+04,2.78183395e+17,7.21502254e+03,4.94574332e+47,2.57458336e+55
multi_density_jump,dg_1d,1.00000000e+05,8.94667946e+04,2.78183395e+17,8.72376477e+03,3.12174500e+47,2.37577506e+55
multi_density_jump,dg_1d,1.00000000e+05,8.94667946e+04,2.78183395e+17,1.05480019e+04,1.96347171e+47,2.18456540e+55
multi_density_jump,dg_1d,1.00000000e+05,8.94667946e+04,2.78183395e+17,1.27537076e+04,1.23150057e+47,2.00312259e+55
multi_density_jump,dg_1d,1.00000000e+05,8.94667946e+04,2.78183395e+17,1.54206511e+04,7.70003761e+46,1.83104184e+55
multi_density_jump,dg_1d,1.00000000e+05,8.94667946e+04,2.78183395e+17,1.86452824e+04,4.79874094e+46,1.66826575e+55
multi_density_jump,dg_1d,1.00000000e+05,8.94667946e+04,2.78183395e+17,2.25442203e+04,2.98213751e+46,1.51564714e+55
multi_density_jump,dg_1d,1.00000000e+05,8.94667946e+04,2.78183395e+17,2.72584699e+04,1.84796511e+46,1.37308276e+55
multi_density_jump,dg_1d,1.00000000e+05,8.94667946e+04,2.78183395e+17,3.29585220e+04,1.14244825e+46,1.24100061e+55
multi_density_jump,dg_1d,1.00000000e+05,8.94667946e+04,2.78183395e+17,3.98505191e+04,7.04763392e+45,1.11920928e+55
multi_density_jump,dg_1d,1.00000000e+05,8.94667946e+04,2.78183395e+17,4.81837101e+04,4.33944427e+45,1.00747572e+55
multi_density_jump,dg_1d,1.00000000e+05,8.94667946e+04,2.78183395e+17,5.82594650e+04,2.66733554e+45,9.05337762e+54
multi_density_jump,dg_1d,1.00000000e+05,8.94667946e+04,2.78183395e+17,7.04421733e+04,1.63707084e+45,8.12330889e+54
multi_density_jump,dg_1d,1.00000000e+05,8.94667946e+04,2.78183395e+17,8.51724228e+04,1.00255350e+45,7.27286557e+54
multi_density_jump,dg_1d,1.00000000e+05,8.94667946e+04,2.78183395e+17,1.02982933e+05,6.11458632e+44,6.48481502e+54
multi_density_jump,dg_1d,1.00000000e+05,8.94667946e+04,2.78183395e+17,1.24517821e+05,3.69023258e+44,5.72159034e+54
multi_density_jump,dg_1d,1.00000000e+05,8.94667946e+04,2.78183395e+17,1.50555895e+05,2.19924935e+44,4.98505554e+54
multi_density_jump,dg_1d,1.00000000e+05,8.94667946e+04,2.78183395e+17,1.82038823e+05,1.29502745e+44,4.29147922e+54
multi_density_jump,dg_1d,1.00000000e+05,8.94667946e+04,2.78183395e+17,2.20105185e+05,7.54098396e+43,3.65332716e+54
multi_density_jump,dg_1d,1.00000000e+05,8.94667946e+04,2.78183395e+17,2.66131651e+05,4.34501784e+43,3.07740476e+54
multi_density_jump,dg_1d,1.00000000e+05,8.94667946e+04,2.78183395e+17,3.21782768e+05,2.48141445e+43,2.56935950e+54
multi_density_jump,dg_1d,1.00000000e+05,8.94667946e+04,2.78183395e+17,3.89071158e+05,1.40382528e+43,2.12505970e+54
multi_density_jump,dg_1d,1.00000000e+05,8.94667946e+04,2.78183395e+17,4.70430306e+05,7.88762945e+42,1.74556926e+54
multi_density_jump,dg_1d,1.00000000e+05,8.94667946e+04,2.78183395e+17,5.68802566e+05,4.39953904e+42,1.42341084e+54
multi_density_jump,dg_1d,1.00000000e+05,8.94667946e+04,2.78183395e+17,6.87745570e+05,2.43689473e+42,1.15263651e+54
multi_density_jump,dg_1d,1.00000000e+05,8.94667946e+04,2.78183395e+17,8.31560891e+05,1.34213645e+42,9.28078652e+53
multi_density_jump,dg_1d,1.00000000e+05,8.94667946e+04,2.78183395e+17,1.00544961e+06,7.37236259e+41,7.45293456e+53
multi_density_jump,dg_1d,1.00000000e+05,8.94667946e+04,2.78183395e+17,1.21570042e+06,4.03622519e+41,5.96524821e+53
multi_density_jump,dg_1d,1.00000000e+05,8.94667946e+04,2.78183395e+17,1.46991702e+06,2.20098022e+41,4.75556125e+53
multi_density_jump,dg_1d,1.00000000e+05,8.94667946e+04,2.78183395e+17,1.77729318e+06,1.19607941e+41,3.77814100e+53
multi_density_jump,dg_1d,1.00000000e+05,8.94667946e+04,2.78183395e+17,2.14894514e+06,6.48124949e+40,2.99301848e+53
multi_density_jump,dg_1d,1.00000000e+05,8.94667946e+04,2.78183395e+17,2.59831370e+06,3.50354530e+40,2.36532545e+53
multi_density_jump,dg_1d,1.00000000e+05,8.94667946e+04,2.78183395e+17,3.14165027e+06,1.89003777e+40,1.86546094e+53
multi_density_jump,dg_1d,1.00000000e+05,8.94667946e+04,2.78183395e+17,3.79860463e+06,1.01784645e+40,1.46869107e+53
multi_density_jump,dg_1d,1.00000000e+05,8.94667946e+04,2.78183395e+17,4.59293551e+06,5.47335131e+39,1.15460655e+53
multi_density_jump,dg_1d,1.00000000e+05,8.94667946e+04,2.78183395e+17,5.55336990e+06,2.93948757e+39,9.06535533e+52
multi_density_jump,dg_1d,1.00000000e+05,8.94667946e+04,2.78183395e+17,6.71464190e+06,1.57690384e+39,7.10969423e+52
multi_density_jump,dg_1d,1.00000000e+05,8.94667946e+04,2.78183395e+17,8.11874893e+06,8.45091359e+38,5.57034230e+52
multi_density_jump,dg_1d,1.00000000e+05,8.94667946e+04,2.78183395e+17,9.81647049e+06,4.52479657e+38,4.36023392e+52
multi_density_jump,dg_1d,1.00000000e+05,8.94667946e+04,2.78183395e+17,1.18692047e+07,2.42050615e+38,3.40996115e+52
multi_density_jump,dg_1d,1.00000000e+05,8.94667946e+04,2.78183395e+17,1.43511887e+07,1.29366543e+38,2.66438955e+52
multi_density_jump,dg_1d,1.00000000e+05,8.94667946e+04,2.78183395e+17,1.73521834e+07,6.90754795e+37,2.07985073e+52
multi_density_jump,dg_1d,1.00000000e+05,8.94667946e+04,2.78183395e+17,2.09807198e+07,3.68440591e+37,1.62184086e+52
multi_density_jump,dg_1d,1.00000000e+05,8.94667946e+04,2.78183395e+17,2.53680239e+07,1.96282700e+37,1.26315109e+52
multi_density_jump,dg_1d,1.00000000e+05,8.94667946e+04,2.78183395e+17,3.06727626e+07,1.04415476e+37,9.82359970e+51
multi_density_jump,dg_1d,1.00000000e+05,8.94667946e+04,2.78183395e+17,3.70867817e+07,5.54463318e+36,7.62625134e+51
multi_density_jump,dg_1d,1.00000000e+05,8.94667946e+04,2.78183395e+17,4.48420442e+07,2.93771830e+36,5.90719018e+51
multi_density_jump,dg_1d,1.00000000e+05,8.94667946e+04,2.78183395e+17,5.42190191e+07,1.55207043e+36,4.56262460e+51
multi_density_jump,dg_1d,1.00000000e+05,8.94667946e+04,2.78183395e+17,6.55568249e+07,8.16989878e+35,3.51117518e+51
multi_density_jump,dg_1d,1.00000000e+05,8.94667946e+04,2.78183395e+17,7.92654931e+07,4.27990853e+35,2.68907440e+51
multi_density_jump,dg_1d,1.00000000e+05,8.94667946e+04,2.78183395e+17,9.58407978e+07,2.22784780e+35,2.04638036e+51
multi_density_jump,dg_1d,1.00000000e+05,8.94667946e+04,2.78183395e+17,1.15882185e+08,1.14977518e+35,1.54399639e+51
multi_density_jump,dg_1d,1.00000000e+05,8.94667946e+04,2.78183395e+17,1.40114451e+08,5.86452140e+34,1.15132632e+51
multi_density_jump,dg_1d,1.00000000e+05,8.94667946e+04,2.78183395e+17,1.69413956e+08,2.94216389e+34,8.44433062e+50
multi_density_jump,dg_1d,1.00000000e+05,8.94667946e+04,2.78183395e+17,2.04840317e+08,1.44089712e+34,6.04594024e+50
multi_density_jump,dg_1d,1.00000000e+05,8.94667946e+04,2.78183395e+17,2.47674727e+08,6.80060456e+33,4.17167924e+50
multi_density_jump,dg_1d,1.00000000e+05,8.94667946e+04,2.78183395e+17,2.99466294e+08,3.01858575e+33,2.70706955e+50
multi_density_jump,dg_1d,1.00000000e+05,8.94667946e+04,2.78183395e+17,3.62088059e+08,1.22576027e+33,1.60706685e+50
multi_density_jump,dg_1d,1.00000000e+05,8.94667946e+04,2.78183395e+17,4.37804738e+08,4.72119105e+32,9.04924797e+49
multi_density_jump,dg_1d,1.00000000e+05,8.94667946e+04,2.78183395e+17,5.29354624e+08,1.71845821e+32,4.81540033e+49
multi_density_jump,dg_1d,1.00000000e+05,8.94667946e+04,2.78183395e+17,6.40048621e+08,5.84985618e+31,2.39646517e+49
multi_density_jump,dg_1d,1.00000000e+05,8.94667946e+04,2.78183395e+17,7.73889975e+08,1.83922600e+31,1.10152292e+49
multi_density_jump,dg_1d,1.00000000e+05,8.94667946e+04,2.78183395e+17,9.35719058e+08,5.26095922e+30,4.60633889e+48
multi_density_jump,dg_1d,1.00000000e+05,8.94667946e+04,2.78183395e+17,1.13138842e+09,1.34444792e+30,1.72094679e+48
multi_density_jump,dg_1d,1.00000000e+05,8.94667946e+04,2.78183395e+17,1.36797444e+09,3.00293047e+29,5.61954618e+47
multi_density_jump,dg_1d,1.00000000e+05,8.94667946e+04,2.78183395e+17,1.65403326e+09,5.70893352e+28,1.56186489e+47
multi_density_jump,dg_1d,1.00000000e+05,8.94667946e+04,2.78183395e+17,1.99991019e+09,8.94639282e+27,3.57823575e+46
multi_density_jump,dg_1d,1.00000000e+05,8.94667946e+04,2.78183395e+17,2.41811387e+09,1.11166624e+27,6.50021784e+45
multi_density_jump,dg_1d,1.00000000e+05,8.94667946e+04,2.78183395e+17,2.92376863e+09,1.04505606e+26,8.93358124e+44
multi_density_jump,dg_1d,1.00000000e+05,8.94667946e+04,2.78183395e+17,3.53516149e+09,7.02189775e+24,8.77552313e+43
multi_density_jump,dg_1d,1.00000000e+05,8.94667946e+04,2.78183395e+17,4.27440345e+09,3.14797285e+23,5.75151162e+42
multi_density_jump,dg_1d,1.00000000e+05,8.94667946e+04,2.78183395e+17,5.16822921e+09,8.66328462e+21,2.31401471e+41
multi_density_jump,dg_1d,1.00000000e+05,8.94667946e+04,2.78183395e+17,6.24896397e+09,1.32323538e+20,5.16717472e+39
multi_density_jump,dg_1d,1.00000000e+05,8.94667946e+04,2.78183395e+17,7.55569251e+09,9.95077648e+17,5.68074797e+37
multi_density_jump,dg_1d,1.00000000e+05,8.94667946e+04,2.78183395e+17,9.13567266e+09,4.43377727e+15,3.70045334e+35
multi_density_jump,dg_1d,1.00000000e+05,8.94667946e+04,2.78183395e+17,1.10460444e+10,0.00000000e+00,0.00000000e+00
multi_density_jump,dg_1d,1.00000000e+05,8.94667946e+04,2.78183395e+17,1.33558963e+10,1.17568948e+09,2.09719449e+29
multi_density_jump,dg_1d,1.00000000e+05,8.94667946e+04,2.78183395e+17,1.61487642e+10,0.00000000e+00,0.00000000e+00
multi_density_jump,dg_1d,1.00000000e+05,8.94667946e+04,2.78183395e+17,1.95256522e+10,0.00000000e+00,0.00000000e+00
multi_density_jump,dg_1d,1.00000000e+05,8.94667946e+04,2.78183395e+17,2.36086853e+10,0.00000000e+00,0.00000000e+00
multi_density_jump,dg_1d,1.00000000e+07,9.42249237e+06,8.02801497e+17,3.00000000e+00,0.00000000e+00,0.00000000e+00
multi_density_jump,dg_1d,1.00000000e+07,9.42249237e+06,8.02801497e+17,3.62733369e+00,0.00000000e+00,0.00000000e+00
multi_density_jump,dg_1d,1.00000000e+07,9.42249237e+06,8.02801497e+17,4.38584989e+00,0.00000000e+00,0.00000000e+00
multi_density_jump,dg_1d,1.00000000e+07,9.42249237e+06,8.02801497e+17,5.30298036e+00,3.62178425e+43,1.01850370e+45
multi_density_jump,dg_1d,1.00000000e+07,9.42249237e+06,8.02801497e+17,6.41189310e+00,1.12017985e+43,4.60532521e+44
multi_density_jump,dg_1d,1.00000000e+07,9.42249237e+06,8.02801497e+17,7.75269195e+00,2.93551618e+44,1.76436946e+46
multi_density_jump,dg_1d,1.00000000e+07,9.42249237e+06,8.02801497e+17,9.37386689e+00,0.00000000e+00,0.00000000e+00
multi_density_jump,dg_1d,1.00000000e+07,9.42249237e+06,8.02801497e+17,1.13340477e+01,0.00000000e+00,0.00000000e+00
multi_density_jump,dg_1d,1.00000000e+07,9.42249237e+06,8.02801497e+17,1.37041244e+01,0.00000000e+00,0.00000000e+00
multi_density_jump,dg_1d,1.00000000e+07,9.42249237e+06,8.02801497e+17,1.65698107e+01,4.25042947e+46,1.16699207e+49
multi_density_jump,dg_1d,1.00000000e+07,9.42249237e+06,8.02801497e+17,2.00347441e+01,7.85227905e+46,3.15183393e+49
multi_density_jump,dg_1d,1.00000000e+07,9.42249237e+06,8.02801497e+17,2.42242341e+01,0.00000000e+00,0.00000000e+00
multi_density_jump,dg_1d,1.00000000e+07,9.42249237e+06,8.02801497e+17,2.92897935e+01,4.07575350e+49,3.49655633e+52
multi_density_jump,dg_1d,1.00000000e+07,9.42249237e+06,8.02801497e+17,3.54146182e+01,0.00000000e+00,0.00000000e+00
multi_density_jump,dg_1d,1.00000000e+07,9.42249237e+06,8.02801497e+17,4.28202125e+01,1.00787100e+52,1.84800263e+55
multi_density_jump,dg_1d,1.00000000e+07,9.42249237e+06,8.02801497e+17,5.17743998e+01,1.56431252e+52,4.19327813e+55
multi_density_jump,dg_1d,1.00000000e+07,9.42249237e+06,8.02801497e+17,6.26010082e+01,1.66199323e+52,6.51316240e+55
multi_density_jump,dg_1d,1.00000000e+07,9.42249237e+06,8.02801497e+17,7.56915820e+01,1.44261772e+52,8.26506795e+55
multi_density_jump,dg_1d,1.00000000e+07,9.42249237e+06,8.02801497e+17,9.15195418e+01,1.14118586e+52,9.55837476e+55
multi_density_jump,dg_1d,1.00000000e+07,9.42249237e+06,8.02801497e+17,1.10657306e+02,8.56485797e+51,1.04877022e+56
multi_density_jump,dg_1d,1.00000000e+07,9.42249237e+06,8.02801497e+17,1.33796991e+02,6.27433464e+51,1.12320847e+56
multi_density_jump,dg_1d,1.00000000e+07,9.42249237e+06,8.02801497e+17,1.61775444e+02,4.46227280e+51,1.16783455e+56
multi_density_jump,dg_1d,1.00000000e+07,9.42249237e+06,8.02801497e+17,1.95604506e+02,3.12537816e+51,1.19580478e+56
multi_density_jump,dg_1d,1.00000000e+07,9.42249237e+06,8.02801497e+17,2.36507605e+02,2.14887229e+51,1.20198992e+56
multi_density_jump,dg_1d,1.00000000e+07,9.42249237e+06,8.02801497e+17,2.85964001e+02,1.47613761e+51,1.20711758e+56
multi_density_jump,dg_1d,1.00000000e+07,9.42249237e+06,8.02801497e+17,3.45762284e+02,1.01368897e+51,1.21188095e+56
multi_density_jump,dg_1d,1.00000000e+07,9.42249237e+06,8.02801497e+17,4.18065061e+02,7.42127233e+50,1.29707807e+56
multi_density_jump,dg_1d,1.00000000e+07,9.42249237e+06,8.02801497e+17,5.05487160e+02,5.39850428e+50,1.37941107e+56
multi_density_jump,dg_1d,1.00000000e+07,9.42249237e+06,8.02801497e+17,6.11190201e+02,3.56581654e+50,1.33202311e+56
multi_density_jump,dg_1d,1.00000000e+07,9.42249237e+06,8.02801497e+17,7.38996935e+02,2.29267136e+50,1.25206559e+56
multi_density_jump,dg_1d,1.00000000e+07,9.42249237e+06,8.02801497e+17,8.93529493e+02,1.46238160e+50,1.16755809e+56
multi_density_jump,dg_1d,1.00000000e+07,9.42249237e+06,8.02801497e+17,1.08037654e+03,9.70724048e+49,1.13304219e+56
multi_density_jump,dg_1d,1.00000000e+07,9.42249237e+06,8.02801497e+17,1.30629541e+03,6.14795608e+49,1.04909196e+56
multi_density_jump,dg_1d,1.00000000e+07,9.42249237e+06,8.02801497e+17,1.57945645e+03,3.97801607e+49,9.92388776e+55
multi_density_jump,dg_1d,1.00000000e+07,9.42249237e+06,8.02801497e+17,1.90973853e+03,2.55565594e+49,9.32073597e+55
multi_density_jump,dg_1d,1.00000000e+07,9.42249237e+06,8.02801497e+17,2.30908630e+03,1.65117681e+49,8.80387585e+55
multi_density_jump,dg_1d,1.00000000e+07,9.42249237e+06,8.02801497e+17,2.79194217e+03,1.05693702e+49,8.23876182e+55
multi_density_jump,dg_1d,1.00000000e+07,9.42249237e+06,8.02801497e+17,3.37576863e+03,6.78813673e+48,7.73563427e+55
multi_density_jump,dg_1d,1.00000000e+07,9.42249237e+06,8.02801497e+17,4.08167976e+03,4.51005871e+48,7.51380728e+55
multi_density_jump,dg_1d,1.00000000e+07,9.42249237e+06,8.02801497e+17,4.93520484e+03,2.83037155e+48,6.89372280e+55
multi_density_jump,dg_1d,1.00000000e+07,9.42249237e+06,8.02801497e+17,5.96721159e+03,1.79397601e+48,6.38792054e+55
multi_density_jump,dg_1d,1.00000000e+07,9.42249237e+06,8.02801497e+17,7.21502254e+03,1.15476534e+48,6.01131001e+55
multi_density_jump,dg_1d,1.00000000e+07,9.42249237e+06,8.02801497e+17,8.72376477e+03,7.34775734e+47,5.59194251e+55
multi_density_jump,dg_1d,1.00000000e+07,9.42249237e+06,8.02801497e+17,1.05480019e+04,4.71728907e+47,5.24847210e+55
multi_density_jump,dg_1d,1.00000000e+07,9.42249237e+06,8.02801497e+17,1.27537076e+04,2.97848574e+47,4.84471727e+55
multi_density_jump,dg_1d,1.00000000e+07,9.42249237e+06,8.02801497e+17,1.54206511e+04,1.90848353e+47,4.53830664e+55
multi_density_jump,dg_1d,1.00000000e+07,9.42249237e+06,8.02801497e+17,1.86452824e+04,1.20737408e+47,4.19739438e+55
multi_density_jump,dg_1d,1.00000000e+07,9.42249237e+06,8.02801497e+17,2.25442203e+04,7.50618419e+46,3.81495708e+55
multi_density_jump,dg_1d,1.00000000e+07,9.42249237e+06,8.02801497e+17,2.72584699e+04,4.66485485e+46,3.46609995e+55
multi_density_jump,dg_1d,1.00000000e+07,9.42249237e+06,8.02801497e+17,3.29585220e+04,2.83655310e+46,3.08124601e+55
multi_density_jump,dg_1d,1.00000000e+07,9.42249237e+06,8.02801497e+17,3.98505191e+04,1.69799533e+46,2.69652504e+55
multi_density_jump,dg_1d,1.00000000e+07,9.42249237e+06,8.02801497e+17,4.81837101e+04,9.83246517e+45,2.28277387e+55
multi_density_jump,dg_1d,1.00000000e+07,9.42249237e+06,8.02801497e+17,5.82594650e+04,5.68126858e+45,1.92831645e+55
multi_density_jump,dg_1d,1.00000000e+07,9.42249237e+06,8.02801497e+17,7.04421733e+04,3.25702227e+45,1.61616695e+55
multi_density_jump,dg_1d,1.00000000e+07,9.42249237e+06,8.02801497e+17,8.51724228e+04,1.88843206e+45,1.36993312e+55
multi_density_jump,dg_1d,1.00000000e+07,9.42249237e+06,8.02801497e+17,1.02982933e+05,1.08478956e+45,1.15047188e+55
multi_density_jump,dg_1d,1.00000000e+07,9.42249237e+06,8.02801497e+17,1.24517821e+05,6.15962442e+44,9.55030525e+54
multi_density_jump,dg_1d,1.00000000e+07,9.42249237e+06,8.02801497e+17,1.50555895e+05,3.49786342e+44,7.92863414e+54
multi_density_jump,dg_1d,1.00000000e+07,9.42249237e+06,8.02801497e+17,1.82038823e+05,1.97636076e+44,6.54929061e+54
multi_density_jump,dg_1d,1.00000000e+07,9.42249237e+06,8.02801497e+17,2.20105185e+05,1.10968085e+44,5.37599232e+54
multi_density_jump,dg_1d,1.00000000e+07,9.42249237e+06,8.02801497e+17,2.66131651e+05,6.19981870e+43,4.39108705e+54
multi_density_jump,dg_1d,1.00000000e+07,9.42249237e+06,8.02801497e+17,3.21782768e+05,3.44234245e+43,3.56434422e+54
multi_density_jump,dg_1d,1.00000000e+07,9.42249237e+06,8.02801497e+17,3.89071158e+05,1.90269272e+43,2.88022710e+54
multi_density_jump,dg_1d,1.00000000e+07,9.42249237e+06,8.02801497e+17,4.70430306e+05,1.04671051e+43,2.31641928e+54
multi_density_jump,dg_1d,1.00000000e+07,9.42249237e+06,8.02801497e+17,5.68802566e+05,5.71743910e+42,1.84979943e+54
multi_density_jump,dg_1d,1.00000000e+07,9.42249237e+06,8.02801497e+17,6.87745570e+05,3.12106670e+42,1.47624573e+54
multi_density_jump,dg_1d,1.00000000e+07,9.42249237e+06,8.02801497e+17,8.31560891e+05,1.70422798e+42,1.17846260e+54
multi_density_jump,dg_1d,1.00000000e+07,9.42249237e+06,8.02801497e+17,1.00544961e+06,9.24381997e+41,9.34484496e+53
multi_density_jump,dg_1d,1.00000000e+07,9.42249237e+06,8.02801497e+17,1.21570042e+06,4.99283670e+41,7.37905067e+53
multi_density_jump,dg_1d,1.00000000e+07,9.42249237e+06,8.02801497e+17,1.46991702e+06,2.71060147e+41,5.85667749e+53
multi_density_jump,dg_1d,1.00000000e+07,9.42249237e+06,8.02801497e+17,1.77729318e+06,1.47331851e+41,4.65387586e+53
multi_density_jump,dg_1d,1.00000000e+07,9.42249237e+06,8.02801497e+17,2.14894514e+06,7.98541138e+40,3.68763520e+53
multi_density_jump,dg_1d,1.00000000e+07,9.42249237e+06,8.02801497e+17,2.59831370e+06,4.31765778e+40,2.91495184e+53
multi_density_jump,dg_1d,1.00000000e+07,9.42249237e+06,8.02801497e+17,3.14165027e+06,2.32980861e+40,2.29951328e+53
multi_density_jump,dg_1d,1.00000000e+07,9.42249237e+06,8.02801497e+17,3.79860463e+06,1.25505580e+40,1.81096985e+53
multi_density_jump,dg_1d,1.00000000e+07,9.42249237e+06,8.02801497e+17,4.59293551e+06,6.75125254e+39,1.42418054e+53
multi_density_jump,dg_1d,1.00000000e+07,9.42249237e+06,8.02801497e+17,5.55336990e+06,3.62734970e+39,1.11867164e+53
multi_density_jump,dg_1d,1.00000000e+07,9.42249237e+06,8.02801497e+17,6.71464190e+06,1.94692703e+39,8.77799618e+52
multi_density_jump,dg_1d,1.00000000e+07,9.42249237e+06,8.02801497e+17,8.11874893e+06,1.04408374e+39,6.88198236e+52
multi_density_jump,dg_1d,1.00000000e+07,9.42249237e+06,8.02801497e+17,9.81647049e+06,5.59492350e+38,5.39144133e+52
multi_density_jump,dg_1d,1.00000000e+07,9.42249237e+06,8.02801497e+17,1.18692047e+07,2.99615111e+38,4.22091837e+52
multi_density_jump,dg_1d,1.00000000e+07,9.42249237e+06,8.02801497e+17,1.43511887e+07,1.60350426e+38,3.30252313e+52
multi_density_jump,dg_1d,1.00000000e+07,9.42249237e+06,8.02801497e+17,1.73521834e+07,8.57686248e+37,2.58247845e+52
multi_density_jump,dg_1d,1.00000000e+07,9.42249237e+06,8.02801497e+17,2.09807198e+07,4.58503570e+37,2.01828963e+52
multi_density_jump,dg_1d,1.00000000e+07,9.42249237e+06,8.02801497e+17,2.53680239e+07,2.44965734e+37,1.57644425e+52
multi_density_jump,dg_1d,1.00000000e+07,9.42249237e+06,8.02801497e+17,3.06727626e+07,1.30796425e+37,1.23055679e+52
multi_density_jump,dg_1d,1.00000000e+07,9.42249237e+06,8.02801497e+17,3.70867817e+07,6.97877430e+36,9.59881116e+51
multi_density_jump,dg_1d,1.00000000e+07,9.42249237e+06,8.02801497e+17,4.48420442e+07,3.72050907e+36,7.48123285e+51
multi_density_jump,dg_1d,1.00000000e+07,9.42249237e+06,8.02801497e+17,5.42190191e+07,1.98148604e+36,5.82497854e+51
multi_density_jump,dg_1d,1.00000000e+07,9.42249237e+06,8.02801497e+17,6.55568249e+07,1.05400632e+36,4.52980009e+51
multi_density_jump,dg_1d,1.00000000e+07,9.42249237e+06,8.02801497e+17,7.92654931e+07,5.59785742e+35,3.51714411e+51
multi_density_jump,dg_1d,1.00000000e+07,9.42249237e+06,8.02801497e+17,9.58407978e+07,2.96717770e+35,2.72548877e+51
multi_density_jump,dg_1d,1.00000000e+07,9.42249237e+06,8.02801497e+17,1.15882185e+08,1.56878527e+35,2.10667166e+51
multi_density_jump,dg_1d,1.00000000e+07,9.42249237e+06,8.02801497e+17,1.40114451e+08,8.26710055e+34,1.62300209e+51
multi_density_jump,dg_1d,1.00000000e+07,9.42249237e+06,8.02801497e+17,1.69413956e+08,4.33778975e+34,1.24499288e+51
multi_density_jump,dg_1d,1.00000000e+07,9.42249237e+06,8.02801497e+17,2.04840317e+08,2.26308493e+34,9.49580373e+50
multi_density_jump,dg_1d,1.00000000e+07,9.42249237e+06,8.02801497e+17,2.47674727e+08,1.17166006e+34,7.18728742e+50
multi_density_jump,dg_1d,1.00000000e+07,9.42249237e+06,8.02801497e+17,2.99466294e+08,6.00285306e+33,5.38336230e+50
multi_density_jump,dg_1d,1.00000000e+07,9.42249237e+06,8.02801497e+17,3.62088059e+08,3.03093065e+33,3.97378534e+50
multi_density_jump,dg_1d,1.00000000e+07,9.42249237e+06,8.02801497e+17,4.37804738e+08,1.49858456e+33,2.87238181e+50
multi_density_jump,dg_1d,1.00000000e+07,9.42249237e+06,8.02801497e+17,5.29354624e+08,7.17944216e+32,2.01179685e+50
multi_density_jump,dg_1d,1.00000000e+07,9.42249237e+06,8.02801497e+17,6.40048621e+08,3.26949702e+32,1.33938946e+50
multi_density_jump,dg_1d,1.00000000e+07,9.42249237e+06,8.02801497e+17,7.73889975e+08,1.36641491e+32,8.18353671e+49
multi_density_jump,dg_1d,1.00000000e+07,9.42249237e+06,8.02801497e+17,9.35719058e+08,5.35730778e+31,4.69069881e+49
multi_density_jump,dg_1d,1.00000000e+07,9.42249237e+06,8.02801497e+17,1.13138842e+09,1.99142958e+31,2.54910904e+49
multi_density_jump,dg_1d,1.00000000e+07,9.42249237e+06,8.02801497e+17,1.36797444e+09,6.95018915e+30,1.30062648e+49
multi_density_jump,dg_1d,1.00000000e+07,9.42249237e+06,8.02801497e+17,1.65403326e+09,2.25086076e+30,6.15796345e+48
multi_density_jump,dg_1d,1.00000000e+07,9.42249237e+06,8.02801497e+17,1.99991019e+09,6.66949697e+29,2.66755920e+48
multi_density_jump,dg_1d,1.00000000e+07,9.42249237e+06,8.02801497e+17,2.41811387e+09,1.77764348e+29,1.03943697e+48
multi_density_jump,dg_1d,1.00000000e+07,9.42249237e+06,8.02801497e+17,2.92376863e+09,4.17532656e+28,3.56924577e+47
multi_density_jump,dg_1d,1.00000000e+07,9.42249237e+06,8.02801497e+17,3.53516149e+09,8.43067219e+27,1.05361202e+47
multi_density_jump,dg_1d,1.00000000e+07,9.42249237e+06,8.02801497e+17,4.27440345e+09,1.42016754e+27,2.59472064e+46
multi_density_jump,dg_1d,1.00000000e+07,9.42249237e+06,8.02801497e+17,5.16822921e+09,1.92473112e+26,5.14107098e+45
multi_density_jump,dg_1d,1.00000000e+07,9.42249237e+06,8.02801497e+17,6.24896397e+09,2.00857800e+25,7.84340685e+44
multi_density_jump,dg_1d,1.00000000e+07,9.42249237e+06,8.02801497e+17,7.55569251e+09,1.53044293e+24,8.73706746e+43
multi_density_jump,dg_1d,1.00000000e+07,9.42249237e+06,8.02801497e+17,9.13567266e+09,7.98393773e+22,6.66343554e+42
multi_density_jump,dg_1d,1.00000000e+07,9.42249237e+06,8.02801497e+17,1.10460444e+10,2.63796141e+21,3.21871117e+41
multi_density_jump,dg_1d,1.00000000e+07,9.42249237e+06,8.02801497e+17,1.33558963e+10,5.02383023e+19,8.96150668e+39
multi_density_jump,dg_1d,1.00000000e+07,9.42249237e+06,8.02801497e+17,1.61487642e+10,4.91991979e+17,1.28302940e+38
multi_density_jump,dg_1d,1.00000000e+07,9.42249237e+06,8.02801497e+17,1.95256522e+10,2.17179553e+15,8.27999418e+35
multi_density_jump,dg_1d,1.00000000e+07,9.42249237e+06,8.02801497e+17,2.36086853e+10,0.00000000e+00,0.00000000e+00
